kind,subject,session,file,q_no,answer
answer_text,Psychology,2023-24,Psychology-MS.md,5,Ritik uses imagery and imagination to reduce his stress levels. 1
answer_text,Psychology,2023-24,Psychology-MS.md,6,"In the question given below, there are two statements marked as Assertion (A) 1"
answer_text,Psychology,2023-24,Psychology-MS.md,7,"While passing through the streets on her way to the office every day, Jaya feels 1"
answer_text,Psychology,2023-24,Psychology-MS.md,8,Sonali spends hours reading about her favorite actor. She is preoccupied with 1
answer_text,Psychology,2023-24,Psychology-MS.md,13,"In the question given below, there are two statements marked as Assertion (A) 1"
answer_text,Psychology,2023-24,Psychology-MS.md,14,A collection of people present at a place by chance is called a 1
answer_text,Psychology,2023-24,Psychology-MS.md,15,Which of the following is not a feature of a formal group? 1
answer_text,Psychology,2023-24,Psychology-MS.md,16,How did Charles Spearman explain the concept of intelligence? 2
answer_text,Psychology,2023-24,Psychology-MS.md,21,Ivaan never paid heed to his mother's advice of doing physical exercise daily in 2
answer_text,Psychology,2023-24,Psychology-MS.md,22,Shamin is a spiritual leader who possesses a particular type of intelligence as 3
answer_text,Psychology,2023-24,Psychology-MS.md,23,Describe Selye's General Adaptation Syndrome (GAS). 3
answer_text,Psychology,2023-24,Psychology-MS.md,26,"Danish is trying to lose weight. During the festivities, he made sure not to eat 4"
answer_text,Psychology,2023-24,Psychology-MS.md,27,Describe the importance of the therapeutic relationship in the process of 4
answer_text,Psychology,2023-24,Psychology-MS.md,30,All of us go through anxiety at some point in our lives. At what stage does 6
answer_text,Psychology,2023-24,Psychology-MS.md,33,Identify and explain the source of prejudice which leads students to perform 1
answer_text,Psychology,2023-24,Psychology-MS.md,34,Explain the cognitive and behavioral components of the teachers’ attitude 2
mcq_key,Computer Science,2023-24,ComputerScience-MS.md,33,A
answer_text,Computer Science,2023-24,ComputerScience-MS.md,9,Option d 1 mark for 1
answer_text,Computer Science,2023-24,ComputerScience-MS.md,10,Option b 1 mark for 1
answer_text,Computer Science,2023-24,ComputerScience-MS.md,11,Option b 1 mark for 1
answer_text,Computer Science,2023-24,ComputerScience-MS.md,12,Option c 1 mark for 1
answer_text,Computer Science,2023-24,ComputerScience-MS.md,13,True 1 mark for 1
answer_text,Computer Science,2023-24,ComputerScience-MS.md,14,Option c 1 mark for 1
answer_text,Computer Science,2023-24,ComputerScience-MS.md,15,Circuit 1 mark for 1
answer_text,Computer Science,2023-24,ComputerScience-MS.md,16,Option c 1 mark for 1
answer_text,Computer Science,2023-24,ComputerScience-MS.md,17,Option d 1 mark for 1
answer_text,Computer Science,2023-24,ComputerScience-MS.md,26,ND-*34 ½ mark for 3
answer_text,Computer Science,2023-24,ComputerScience-MS.md,29,(i) 1 mark for 1*3=3
answer_text,Bharatnatyam,2023-24,Bharatnatyam-MS.md,11,The Pancha jaatis with their matras are:- 1. Tishra jaati - Ta Ki Ta 3 2
answer_text,Bharatnatyam,2023-24,Bharatnatyam-MS.md,12,Stylised Abhinaya can be done with the help of gestures is called 2
answer_text,Bharatnatyam,2023-24,Bharatnatyam-MS.md,13,Rukmani Devi Arundale was a reformer who was a Bharatanatyam 2
answer_text,Bharatnatyam,2023-24,Bharatnatyam-MS.md,14,"Abhinaya – “abhi” (towards), and “naya” (to carry), or to carry the 6"
mcq_key,Biotechnology,2023-24,Biotechnology-MS.md,21,A
mcq_key,Biotechnology,2023-24,Biotechnology-MS.md,24,A
mcq_key,Biotechnology,2023-24,Biotechnology-MS.md,31,A
answer_text,Biotechnology,2023-24,Biotechnology-MS.md,19,Preparation is time consuming/Requires use of live animal or fresh tissue/ Variations in 2
answer_text,Biotechnology,2023-24,Biotechnology-MS.md,20,FISH Karyotyping 2
answer_text,Biotechnology,2023-24,Biotechnology-MS.md,22,Replica plating. 3
answer_text,Biotechnology,2023-24,Biotechnology-MS.md,23,In Situ Activation means activation of zymogens at their site of activity in the presence of 3
answer_text,Biotechnology,2023-24,Biotechnology-MS.md,32,Steps of Protein Fingerprinting (5 Marks) 5
answer_text,Biotechnology,2023-24,Biotechnology-MS.md,33,MICROARRAY (1 Mark) 5
mcq_key,Business Studies,2023-24,BusinessStudies-MS.md,9,C
mcq_key,Business Studies,2023-24,BusinessStudies-MS.md,10,B
mcq_key,Business Studies,2023-24,BusinessStudies-MS.md,11,D
mcq_key,Business Studies,2023-24,BusinessStudies-MS.md,13,B
mcq_key,Business Studies,2023-24,BusinessStudies-MS.md,14,A
mcq_key,Business Studies,2023-24,BusinessStudies-MS.md,16,B
mcq_key,Business Studies,2023-24,BusinessStudies-MS.md,17,D
mcq_key,Business Studies,2023-24,BusinessStudies-MS.md,25,A
answer_text,Business Studies,2023-24,BusinessStudies-MS.md,30,Mr Aariketh Acharya has suggested capital budgeting decision. 1 mark for
answer_text,Business Studies,2023-24,BusinessStudies-MS.md,32,Steps in planning process
answer_text,Business Studies,2023-24,BusinessStudies-MS.md,34,Functional structure . Functional structure is an organisational design mark for
answer_text,Sanskrit Elective,2023-24,SanskritElective-MS.md,18,(अ) अधोणिणखतप्रश्नानाम् उत्तराणर् णिखत। (के विं प्रश्नत्रयम्) 1×3=3
answer_text,Sanskrit Elective,2023-24,SanskritElective-MS.md,19,(अ) अधोणिणखतप्रश्नानाम् उत्तराणर् णिखत। (के विं प्रश्नत्रयम्) 1×3=3
mcq_key,Legal Studies,2023-24,LegalStudies-MS.md,31,A
mcq_key,Legal Studies,2023-24,LegalStudies-MS.md,36,A
mcq_key,Legal Studies,2023-24,LegalStudies-MS.md,37,A
answer_text,Legal Studies,2023-24,LegalStudies-MS.md,14,"Answer: a. Both, A and R, are true and R is the correct explanation of A A 5A 1"
answer_text,Legal Studies,2023-24,LegalStudies-MS.md,15,Answer: c. Trademark A 3D 1
answer_text,Legal Studies,2023-24,LegalStudies-MS.md,16,Answer: b. Facilitative Mediation A 2 1
answer_text,Legal Studies,2023-24,LegalStudies-MS.md,17,Answer: d. Assertion (A) is false but Reason (R) is true AEC 5A 1
answer_text,Legal Studies,2023-24,LegalStudies-MS.md,18,Answer: d. State Bar Association AEC 7 1
answer_text,Legal Studies,2023-24,LegalStudies-MS.md,19,Answer: b. Santhanam committee A 2 1
answer_text,Legal Studies,2023-24,LegalStudies-MS.md,20,"Answer: c. No, intention and preparation alone do not give rise to any criminal liability. AEC 4C 1"
answer_text,Legal Studies,2023-24,LegalStudies-MS.md,21,Inquisitorial System. A 2 1+0.5+0.5
answer_text,Legal Studies,2023-24,LegalStudies-MS.md,22,"In the USA, law graduates need to meet all requirements, including writing the Bar A 7 1+1"
answer_text,Legal Studies,2023-24,LegalStudies-MS.md,25,Type- Lease A 3C 1+0.5+0.5
answer_text,Legal Studies,2023-24,LegalStudies-MS.md,26,Trade secrets can include a wide range of confidential information that is important for A 3C 1+1
answer_text,Legal Studies,2023-24,LegalStudies-MS.md,27,The Sustainable Development Goals (SDGs) and human rights are interlinked as over AEC 5A 1+1
answer_text,Legal Studies,2023-24,LegalStudies-MS.md,28,There are several advantages to operating as a Limited Liability Partnership (LLP). AEC 4B 1+1
answer_text,Legal Studies,2023-24,LegalStudies-MS.md,32,NCPCR stands for The National Commission for Protection of Child Rights U 5B 1+1+1
answer_text,Legal Studies,2023-24,LegalStudies-MS.md,35,Dying Declaration is a legal concept that refers to the statement which is made by a A 4C 1+1+1
answer_text,Legal Studies,2023-24,LegalStudies-MS.md,40,CONFESSION ADMISSION U 4C 1+1+1+1+
mcq_key,Assamese,2023-24,Assamese-MS.md,9,A
answer_text,Sindhi,2023-24,Sindhi-MS.md,5,I ‘प र जो दु न’ कहाणीअ जो लेखक जो नालो मोहन क ना आहे। 01 1x5=5
answer_text,Sindhi,2023-24,Sindhi-MS.md,6,I दीन या धम मज़मून म लेखक सचे धम जो म तलबु स मझायो आहे ऐ ं 02 2x5=10
answer_text,Sindhi,2023-24,Sindhi-MS.md,8,I ‘अमन जा आसार’ क वता म शाइर भारत ऐ ं उनजे पाड़े सर मु न जे 03 3x3=9
mcq_key,Engg Graphics,2023-24,EnggGraphics-MS.md,21,A
answer_text,Informatics Practices,2023-24,InformaticsPractices-MS.md,19,Web server: A web server is used to store and deliver the contents of a website 2
answer_text,Hindustani Melodic,2023-24,HindustaniMelodic-MS.md,14,"Description of Raga Malkauns and writing of Sthai, Antara with bol in 6"
answer_text,Hindustani Melodic,2023-24,HindustaniMelodic-MS.md,15,Explain the concept of Time theory at present in detail. 6
answer_text,Kokborok,2023-24,Kokborok_MS.md,9,I)l¡jL¡e¡C p±Pj¤P¢e LLh±a¡Pe p¡j¡¢e ELmN' a¡j' 1+4 = 5
mcq_key,Maths,2023-24,Maths-MS.md,8,A
mcq_key,Maths,2023-24,Maths-MS.md,9,B
mcq_key,Maths,2023-24,Maths-MS.md,10,B
mcq_key,Maths,2023-24,Maths-MS.md,11,C
mcq_key,Maths,2023-24,Maths-MS.md,12,B
mcq_key,Maths,2023-24,Maths-MS.md,13,D
mcq_key,Maths,2023-24,Maths-MS.md,14,D
mcq_key,Maths,2023-24,Maths-MS.md,18,D
mcq_key,Maths,2023-24,Maths-MS.md,19,A
mcq_key,Maths,2023-24,Maths-MS.md,20,D
answer_text,Maths,2023-24,Maths-MS.md,30,The feasible region determined by the
answer_text,Maths,2023-24,Maths-MS.md,35,"Let P 1,6,3  be the given point, and let ' L ' be the foot of the perpendicular from ' P ' to the"
answer_text,Painting,2023-24,Painting-MS.md,15,"Describing the continuous growth, Origin and Development in Rajasthani 6"
mcq_key,Biology,2023-24,Biology-MS.md,20,A
mcq_key,Biology,2023-24,Biology-MS.md,22,A
mcq_key,Biology,2023-24,Biology-MS.md,27,A
mcq_key,Biology,2023-24,Biology-MS.md,29,A
mcq_key,Biology,2023-24,Biology-MS.md,30,A
answer_text,Biology,2023-24,Biology-MS.md,19,"On administration of the first dose of the vaccine (L), the body shows a response of low 2"
answer_text,Biology,2023-24,Biology-MS.md,23,The embryo with 8 to 16 blastomeres is called a morula. 3
answer_text,Biology,2023-24,Biology-MS.md,28,Prokaryotic organisms’ diversity is not given any figures by ecologist because of following reasons. 3
answer_text,Hindustani Percussion,2023-24,HindustaniPercussion-MS.md,13,"The candidate is expected to explain term of Tihai with bols, matra,tali, 2"
answer_text,Hindustani Percussion,2023-24,HindustaniPercussion-MS.md,14,The candidate is expected to developed composition based on bols of 6
answer_text,Hindustani Percussion,2023-24,HindustaniPercussion-MS.md,15,The candidate is expected to explain about origin of Tabla based on 6
answer_text,English Elective,2023-24,EnglishElective-MS.md,2,"Based on your understanding of the poem, answer FOUR of five given 4"
answer_text,English Elective,2023-24,EnglishElective-MS.md,6,The marks may be divided as 5
answer_text,English Elective,2023-24,EnglishElective-MS.md,11,Suggestive Responses 2
answer_text,English Elective,2023-24,EnglishElective-MS.md,12,Suggestive Responses 3
answer_text,Arabic,2023-24,Arabic-MS.md,4,Essay writing in Arabic on a given topic in about 100 3+1+1=05
answer_text,Arabic,2023-24,Arabic-MS.md,5,"Definition and explanation of ‫المزكة العذدي‬, with suitable 6+4=10"
answer_text,Arabic,2023-24,Arabic-MS.md,6,Selection of right answers from multiple options. 1X5=5
answer_text,Arabic,2023-24,Arabic-MS.md,7,Selection of right answers from multiple options. 1X5=5
answer_text,Arabic,2023-24,Arabic-MS.md,8,Translation of any two text passages 2X7= 14
answer_text,Arabic,2023-24,Arabic-MS.md,9,Putting vowel points on a passage. 1+4=5
answer_text,Arabic,2023-24,Arabic-MS.md,10,Selection of suitable answers from multiple choices given 1X6=6
answer_text,Arabic,2023-24,Arabic-MS.md,11,Poetry: explanation of any four verses. 4+2=6
answer_text,Arabic,2023-24,Arabic-MS.md,15,Selection of suitable answers from multiple choices given 1X4=4
answer_text,Tangkhul,2023-24,Tangkhul-MS.md,25,"Rai kapinga Longpi Maringthei hi nganuilakha eina pheipang laplap,"
answer_text,Manipuri Dance,2023-24,ManipuriDance-MS.md,11,Sankirtana is form of song or chanting that praises God and is 2
answer_text,Manipuri Dance,2023-24,ManipuriDance-MS.md,12,"Khamba Thoibi Jagoi is a folk dance of Moirang, an ancient kingdom of 2"
answer_text,Manipuri Dance,2023-24,ManipuriDance-MS.md,13,It was in the reign of King Bhagyachandra that the popular Rasleela 2
answer_text,Manipuri Dance,2023-24,ManipuriDance-MS.md,14,There are 66 Naga tribes in Manipur residing mostly in the surrounding 6
answer_text,Manipuri Dance,2023-24,ManipuriDance-MS.md,15,Since Sankirtan is religious performance of Bhakti the performers wear 6
answer_text,Manipuri Dance,2023-24,ManipuriDance-MS.md,16,The poetry used in Manipuri dance is mainly taken from the classical 6
answer_text,Kathakali,2023-24,Kathakali-MS.md,11,Attakadha is the technical term for Kathakali play text. The format for an 2
answer_text,Kathakali,2023-24,Kathakali-MS.md,12,"Keechakavadham, Uttara Swayamvaram, Dakshayagam. 2"
answer_text,Kathakali,2023-24,Kathakali-MS.md,13,"Bharatanatyam, Mohiniyattam, Kathakali, Kuchipudi, Manipuri, Odissi, 2"
answer_text,Kathakali,2023-24,Kathakali-MS.md,14,The four types of Abhinayas in Kathakali are; 6
answer_text,Kathakali,2023-24,Kathakali-MS.md,16,In Kathakali 'Aharyaabhinaya' is taken very seriously. The elaborate 6
mcq_key,Physcal Education,2023-24,PhyscalEducation-MS.md,33,A
answer_text,Carnatic Music Percussion,2023-24,CarnaticMusicPercussion-MS.md,13,Disparity between Jati and gati are expected in simple words 2
answer_text,Carnatic Music Percussion,2023-24,CarnaticMusicPercussion-MS.md,14,Candidates have to notate Korvai set to Triputa Tala. 6
answer_text,Carnatic Music Percussion,2023-24,CarnaticMusicPercussion-MS.md,15,Candidates need to write life sketch and contribution of Palaghat Mani 6
answer_text,Carnatic Music Melodic Instrument,2023-24,CarnaticMusicMelodicInstrument-MS.md,13,Candidates need to give any 4 Popular compositions of Maharaja Swati 2
answer_text,Carnatic Music Melodic Instrument,2023-24,CarnaticMusicMelodicInstrument-MS.md,14,Candidates need to explain the parts of musical instrument with the help 6
answer_text,Carnatic Music Melodic Instrument,2023-24,CarnaticMusicMelodicInstrument-MS.md,15,Candidate need to notate any simple kirtana of their choice. 6
mcq_key,Home Science,2023-24,HomeScience-MS.md,30,A
mcq_key,Home Science,2023-24,HomeScience-MS.md,33,A
mcq_key,Home Science,2023-24,HomeScience-MS.md,34,A
answer_text,Home Science,2023-24,HomeScience-MS.md,20,Four stages of guest cycle- ½X4=2
answer_text,Home Science,2023-24,HomeScience-MS.md,21,Four objectives of diet therapy are- ½X4=2
answer_text,Home Science,2023-24,HomeScience-MS.md,22,Two reasons why analytical capability is required for fashion 1X2=2
answer_text,Home Science,2023-24,HomeScience-MS.md,27,Development Communication- 1+2=3
answer_text,Home Science,2023-24,HomeScience-MS.md,31,Two ways of creating balance- 2+2=4
answer_text,English Core,2023-24,EnglishCore-MS.md,2,Case-based factual passage 10 m
answer_text,English Core,2023-24,EnglishCore-MS.md,9,Prose -Flamingo
mcq_key,Physics,2023-24,Physics-MS.md,26,A
mcq_key,Physics,2023-24,Physics-MS.md,27,A
answer_text,Physics,2023-24,Physics-MS.md,18,"As λ = h / mv , v= h /mλ -----------------(i) 1/2M"
answer_text,Physics,2023-24,Physics-MS.md,19,"Here angle of prism A = 60°, angle of incidence i = angle of emergence e and"
answer_text,Physics,2023-24,Physics-MS.md,20,"Given: V=230 V, I0= 3.2A, I=2.8A, 𝑇0 =27 0C, α=1.70 × 10–4 °C–1."
answer_text,Physics,2023-24,Physics-MS.md,21,Let d be the least distance between object and image for a real image formation.
answer_text,Physics,2023-24,Physics-MS.md,30,(i) a (ii) b (iii) b (iv) d OR c
answer_text,Physics,2023-24,Physics-MS.md,31,i. DIAGRAM/S : 1M
answer_text,Physics,2023-24,Physics-MS.md,32,(i) Derivation of the expression for the capacitance 2M
answer_text,ODIA,2023-24,ODIA-MS.md,7,GK_\ùe _âKûg Ke ö 3x1=3
answer_text,KTPI,2023-24,KTPI-hi-MS.md,3,Match the items in Column A with that of Column B. 1 A
answer_text,KTPI,2023-24,KTPI-hi-MS.md,17,Qlyksa ij dqukityk dk ç;ksx vHkh Hkh fdlkuksa }kjk fd;k tkrk gSA dkj.k 2 A
answer_text,KTPI,2023-24,KTPI-hi-MS.md,20,Hkkjr esa orZeku fLFkfr esa ik;jksVsfDud i)fr dks dSls ykxw fd;k tk ldrk 2 B
answer_text,Carnatic Music Vocal,2023-24,CarnaticMusicVocal-MS.md,14,Notation of any simple kirtana is expected. 6
answer_text,Carnatic Music Vocal,2023-24,CarnaticMusicVocal-MS.md,15,Candidate have to give a brief life sketch and contribution of patanam 6
mcq_key,Lepcha,2023-24,Lepcha-MS.md,1,A
answer_text,Lepcha,2023-24,Lepcha-MS.md,11,Thongoam Kat Nahan:
answer_text,Lepcha,2023-24,Lepcha-MS.md,13,Precise Writing
answer_text,Lepcha,2023-24,Lepcha-MS.md,14,Letter writing (Formal/Informal)
answer_text,History Hindi,2023-24,HistoryHindi-MS.md,34,(34.1) भारि के तिए गए राजनीतिक रे खा मानतित्र पर तनम्नतलखखि को उपयुक्त तिह्ों 1+1+1=3
mcq_key,Economics,2023-24,Economics-MS.md,14,A
mcq_key,Economics,2023-24,Economics-MS.md,16,A
mcq_key,Economics,2023-24,Economics-MS.md,28,A
mcq_key,Economics,2023-24,Economics-MS.md,31,A
answer_text,Economics,2023-24,Economics-MS.md,13,"Given, Change in Investment (I) = ₹ 1,000 crore"
answer_text,Economics,2023-24,Economics-MS.md,15,Central bank accepts the deposits from commercialbanks andalsoadvances loans
answer_text,Economics,2023-24,Economics-MS.md,29,On-the-job trainings have become an integral part of work environment in the recent
answer_text,Economics,2023-24,Economics-MS.md,30,China is the most populous country in the world. Its annual population growth rate was
answer_text,Economics,2023-24,Economics-MS.md,32,The given image depicts the drift of the Indian workforce from the formal sector to the
mcq_key,Spanish,2023-24,Spanish-MS.md,5,A
mcq_key,Spanish,2023-24,Spanish-MS.md,6,A
mcq_key,Spanish,2023-24,Spanish-MS.md,7,A
mcq_key,Spanish,2023-24,Spanish-MS.md,8,A
mcq_key,Spanish,2023-24,Spanish-MS.md,12,A
answer_text,Spanish,2023-24,Spanish-MS.md,9,Paragraph writing on the topic:
answer_text,Spanish,2023-24,Spanish-MS.md,10,Paragraph writing on one of the topics:
answer_text,Spanish,2023-24,Spanish-MS.md,11,The questions are open ended and it is expected that the students respond
answer_text,Kuchipudi,2023-24,Kuchipudi-MS.md,14,Abhiarika is that woman who hastens to the plea of tryst due to love or 6
answer_text,Kuchipudi,2023-24,Kuchipudi-MS.md,15,"According to legends, the founder of Kuchipudi dance-drama tradition is 6"
answer_text,Geography,2023-24,Geography-MS.md,14,Ans. C to provide drinking water 1
answer_text,Geography,2023-24,Geography-MS.md,15,Ans. A Birth Rate – Death Rate 1
answer_text,Geography,2023-24,Geography-MS.md,16,Ans. B Shift from Rural Agrarian economy to Urban Industrial economy 1
answer_text,Geography,2023-24,Geography-MS.md,17,Ans. A. High Birth Rate and High Death Rate 1
answer_text,Geography,2023-24,Geography-MS.md,18,"ANS.1- Rural and urban settlements differ in terms of social relationship, 3"
answer_text,Geography,2023-24,Geography-MS.md,29,"On the given political map of the world, the following seven features 5"
answer_text,Geography,2023-24,Geography-MS.md,30,Locate and label any five of the following Geographical features on the 5
answer_text,Geography,2023-24,Geography-MS.md,2,Cities act as nodes of economic growth; provide goods and services
answer_text,Geography,2023-24,Geography-MS.md,3,"Rural people are less mobile and therefore, social relations among"
mcq_key,Chemistry,2023-24,Chemistry-MS.md,19,A
mcq_key,Chemistry,2023-24,Chemistry-MS.md,20,A
mcq_key,Chemistry,2023-24,Chemistry-MS.md,21,A
mcq_key,Chemistry,2023-24,Chemistry-MS.md,29,A
mcq_key,Chemistry,2023-24,Chemistry-MS.md,30,A
mcq_key,Chemistry,2023-24,Chemistry-MS.md,32,A
answer_text,Odissi,2023-24,Odissi-MS.md,12,"The dance performed by lord Shiva is known as Tandav, which depicts 2"
answer_text,Odissi,2023-24,Odissi-MS.md,13,The term Abhinaya is derived from Bharat Muni’s Natyashtra. It is the 2
answer_text,Odissi,2023-24,Odissi-MS.md,14,Abhinaya Chandrika is an ancient text of 17th century. It is one of the
answer_text,Odissi,2023-24,Odissi-MS.md,15,Odissi Aharya is unique among other classical dances as silver or white
answer_text,Odissi,2023-24,Odissi-MS.md,16,"Late Guru Pankaj Charan Das (1919- 2003) is known as Adi Guru, the"
answer_text,KTPI,2023-24,KTPI-MS.md,2,Identify the correct statement which deals with various 1 CH 4- A
answer_text,KTPI,2023-24,KTPI-MS.md,3,Match the items in Column A with that of Column B. 1 CH 5-Ethics A
answer_text,KTPI,2023-24,KTPI-MS.md,4,Study the picture and answer the question that follows: 1 CH 6-Martial A
answer_text,KTPI,2023-24,KTPI-MS.md,8,Silambam was originally practiced with bamboo sticks and 1 CH 6-Martial C
answer_text,KTPI,2023-24,KTPI-MS.md,9,There are two statements marked as Assertion (A) and a 1 CH 1- C
answer_text,KTPI,2023-24,KTPI-MS.md,10,There are two statements marked as Assertion (A) and a 1 CH 4- C
answer_text,KTPI,2023-24,KTPI-MS.md,15,Study the following picture and the textual description given 1 CH 8-Other B
answer_text,KTPI,2023-24,KTPI-MS.md,17,The application of kunapajala on crops is still practised by 2 CH1- A
answer_text,KTPI,2023-24,KTPI-MS.md,18,Truthfulness and humility are ethics. Justify your stand with 2 CH 5-Ethics A
answer_text,KTPI,2023-24,KTPI-MS.md,19,In what ways does the study of Dhanurveda have modern 2 CH6-Martial B
answer_text,KTPI,2023-24,KTPI-MS.md,24,The martial arts apart from being sources of popular 5 CH6-Martial A
answer_text,KTPI,2023-24,KTPI-MS.md,31,Text material: 3 CH1- D
mcq_key,Manipuri,2023-24,Manipuri-MS.md,24,A
mcq_key,Manipuri,2023-24,Manipuri-MS.md,25,A
mcq_key,Manipuri,2023-24,Manipuri-MS.md,26,A
answer_text,Manipuri,2023-24,Manipuri-MS.md,22,(i) waIHO sgoL haIrg mkoKt zarubaK pudun za yoNnnb hoTnrib mEtE 2X2=4
mcq_key,Entrepreneurship,2023-24,Entrepreneurship-MS.md,21,A
answer_text,Entrepreneurship,2023-24,Entrepreneurship-MS.md,19,It should clearly state the problem 2
answer_text,Entrepreneurship,2023-24,Entrepreneurship-MS.md,27,Advantages of cost plus pricing 3
answer_text,Entrepreneurship,2023-24,Entrepreneurship-MS.md,28,It is actually a blue print prepared right in advance of actual operations — 3
answer_text,Entrepreneurship,2023-24,Entrepreneurship-MS.md,31,Seed capital finance: 5
answer_text,Entrepreneurship,2023-24,Entrepreneurship-MS.md,34,Financial Plan. Components of financial plan 5
answer_text,Kathak,2023-24,Kathak-MS.md,13,After sam at the time of exhibiting division when a clap is given then it is 2
answer_text,Kathak,2023-24,Kathak-MS.md,14,Hundreds of years ago on the eastern coast of India there was a tradition 6
answer_text,Kathak,2023-24,Kathak-MS.md,15,Dhata kathun ga_ dhage / dhige ta_ dhadhet ta_ /dhetta kiredha takka 6
mcq_key,NCC,2023-24,NCC-MS.md,20,A
answer_text,NCC,2023-24,NCC-MS.md,4,International Red Cross and Red Crescent Movement are the world‟s 2
answer_text,NCC,2023-24,NCC-MS.md,6,"The collection, transport, processing or disposal, management and 2"
answer_text,NCC,2023-24,NCC-MS.md,12,"Every nation, with whatever form of government, has certain political, 4"
answer_text,NCC,2023-24,NCC-MS.md,18,"Cardinal points: North, South, East and West are known as the cardinal 2"
answer_text,NCC,2023-24,NCC-MS.md,19,Sailing rules are commonly known as “rules of the road”. There are 2
answer_text,NCC,2023-24,NCC-MS.md,16,The four basic elements required in a map are: 2
answer_text,Pol Sci,2023-24,PolSci-MS.md,5,Match the List I with the List II 1
answer_text,Pol Sci,2023-24,PolSci-MS.md,6,"In the following question, a statement of Assertion (A) is 1"
answer_text,Pol Sci,2023-24,PolSci-MS.md,7,Name the founder President of ‘Congress Socialist Party’. 1
answer_text,Pol Sci,2023-24,PolSci-MS.md,8,"After Independence, the first Lok Sabha elections had to 1"
answer_text,Pol Sci,2023-24,PolSci-MS.md,13,Highlight any two features of Indo-Bhutan relationship. 2x1=2
answer_text,Pol Sci,2023-24,PolSci-MS.md,14,Analyse any two components of India’s security strategy. 2x1=2.
answer_text,Pol Sci,2023-24,PolSci-MS.md,15,State any two differences between the First Five Year Plan 2 Politics in India
answer_text,Pol Sci,2023-24,PolSci-MS.md,19,Describe any four features of India’s Nuclear 4
answer_text,Pol Sci,2023-24,PolSci-MS.md,20,Discuss the developments that escalated the crisis within 4
answer_text,Pol Sci,2023-24,PolSci-MS.md,25,"In the given outline political map of India, four states have 1+1+1"
answer_text,Pol Sci,2023-24,PolSci-MS.md,26,Study the given Cartoon and answer the questions that 1+1+2
answer_text,Pol Sci,2023-24,PolSci-MS.md,29,Explain any three challenges faced by India at the time of 2+2+2
answer_text,Scluputre,2023-24,Scluputre-MS.md,10,"Artist, Sub School/ Time Period and Medium and Technique – 1 Mark 2"
answer_text,Scluputre,2023-24,Scluputre-MS.md,15,"Describing the continuous growth, origin and development in Mughal 6"
answer_text,Sociology,2023-24,Sociology-MS.md,4,Which of the following reasons are responsible for the invisibility of 1(U)
answer_text,Sociology,2023-24,Sociology-MS.md,6,In which ways Adivasis struggles are different from Dalit struggle? 1(U)
answer_text,Sociology,2023-24,Sociology-MS.md,7,"Stereotypes fix whole groups into single_______ categories, they 1(A)"
answer_text,Sociology,2023-24,Sociology-MS.md,11,Policies promoting integration involve- 1(A)
answer_text,Sociology,2023-24,Sociology-MS.md,12,Assertion (A): Urbanisation in the colonial period saw the formation 1(A)
answer_text,Sociology,2023-24,Sociology-MS.md,13,Assertion (A): The impact of Sanskritisation is many sided. 1(A)
answer_text,Sociology,2023-24,Sociology-MS.md,14,Major difference between developing and developed countries is in 1(U)
answer_text,Sociology,2023-24,Sociology-MS.md,18,Many of our cultural practices and patterns can be traced to our 2(U)
answer_text,Sociology,2023-24,Sociology-MS.md,19,"Using an example, describe adivasis internal colonialism. 2(A)"
answer_text,Sociology,2023-24,Sociology-MS.md,20,With an example show how being a minority group can be 2(U)
answer_text,Sociology,2023-24,Sociology-MS.md,21,The 1989 Prevention of Atrocities Act revised and strengthened the 2(A)
answer_text,Sociology,2023-24,Sociology-MS.md,25,In what ways have social movements shaped the world we live and 2(U)
answer_text,Sociology,2023-24,Sociology-MS.md,26,Kumudtai’s journey into Sanskrit began with great interest and 4(U)
answer_text,Sociology,2023-24,Sociology-MS.md,35,What changes did globalization and liberalization introduce in the 6(U)
mcq_key,Telugu Telangana,2023-24,TeluguTelangana-MS.md,2,A
mcq_key,Telugu Telangana,2023-24,TeluguTelangana-MS.md,4,A
answer_text,Psychology,2022-23,Psychology-MS.md,21,State any two ethical standards that need to be practiced by professional psychotherapists. 2
answer_text,Psychology,2022-23,Psychology-MS.md,29,"Mother Teresa believed that she had a mission to fulfil and did what came natural to her, 4"
mcq_key,Computer Science,2022-23,ComputerScience-MS.md,32,A
mcq_key,Computer Science,2022-23,ComputerScience-MS.md,21,A
answer_text,Computer Science,2022-23,ComputerScience-MS.md,5,Select the correct output of the code: 1
answer_text,Computer Science,2022-23,ComputerScience-MS.md,6,Which of the following mode in file opening statement results or generates an 1
answer_text,Computer Science,2022-23,ComputerScience-MS.md,7,Fill in the blank: 1
answer_text,Computer Science,2022-23,ComputerScience-MS.md,8,Which of the following commands will delete the table from MYSQL 1
answer_text,Computer Science,2022-23,ComputerScience-MS.md,9,Which of the following statement(s) would give an error after executing the 1
answer_text,Computer Science,2022-23,ComputerScience-MS.md,3,Since JOB has 2 NULL values
answer_text,Computer Science,2022-23,ComputerScience-MS.md,103,( ½ mark for the correct output)
answer_text,Computer Science,2022-23,ComputerScience-MS.md,1,Arunan 34 Computer Sc 2019-01-10 12000 M
answer_text,Computer Science,2022-23,ComputerScience-MS.md,2,Saman 31 History 2017-03-24 20000 F
answer_text,Computer Science,2022-23,ComputerScience-MS.md,4,Samira 35 History 2018-07-01 40000 F
mcq_key,Biotechnology,2022-23,Biotechnology-MS.md,22,A
mcq_key,Biotechnology,2022-23,Biotechnology-MS.md,29,A
mcq_key,Biotechnology,2022-23,Biotechnology-MS.md,33,A
mcq_key,Biotechnology,2022-23,Biotechnology-MS.md,16,A
mcq_key,Biotechnology,2022-23,Biotechnology-MS.md,30,A
answer_text,Biotechnology,2022-23,Biotechnology-MS.md,17,Tissue Plasminogen Activator (tPA)
mcq_key,Business Studies,2022-23,BusinessStudies-MS.md,18,A
answer_text,Business Studies,2022-23,BusinessStudies-MS.md,21,The process by which a manager synchronizes the activities of different 1
answer_text,Business Studies,2022-23,BusinessStudies-MS.md,25,"(i) Training is a systematic learning,"
answer_text,Business Studies,2022-23,BusinessStudies-MS.md,32,Steps in the process of planning to be followed by a manager before (2X3=6)
answer_text,Business Studies,2022-23,BusinessStudies-MS.md,34,"Functions of marketing, apart from the ones Choco Ltd is already performing: (1½ X 4 =6)"
answer_text,Sanskrit Elective,2022-23,SanskritElective-MS.md,19,(अ) अधोणिणखतप्रश्नानाम् उत्तराणर् णिखत। (के विं प्रश्नत्रयम्) 1×3=3
answer_text,Legal Studies,2022-23,LegalStudies-MS.md,5,"Rohit, aged 13 years and Kartik, aged 20 years entered into a sale agreement wherein 1"
answer_text,Legal Studies,2022-23,LegalStudies-MS.md,6,Assertion(A): The salaries and allowances of judges are fixed and not subject to vote 1
answer_text,Legal Studies,2022-23,LegalStudies-MS.md,10,International law is based on consent-based governance as states are not obliged to 1
answer_text,Legal Studies,2022-23,LegalStudies-MS.md,11,Statement 1 : The intentional tort of battery occurs when the defendant causes the 1
answer_text,Legal Studies,2022-23,LegalStudies-MS.md,12,Which court in India can designate an advocate as a Senior Advocate? 1
answer_text,Legal Studies,2022-23,LegalStudies-MS.md,13,"Jatin, a resident of Sompur was visiting the neighbouring city of Malikgarh, where he 1"
answer_text,Legal Studies,2022-23,LegalStudies-MS.md,14,Assertion (A): When the defendant carries out or keeps an unusually hazardous situation 1
answer_text,Legal Studies,2022-23,LegalStudies-MS.md,17,What is the first step in the formation of a contract? 1
answer_text,Legal Studies,2022-23,LegalStudies-MS.md,18,When is the communication of offer complete? 1
answer_text,Legal Studies,2022-23,LegalStudies-MS.md,19,What happens when an offer is accepted? 1
answer_text,Legal Studies,2022-23,LegalStudies-MS.md,20,How is this judgement contradictory to the Carlill v. Carbolic Smokeball Company 1
answer_text,Legal Studies,2022-23,LegalStudies-MS.md,21,Neha and Rani are good friends and have also completed a degree in law. As fresh 2
answer_text,Legal Studies,2022-23,LegalStudies-MS.md,25,India is expected to liberalise the legal sector under the General Agreement on Trade and 2
answer_text,Legal Studies,2022-23,LegalStudies-MS.md,26,How has the Judiciary limited the power conferred on the Parliament by Article 368 of 2
answer_text,Legal Studies,2022-23,LegalStudies-MS.md,28,The constant tussle between the executive and judiciary over the appointment of judges 2
answer_text,Legal Studies,2022-23,LegalStudies-MS.md,32,"In the given scenarios, how can international law be applied in domestic legislation in 3"
answer_text,Legal Studies,2022-23,LegalStudies-MS.md,33,Article 21 of the Indian Constitution provides that a person can be deprived of his or 3
answer_text,Legal Studies,2022-23,LegalStudies-MS.md,36,Explain legal aid in context of social justice and human rights in India. 3
answer_text,Legal Studies,2022-23,LegalStudies-MS.md,37,A matter relating to right to fisheries over high seas arose between two neighboring 5
answer_text,Legal Studies,2022-23,LegalStudies-MS.md,39,In Konkan Railways Corp. Ltd. v. Mehul Construction Co. the Hon’ble Supreme Court 5
answer_text,Legal Studies,2022-23,LegalStudies-MS.md,40,Explain the objectives that are widely accepted for enforcement of criminal law. 5
mcq_key,Engg Graphics,2022-23,EnggGraphics-MS.md,21,A
answer_text,Tamil,2022-23,Tamil-MS.md,2,A.ெின்வரும் உறரநறடப் ெகுதிறைப் ெடித்துக் பகாடுக்கப்ெட்ட ெலவுள்
answer_text,Informatics Practices,2022-23,InformaticsPractices-MS.md,19,Web Page: A Web Page is a part of a website and is commonly written 2
answer_text,Informatics Practices,2022-23,InformaticsPractices-MS.md,20,The problem with the given SQL query is that WHERE clause should not be 2
answer_text,Hindustani Melodic,2022-23,HindustaniMelodic-MS.md,9,Definition of Grams and its varieties and specialties. 2
answer_text,Hindustani Melodic,2022-23,HindustaniMelodic-MS.md,10,"Meaning of Zamzama, description and usage with examples in Raga. 2"
answer_text,Hindustani Melodic,2022-23,HindustaniMelodic-MS.md,11,"The candidate is expected to write about Allaudin Khan’s life, education, Gharana, style, 2"
answer_text,Hindustani Melodic,2022-23,HindustaniMelodic-MS.md,12,Different parts of instruments involved in tuning the wires and process of Tuning main 2
answer_text,Hindustani Melodic,2022-23,HindustaniMelodic-MS.md,13,Recognizing Rag Bageshri and elaborating Chalan of Bageshri upto 50 swaras. 2
answer_text,Hindustani Melodic,2022-23,HindustaniMelodic-MS.md,14,The candidate is expected to write the notation of Maseet Khani Gat in Teental with Tala 6
answer_text,Hindustani Melodic,2022-23,HindustaniMelodic-MS.md,15,"The candidate is expected to write the notation of Razakhani Gat in Teental with Tala, 6"
answer_text,Hindustani Melodic,2022-23,HindustaniMelodic-MS.md,16,"Write in Tala Notation with Matra, Vibhag, Tali, Khali, signs with bols in Jhaptal with Thah 6"
answer_text,Hindi Core,2022-23,HindiCore-MS.md,3,(i) (क) तारत ता 1
answer_text,Hindi Core,2022-23,HindiCore-MS.md,5,(i) (ख) सू और संपूण 1
answer_text,Hindi Core,2022-23,HindiCore-MS.md,6,(i) (ग) पीढ़ी अं तराल 1
answer_text,Hindi Core,2022-23,HindiCore-MS.md,10,(क)  किव का सांसा रक किठनाइयों से जू झने पर भी इस जीवन (3×2=6)
answer_text,Hindi Core,2022-23,HindiCore-MS.md,11,(क)  ब ों को पतं ग का ब त ि य होना (2×2=4)
answer_text,Kokborok,2022-23,Kokborok_MS.md,10,"Eq|I ffi isqE""Fr aq FfR'Er&s ffi : (l+4)xl:5"
mcq_key,Maths,2022-23,Maths-MS.md,16,A
mcq_key,Maths,2022-23,Maths-MS.md,17,B
mcq_key,Maths,2022-23,Maths-MS.md,18,B
mcq_key,Maths,2022-23,Maths-MS.md,19,C
mcq_key,Maths,2022-23,Maths-MS.md,20,A
answer_text,Maths,2022-23,Maths-MS.md,22,Let AB represent the height of the street light from the ground. At
answer_text,Maths,2022-23,Maths-MS.md,27,P(not obtaining an odd person in a single round) = P(All three of
answer_text,Maths,2022-23,Maths-MS.md,28,Let I = ∫ =∫
answer_text,Maths,2022-23,Maths-MS.md,30,We have Z= 400x +300y subject to
answer_text,Maths,2022-23,Maths-MS.md,34,The given lines are non-parallel lines. There is a unique line-
answer_text,Nepalese,2022-23,Nepalese-MS.md,17,I. यहाँ ‘ऋतुिाज’ भनेि कसलार्ा भवनएको छ?
answer_text,Nepalese,2022-23,Nepalese-MS.md,18,I. कसको घिमा श्रीसम्पविको नाउँ मा एकसिो ओड़्ने ओछ्यानेमात्र धथयो?
mcq_key,Biology,2022-23,Biology-MS.md,19,A
mcq_key,Biology,2022-23,Biology-MS.md,20,A
mcq_key,Biology,2022-23,Biology-MS.md,21,A
mcq_key,Biology,2022-23,Biology-MS.md,33,A
answer_text,Biology,2022-23,Biology-MS.md,26,"An antibody molecule consists of four polypeptide chains, two are long 3"
answer_text,History,2022-23,History-MS.md,1,Identify the ruler of the Satvahana dynasty with the help of following 1
answer_text,History,2022-23,History-MS.md,2,Who among the following had issued the first gold coins in the first century 1
answer_text,History,2022-23,History-MS.md,7,Which one among the following dynasties built the Hiriya canal? 1
answer_text,History,2022-23,History-MS.md,8,Fill in the blank : 1
answer_text,History,2022-23,History-MS.md,9,Find out the correct chronological order of ‘the Chishti Silsila’ from the 1
answer_text,History,2022-23,History-MS.md,14,Consider the following statements and select the correct from the 1
answer_text,History,2022-23,History-MS.md,15,From which of the following regions Ahom rulers belonged to? 1
answer_text,History,2022-23,History-MS.md,16,Which one of the following metallic coins was more prevalent during the 1
answer_text,History,2022-23,History-MS.md,17,Who among the following Introduced Permanent Settlement in Bengal? 1
answer_text,History,2022-23,History-MS.md,24,Analyze the concept of the Asiatic mode of production as stated by 3
answer_text,History,2022-23,History-MS.md,28,Describe the familial relationship observed during Mahabharat era. 8
answer_text,History,2022-23,History-MS.md,29,Analyze the importance and limitations of Ain-i-Akbari as a source 4
answer_text,History,2022-23,History-MS.md,32,Read the following source carefully and answer the questions that follow: 4
answer_text,History,2022-23,History-MS.md,33,Read the following source carefully and answer the questions that follow: 4
answer_text,History,2022-23,History-MS.md,34,"(34.1) On the given political map of India, locate and label the following with"
answer_text,Arabic,2022-23,Arabic-MS.md,4,Essay writing in Arabic on a given topic in about 100 3+1+1=05
answer_text,Arabic,2022-23,Arabic-MS.md,5,Selection of right answers from multiple options. 1X5=5
answer_text,Arabic,2022-23,Arabic-MS.md,6,Selection of right answers from multiple options. 1X5=5
answer_text,Arabic,2022-23,Arabic-MS.md,7,"Explanation of ‫ العدد والمعدود‬from 1-10, with suitable 2+3= 5"
answer_text,Arabic,2022-23,Arabic-MS.md,8,Selection of suitable answers from multiple choices given 1X7=7
answer_text,Arabic,2022-23,Arabic-MS.md,9,Selection of suitable answers from multiple choices given 1X3=3
answer_text,Arabic,2022-23,Arabic-MS.md,10,Translation of any two text passages 6+6+2+2=16
answer_text,Arabic,2022-23,Arabic-MS.md,11,Putting vowel points on a passage. 1+3=4
answer_text,Arabic,2022-23,Arabic-MS.md,12,Poetry: explanation of any four verses. 8+2=10
answer_text,Manipuri Dance,2022-23,ManipuriDance-MS.md,11,Chali or Chari is the basic dance movement in Manipuri Raas dances. 2
answer_text,Manipuri Dance,2022-23,ManipuriDance-MS.md,12,"Khamba Thoibi Jagoi is a folk dance of Moirang, an ancient kingdom of 2"
answer_text,Manipuri Dance,2022-23,ManipuriDance-MS.md,13,"The Punglon Jagoi is executed in a fast tempo, a metrical pattern and a 2"
answer_text,Manipuri Dance,2022-23,ManipuriDance-MS.md,14,Kartal cholam : This dance is Manipuri Sagkritn is very important role in 6
answer_text,Manipuri Dance,2022-23,ManipuriDance-MS.md,15,Dashavatar is male dance called Tandap and Krishana Vandana is Geet 6
answer_text,Manipuri Dance,2022-23,ManipuriDance-MS.md,16,Some measures to popularize the Manipuri Dance across the globe:- 6
mcq_key,Bengali,2022-23,Bengali-MS.md,14,A
answer_text,Kathakali,2022-23,Kathakali-MS.md,16,Hastalakshana Deepika Sloka and names of the Hand gestures 6
mcq_key,Physcal Education,2022-23,PhyscalEducation-MS.md,32,A
mcq_key,Physcal Education,2022-23,PhyscalEducation-MS.md,33,A
answer_text,Physcal Education,2022-23,PhyscalEducation-MS.md,20,Benefits of self talk 2
answer_text,Carnatic Music Percussion,2022-23,CarnaticMusicPercussion-MS.md,14,"Write a brief life history – birth, Education, Musical contribution of 6"
answer_text,Carnatic Music Percussion,2022-23,CarnaticMusicPercussion-MS.md,15,Briefly classify the percussion instruments of Indian music. 6
answer_text,Carnatic Music Percussion,2022-23,CarnaticMusicPercussion-MS.md,16,Adi tala Koruvai 6
mcq_key,Home Science,2022-23,HomeScience-MS.md,32,A
answer_text,Home Science,2022-23,HomeScience-MS.md,22,Factors he should consider while taking career related decision are- ½ x 4=2
answer_text,Home Science,2022-23,HomeScience-MS.md,23,Four skills required to start Food Processing Unit: ½ x 4=2
answer_text,Home Science,2022-23,HomeScience-MS.md,24,Four job opportunities for print journalist ½ x 4=2
answer_text,Home Science,2022-23,HomeScience-MS.md,33,Difference between commercial laundry and home laundry- 1x4=4
answer_text,Home Science,2022-23,HomeScience-MS.md,34,Three basic causes and two underlying causes at household level 2+2+1=5
mcq_key,English Core,2022-23,EnglishCore-MS.md,2,A
answer_text,Physics,2022-23,Physics-MS.md,23,To keep the reading of ammeter constant value of R should be increased 1
answer_text,Physics,2022-23,Physics-MS.md,24,Angular width 2φ = 2λ/d ½
answer_text,Physics,2022-23,Physics-MS.md,28,Derivation 2
answer_text,Physics,2022-23,Physics-MS.md,29,From the observations made (parts A and B) on the basis of Einstein’s
answer_text,Persian,2022-23,Persian-MS.md,9,As I heard that a man came out of the house at dawn in the dark to go to the
answer_text,Persian,2022-23,Persian-MS.md,10,We all love stories since childhood to old age. When we sit to listen to the tales
answer_text,Persian,2022-23,Persian-MS.md,11,10 Marks
answer_text,Hindustani Music Percussion,2022-23,HindustaniMusicPercussion-MS.md,9,"The candidate is expected to explain term of Uthan, compositions, and Tala Notation. 2"
answer_text,Carnatic Music Vocal,2022-23,CarnaticMusicVocal-MS.md,14,"The candidate is expected to write details about Gopalakrishna Bharati’s year and place of birth, 6"
answer_text,Carnatic Music Vocal,2022-23,CarnaticMusicVocal-MS.md,15,"The student is expected to classify the musical instrument into four categories, mentioning the 6"
answer_text,Carnatic Music Vocal,2022-23,CarnaticMusicVocal-MS.md,16,It is expected from the student to write details about Maha Vaidyanatha Iyer’s year and place of 6
mcq_key,Lepcha,2022-23,Lepcha-MS.md,21,D
answer_text,Lepcha,2022-23,Lepcha-MS.md,20,C 1x5=5
answer_text,Lepcha,2022-23,Lepcha-MS.md,22,C 1x4=4
answer_text,Lepcha,2022-23,Lepcha-MS.md,1,Unseen Passage-
answer_text,Lepcha,2022-23,Lepcha-MS.md,2,Unseen Passage-
answer_text,Lepcha,2022-23,Lepcha-MS.md,5,Thongom Kaat Nahan
answer_text,Lepcha,2022-23,Lepcha-MS.md,6,Essay Writing
answer_text,Lepcha,2022-23,Lepcha-MS.md,8,Letter Writing (Formal/Informal)
answer_text,Hindustani Vocal,2022-23,HindustaniVocal-MS.md,9,"Brief explanation & types of Murchhana, Gamak, Meend. (any two) 2"
answer_text,Hindustani Vocal,2022-23,HindustaniVocal-MS.md,10,"Sangeet Parijat’s author’s name, time and special features and musical concepts of the 2"
answer_text,Hindustani Vocal,2022-23,HindustaniVocal-MS.md,11,"The candidate is expected to explain Thaat, vadi, samavadi, swaras, jati time of singing 2"
answer_text,Hindustani Vocal,2022-23,HindustaniVocal-MS.md,12,A brief description of the terms with examples is to be given. 2
answer_text,Hindustani Vocal,2022-23,HindustaniVocal-MS.md,13,The candidate is expected to identify Raga Bageshri and elaborate the identified Raga 2
answer_text,Hindustani Vocal,2022-23,HindustaniVocal-MS.md,14,The candidate is expected to write the notation of a Dhamar in any prescribed Raga in 6
answer_text,Hindustani Vocal,2022-23,HindustaniVocal-MS.md,15,The candidate is expected to write the special features of Tala Dhamar or Jhaptala and 6
answer_text,Hindustani Vocal,2022-23,HindustaniVocal-MS.md,16,The candidate is expected to write the notation of a Vilambit Khayal in anyone of the 6
mcq_key,Economics,2022-23,Economics-MS.md,16,A
mcq_key,Economics,2022-23,Economics-MS.md,17,A
mcq_key,Economics,2022-23,Economics-MS.md,31,A
mcq_key,Economics,2022-23,Economics-MS.md,32,A
mcq_key,Economics,2022-23,Economics-MS.md,33,A
mcq_key,Economics,2022-23,Economics-MS.md,34,A
answer_text,Economics,2022-23,Economics-MS.md,13,"Given, MPC = 0.75, ΔY = ₹ 2,000 Crore"
answer_text,Economics,2022-23,Economics-MS.md,14,"The given instance where, Reserve Bank of India has sold government securities in the secondary market"
answer_text,Economics,2022-23,Economics-MS.md,15,"The given text indicates the ‘supervisory function’ of the Central Bank, under which the Reserve Bank of"
answer_text,Economics,2022-23,Economics-MS.md,29,The given statement is true. Disguised unemployment is a situation where the marginal productivity of
answer_text,Economics,2022-23,Economics-MS.md,30,The above table shows that during the given periods the Exports from India to Pakistan have increased at an
mcq_key,Applied,2022-23,Applied-Maths-MS.md,16,D
mcq_key,Applied,2022-23,Applied-Maths-MS.md,17,C
mcq_key,Applied,2022-23,Applied-Maths-MS.md,18,B
answer_text,Applied,2022-23,Applied-Maths-MS.md,19,Assertion is correct and Reason is the correct explanation for it
answer_text,Applied,2022-23,Applied-Maths-MS.md,20,Reason is true but not supportive of assertion
answer_text,Applied,2022-23,Applied-Maths-MS.md,21,"P = 250000, R = 7500, 𝑖 = 𝑟/400"
answer_text,Applied,2022-23,Applied-Maths-MS.md,23,Let the number of hardcopy and paperback copies be x and y respectively
answer_text,Applied,2022-23,Applied-Maths-MS.md,29,"Under pure competition, 𝑝𝑑 = 𝑝𝑠"
answer_text,Applied,2022-23,Applied-Maths-MS.md,33,Let 𝑥 be the number of guests for the booking
answer_text,Applied,2022-23,Applied-Maths-MS.md,34,Let the number of tables and chairs be 𝑥 and 𝑦 respectively
answer_text,Applied,2022-23,Applied-Maths-MS.md,37,CASE STUDY - II
mcq_key,Spanish,2022-23,Spanish-MS.md,1,C
mcq_key,Spanish,2022-23,Spanish-MS.md,2,C
mcq_key,Spanish,2022-23,Spanish-MS.md,3,A
mcq_key,Spanish,2022-23,Spanish-MS.md,4,C
mcq_key,Spanish,2022-23,Spanish-MS.md,5,B
mcq_key,Spanish,2022-23,Spanish-MS.md,6,C
mcq_key,Geography,2022-23,Geography-MS.md,15,B
mcq_key,Geography,2022-23,Geography-MS.md,5,B
mcq_key,Geography,2022-23,Geography-MS.md,6,C
mcq_key,Geography,2022-23,Geography-MS.md,7,B
mcq_key,Geography,2022-23,Geography-MS.md,8,B
mcq_key,Geography,2022-23,Geography-MS.md,9,A
mcq_key,Geography,2022-23,Geography-MS.md,10,A
mcq_key,Geography,2022-23,Geography-MS.md,11,A
mcq_key,Geography,2022-23,Geography-MS.md,12,B
mcq_key,Geography,2022-23,Geography-MS.md,13,C
mcq_key,Geography,2022-23,Geography-MS.md,14,D
answer_text,Geography,2022-23,Geography-MS.md,19,Observe the given map and answer the following questions: 3
answer_text,Geography,2022-23,Geography-MS.md,3,"Economic factors like industrialisation, urbanisation and"
answer_text,Geography,2022-23,Geography-MS.md,25,Discuss the problems of Slums and Urban Waste Disposal in 5
answer_text,Geography,2022-23,Geography-MS.md,29,"On the given political outline map of the world, the following"
answer_text,Geography,2022-23,Geography-MS.md,30,"On the outline political map of India provided to you, locate and"
mcq_key,Chemistry,2022-23,Chemistry-MS.md,9,D
mcq_key,Chemistry,2022-23,Chemistry-MS.md,10,C
mcq_key,Chemistry,2022-23,Chemistry-MS.md,11,C
mcq_key,Chemistry,2022-23,Chemistry-MS.md,13,C
mcq_key,Chemistry,2022-23,Chemistry-MS.md,30,A
mcq_key,Chemistry,2022-23,Chemistry-MS.md,31,A
mcq_key,Chemistry,2022-23,Chemistry-MS.md,35,A
mcq_key,Russian,2022-23,Russian-MS.md,8,A
answer_text,KTPI,2022-23,KTPI-MS.md,3,The candidate is expected to detail following points: 15M
answer_text,Khuchipudi,2022-23,Khuchipudi-MS.md,13,Vempati Chinna Satyam – He is considered as the polar star of Kuchipudi Dance. 2
answer_text,Khuchipudi,2022-23,Khuchipudi-MS.md,14,"Kuchipudi is an Agrahara in Krishna district of Andhra Pradesh state, is regarded 6"
answer_text,Entrepreneurship,2022-23,Entrepreneurship-MS.md,3,Which amongst the following values would help an entrepreneur to 1
answer_text,Entrepreneurship,2022-23,Entrepreneurship-MS.md,4,"In the year 2012, the social media application “Chowpal” acquired “Socialite” 1"
answer_text,Entrepreneurship,2022-23,Entrepreneurship-MS.md,5,Ashwin was working as Director Finance in Ambur Metal Works. Managing 1
answer_text,Entrepreneurship,2022-23,Entrepreneurship-MS.md,8,"The entrepreneurs have an option to brand their product alpha-numerically, 1"
answer_text,Entrepreneurship,2022-23,Entrepreneurship-MS.md,9,"A grocery owner has an equity stake of ₹ 40,000/- in the business. He has 1"
answer_text,Entrepreneurship,2022-23,Entrepreneurship-MS.md,10,Assertion(A): Customers are part of the micro environment. 1
answer_text,Entrepreneurship,2022-23,Entrepreneurship-MS.md,18,"E-Commerce –The pandemic has given rise to a “homebody economy”, as"
answer_text,Entrepreneurship,2022-23,Entrepreneurship-MS.md,19,State any two characteristics of partnership form of business organization. 2
answer_text,Entrepreneurship,2022-23,Entrepreneurship-MS.md,21,Read the following newspaper article and identify and explain the 2
answer_text,Entrepreneurship,2022-23,Entrepreneurship-MS.md,25,"Arpit, an entrepreneur, was short of capital. He was worried about the fact as 3"
answer_text,Entrepreneurship,2022-23,Entrepreneurship-MS.md,26,What does the manpower plan help to assess? 3
answer_text,Entrepreneurship,2022-23,Entrepreneurship-MS.md,27,Kavita started a boutique named ‘Stylo queens’. She replaced old sewing 3
answer_text,Entrepreneurship,2022-23,Entrepreneurship-MS.md,28,The entrepreneur should develop a sound financial plan as timely availability 3
answer_text,Entrepreneurship,2022-23,Entrepreneurship-MS.md,34,Aarushi finished her Bachelors degree in Management and decided to join 5
answer_text,Entrepreneurship,2022-23,Entrepreneurship-MS.md,1,Two or more persons; 1+1 for any
answer_text,Kathak,2022-23,Kathak-MS.md,13,Stylistic manner of dance artistic and pleasant presentation of movement and 2
answer_text,Kathak,2022-23,Kathak-MS.md,14,"In the history of Kathak the contribution of Wajid Ali Shah, the last nawab of 6"
answer_text,Kathak,2022-23,Kathak-MS.md,15,The Indian theory of Rasa provides a comprehensive account of aesthetics 6
answer_text,Kathak,2022-23,Kathak-MS.md,16,Traditional costume sometimes consists of a sari weather worn in an everyday 6
mcq_key,NCC,2022-23,NCC-MS.md,7,A
mcq_key,NCC,2022-23,NCC-MS.md,16,A
mcq_key,NCC,2022-23,NCC-MS.md,9,A
answer_text,NCC,2022-23,NCC-MS.md,8,"Solid Waste , Liquid Waste , Radioactive Waste , Municipal Sol id Waste , Any four"
answer_text,NCC,2022-23,NCC-MS.md,15,Age- 16 &1/2 to 19 & 1/2 years as on first day of the month in which 1 mk for each
answer_text,NCC,2022-23,NCC-MS.md,17,Resection with Compass Method. 4Mk
answer_text,NCC,2022-23,NCC-MS.md,18,Methods of Judging Distance. There are six methods of Judging Distance. 2 marks for
mcq_key,Pol Sci,2022-23,PolSci-MS.md,29,A
answer_text,Pol Sci,2022-23,PolSci-MS.md,17,I)Governments are very sensitive to the balance of power between their 1+1=2
answer_text,Pol Sci,2022-23,PolSci-MS.md,18,I)The Rajiv Gandhi-Longowal Accord or the Punjab Accord was a step 1+1=2
answer_text,Pol Sci,2022-23,PolSci-MS.md,19,I) Extraction of Earth: 2+2=4
answer_text,Pol Sci,2022-23,PolSci-MS.md,20,Areas of cooperation between India and Bangladesh are as follows: 2+2=4
answer_text,Pol Sci,2022-23,PolSci-MS.md,24,Passage based question — 1+1+1
answer_text,Pol Sci,2022-23,PolSci-MS.md,25,Map based question — 1+1+1
answer_text,Pol Sci,2022-23,PolSci-MS.md,26,Cartoon based question - 1+1+1
answer_text,Pol Sci,2022-23,PolSci-MS.md,28,"Yes, in this changing world a strengthened and revitalized UN is desirable. In 1+1+1"
answer_text,Sociology,2022-23,Sociology-MS.md,25,"Policies that promote assimilation are aimed at persuading, encouraging or forcing all 2"
answer_text,Sociology,2022-23,Sociology-MS.md,26,Kumud Pawade in her autobiography recounts how a Dalit woman became a Sanskrit 2
answer_text,Sociology,2022-23,Sociology-MS.md,27,What marked these 19th century social reform attempts was the modern context and 2
answer_text,Sociology,2022-23,Sociology-MS.md,28,"Under the British, the zamindars were given more control over land than they had 2"
answer_text,Sociology,2022-23,Sociology-MS.md,30,Two broad sets of issues have been most important in giving rise to tribal movements. 4
answer_text,Sociology,2022-23,Sociology-MS.md,36,"All of the villagers relied on the forest to get firewood, fodder and other daily 6"
mcq_key,Telugu Telangana,2022-23,TeluguTelangana-MS.md,2,A
mcq_key,SQP,2015-16,SQP-Physics_2016_MS.md,25,A
mcq_key,SQP,2015-16,SQP-Physics_2016_MS.md,26,A
answer_text,German,2020-21,German-MS.md,1,In Ganztagsschulen 1
answer_text,German,2020-21,German-MS.md,2,Mehr als 17000 Schulen haben 1
answer_text,German,2020-21,German-MS.md,3,Wie viel Prozent der Eltern wünschen sich Ganztagsschulen? 1
answer_text,German,2020-21,German-MS.md,4,Der Nachmittag in den Ganztagsschulen ist 1
answer_text,German,2020-21,German-MS.md,5,Was ist positiv für die Schüler an der Ganztagsschule? 1
mcq_key,Computer Science,2020-21,ComputerScience-MS.md,24,A
mcq_key,Biotechnology,2020-21,Biotechnology-MS.md,27,A
answer_text,Biotechnology,2020-21,Biotechnology-MS.md,18,(i) Nucleotide Sequence 1
answer_text,Biotechnology,2020-21,Biotechnology-MS.md,19,Two diseases showing gene polymorphism with complex inheritance 1
answer_text,Biotechnology,2020-21,Biotechnology-MS.md,20,"Leukemia (Cancerous blood cells), Heart disease, Heart attack (cardiac tissue 2"
answer_text,Biotechnology,2020-21,Biotechnology-MS.md,28,Cultivation of adult stem cells from bone marrow and their differentiation into 2
answer_text,Biotechnology,2020-21,Biotechnology-MS.md,32,Principle of Insertional Inactivation- When cloned DNA is inserted into a gene 1
answer_text,Biotechnology,2020-21,Biotechnology-MS.md,1,Nutrients added without removal of Nutrients added with removal
answer_text,Biotechnology,2020-21,Biotechnology-MS.md,2,Volume increases Volume constant
answer_text,Biotechnology,2020-21,Biotechnology-MS.md,3,Used for high cell density Used for Biomass or
answer_text,Business Studies,2020-21,BusinessStudies-MS.md,21,Top level management 1
answer_text,Business Studies,2020-21,BusinessStudies-MS.md,22,Internship training- is a joint programme of training in which educational
answer_text,Business Studies,2020-21,BusinessStudies-MS.md,23,Yes. Importance of controlling: (Any two)
answer_text,Business Studies,2020-21,BusinessStudies-MS.md,34,Following are the points of differences between advertising and personal (1x6)
answer_text,Legal Studies,2020-21,LegalStudies-MS.md,3,Powers of the Lok Adalat are similar to that of - 1
answer_text,Legal Studies,2020-21,LegalStudies-MS.md,4,Bipin approached Permanent Lok Adalat for resolution of his dispute with Electricity Board on the issue 1
answer_text,Legal Studies,2020-21,LegalStudies-MS.md,5,Read the given situations and decide which of the following is eligible to receive free legal aid . 1
answer_text,Legal Studies,2020-21,LegalStudies-MS.md,8,Rashi wants to pursue a 5 year integrated BA LLB programme from National Law School University 1
answer_text,Legal Studies,2020-21,LegalStudies-MS.md,9,Who regulates the legal education in India 1
answer_text,Legal Studies,2020-21,LegalStudies-MS.md,12,Brij was caught red handed while travelling without a ticket in a train by the Travelling Ticket officer.
answer_text,Legal Studies,2020-21,LegalStudies-MS.md,18,"Article 19 also provides “reasonable restrictions”; on these freedoms, which means that these rights are"
answer_text,Legal Studies,2020-21,LegalStudies-MS.md,23,Comment upon the evolution of legal aid in Criminal Law in India with relevant case laws.
answer_text,Legal Studies,2020-21,LegalStudies-MS.md,25,The 14th law commission report under the chairmanship of MC Setalvad raised the concern about the tussle
answer_text,Legal Studies,2020-21,LegalStudies-MS.md,27,What are the conditions required to satisfy the tort of False imprisonment? State its exception as well. 1+3=4
answer_text,Legal Studies,2020-21,LegalStudies-MS.md,32,Explain the scope of judicial review in: 2X3=6
mcq_key,Engg Graphics,2020-21,EnggGraphics-MS.md,3,B
answer_text,Engg Graphics,2020-21,EnggGraphics-MS.md,4,TURNBUCKLE (Assembly)
mcq_key,Informatics Practices,2020-21,InformaticsPractices-MS.md,15,C
answer_text,Informatics Practices,2020-21,InformaticsPractices-MS.md,9,Bug 1
answer_text,Informatics Practices,2020-21,InformaticsPractices-MS.md,10,Dynamic web page 1
answer_text,Informatics Practices,2020-21,InformaticsPractices-MS.md,11,Aggregate Function 1
answer_text,Informatics Practices,2020-21,InformaticsPractices-MS.md,12,Plagiarism 1
answer_text,Informatics Practices,2020-21,InformaticsPractices-MS.md,14,Cookies 1
answer_text,Informatics Practices,2020-21,InformaticsPractices-MS.md,17,Buy environmentally friendly electronics 1
answer_text,Informatics Practices,2020-21,InformaticsPractices-MS.md,28,This is because the column commission contains a NULL value 2
answer_text,Informatics Practices,2020-21,InformaticsPractices-MS.md,35,Identity theft is the crime of obtaining the personal or financial 3
mcq_key,Hindustani Melodic,2020-21,HindustaniMelodic-MS.md,10,C
mcq_key,Hindustani Melodic,2020-21,HindustaniMelodic-MS.md,11,C
mcq_key,Hindustani Melodic,2020-21,HindustaniMelodic-MS.md,12,C
mcq_key,Hindustani Melodic,2020-21,HindustaniMelodic-MS.md,13,C
mcq_key,Hindustani Melodic,2020-21,HindustaniMelodic-MS.md,14,C
mcq_key,Hindustani Melodic,2020-21,HindustaniMelodic-MS.md,15,C
mcq_key,Hindustani Melodic,2020-21,HindustaniMelodic-MS.md,16,B
mcq_key,Hindustani Melodic,2020-21,HindustaniMelodic-MS.md,17,B
mcq_key,Hindustani Melodic,2020-21,HindustaniMelodic-MS.md,18,C
mcq_key,Hindustani Melodic,2020-21,HindustaniMelodic-MS.md,19,B
mcq_key,Hindustani Melodic,2020-21,HindustaniMelodic-MS.md,20,B
mcq_key,Hindustani Melodic,2020-21,HindustaniMelodic-MS.md,21,C
answer_text,Maths,2020-21,Maths-MS.md,14,"(0,0,0) 1"
answer_text,Maths,2020-21,Maths-MS.md,29,(i) Reflexive :
answer_text,Maths,2020-21,Maths-MS.md,30,Let u = 𝑒 𝑥 𝑠𝑖𝑛 𝑥 and v = (sin 𝑥) 𝑥
answer_text,Biology,2020-21,Biology-MS.md,16,Sickle cell anaemia (Any four) 4
answer_text,Biology,2020-21,Biology-MS.md,17,The composition of oral pills comprises: Either progestogens alone or progestogen 2
answer_text,Biology,2020-21,Biology-MS.md,18,Disorder- Down’s Syndrome 2
answer_text,Biology,2020-21,Biology-MS.md,19,The fungal symbiontin in mycorrhizal associations with plants: 2
answer_text,Biology,2020-21,Biology-MS.md,20,The Recombinant DNA can be forced into the bacterial cell treated with divalent 2
answer_text,Biology,2020-21,Biology-MS.md,21,The extraction of DNA from Rhizopus in its purest form can be done by treating the 2
answer_text,Biology,2020-21,Biology-MS.md,32,Evaluation of DNA and RNA on the basis of the properties of the genetic material: 5
mcq_key,History,2020-21,History-MS.md,15,A
mcq_key,History,2020-21,History-MS.md,16,B
mcq_key,History,2020-21,History-MS.md,17,A
mcq_key,History,2020-21,History-MS.md,19,A
answer_text,History,2020-21,History-MS.md,12,Humayun 1
answer_text,History,2020-21,History-MS.md,13,The power of jotedars was more effective than that of zamindars. Unlike zamindars 1
answer_text,History,2020-21,History-MS.md,14,( i) ( ii) ( iii) ( iv) 1
answer_text,History,2020-21,History-MS.md,24,Most important idea of Jainism:- 8
answer_text,History,2020-21,History-MS.md,26,Different kinds of sources that can be used to reconstruct the political career of 8
answer_text,History,2020-21,History-MS.md,30,( 30.1) and (30.2)
answer_text,English Elective,2020-21,EnglishElective-MS.md,6,Attempt any three of the following four questions in 120-150 words each. 15 marks
answer_text,English Elective,2020-21,EnglishElective-MS.md,8,Answer any one of the following two questions in 30-40 words. Deduct ½ 2x1=2Marks
answer_text,English Elective,2020-21,EnglishElective-MS.md,9,Answer any one of the following two questions in 40-50 words each. 3x1=3
answer_text,English Elective,2020-21,EnglishElective-MS.md,10,Answer any one of the following two questions in 120-150 words each. 5x1=5
answer_text,English Elective,2020-21,EnglishElective-MS.md,13,Answer any one of the two questions in 120-160 words. Deduct ½ mark for two or more 5x1=5
mcq_key,Physcal Education,2020-21,PhyscalEducation-MS.md,17,A
mcq_key,Physcal Education,2020-21,PhyscalEducation-MS.md,18,C
answer_text,Physcal Education,2020-21,PhyscalEducation-MS.md,19,Micro minerals: (ANY THREE) 1+1+1=3
answer_text,Physcal Education,2020-21,PhyscalEducation-MS.md,20,Common sports injuries Bone injuries Joint injuries 1+1+1=3
answer_text,Physcal Education,2020-21,PhyscalEducation-MS.md,24,Stratergies to make physical activities accessible for CWSN: (ANY SIX) 0.5X 6=3
answer_text,Physcal Education,2020-21,PhyscalEducation-MS.md,25,Number of team -11 1+2=3
answer_text,Physcal Education,2020-21,PhyscalEducation-MS.md,26,Motivation “Drive to strive”
answer_text,Physcal Education,2020-21,PhyscalEducation-MS.md,29,HYPERTENSION (ANY TWO ASANAS) 1+2+2=5
answer_text,Physcal Education,2020-21,PhyscalEducation-MS.md,30,Rikli and Jones Senior citizen fitness test: 1+2+2=5
mcq_key,Home Science,2020-21,HomeScience-MS.md,15,B
mcq_key,Home Science,2020-21,HomeScience-MS.md,21,C
answer_text,Home Science,2020-21,HomeScience-MS.md,22,Four ways by which a teacher can create healthy environment in the 1/2x4=2
answer_text,Home Science,2020-21,HomeScience-MS.md,23,STRATEGIES ADVANTAGES DISADVANTAGES 1+1=2
answer_text,Home Science,2020-21,HomeScience-MS.md,24,Four stages of Guest Cycle- 1/2x4=2
answer_text,Home Science,2020-21,HomeScience-MS.md,28,Three ways to create “Rhythm” in the frock are- 1+1+1=3
answer_text,Home Science,2020-21,HomeScience-MS.md,31,Food safety and quality can be ensured through - 3+1=4
answer_text,Home Science,2020-21,HomeScience-MS.md,34,TUBE FEEDING INTRAVENOUS FEEDING 2+1.5+1.5=5
answer_text,Home Science,2020-21,HomeScience-MS.md,35,Four responsibilities of consumer are- 2+2+1=5
mcq_key,Physics,2020-21,Physics-MS.md,32,A
mcq_key,Physics,2020-21,Physics-MS.md,33,A
mcq_key,Physics,2020-21,Physics-MS.md,14,B
mcq_key,Physics,2020-21,Physics-MS.md,2,A
mcq_key,Physics,2020-21,Physics-MS.md,3,C
mcq_key,Physics,2020-21,Physics-MS.md,4,D
mcq_key,Physics,2020-21,Physics-MS.md,5,D
answer_text,Physics,2020-21,Physics-MS.md,17,Explanation by showing magnetic field directions in all three regions 1
answer_text,Physics,2020-21,Physics-MS.md,18,Plot of Intensity distribution of diffraction with proper labeling 2
answer_text,Physics,2020-21,Physics-MS.md,19,Derivation including both terms electrostatic energy in system and in 1+1
answer_text,Physics,2020-21,Physics-MS.md,27,Circuit diagram 1
answer_text,ODIA,2020-21,ODIA-MS.md,5,(S) ÓÀÿêÓõ¨ 1x5 5
answer_text,ODIA,2020-21,ODIA-MS.md,6,FLÿ¨’ÿêLÿÀÿ~:
answer_text,ODIA,2020-21,ODIA-MS.md,12,Lÿ¯ÿçZÿ [ÿæþ H ÓæÜÿç†ÿ¿Lÿõ†ÿç - 1
answer_text,ODIA,2020-21,ODIA-MS.md,14,"SæÅÿçLÿZÿ ¨Àÿçãç†ÿç, ¯ÿçÌß [ÿç{”öÉ - 1"
mcq_key,Hindustani Music Percussion,2020-21,HindustaniMusicPercussion-MS.md,18,D
mcq_key,Hindustani Music Percussion,2020-21,HindustaniMusicPercussion-MS.md,19,D
mcq_key,Hindustani Music Percussion,2020-21,HindustaniMusicPercussion-MS.md,20,D
answer_text,Lepcha,2020-21,Lepcha-MS.md,5,XI. 1. 3x5=15
mcq_key,Hindustani Vocal,2020-21,HindustaniVocal-MS.md,11,D
mcq_key,Hindustani Vocal,2020-21,HindustaniVocal-MS.md,12,A
mcq_key,Hindustani Vocal,2020-21,HindustaniVocal-MS.md,13,C
mcq_key,Hindustani Vocal,2020-21,HindustaniVocal-MS.md,14,A
mcq_key,Hindustani Vocal,2020-21,HindustaniVocal-MS.md,15,B
mcq_key,Hindustani Vocal,2020-21,HindustaniVocal-MS.md,16,A
mcq_key,Hindustani Vocal,2020-21,HindustaniVocal-MS.md,17,B
mcq_key,Hindustani Vocal,2020-21,HindustaniVocal-MS.md,18,C
mcq_key,Hindustani Vocal,2020-21,HindustaniVocal-MS.md,19,C
mcq_key,Hindustani Vocal,2020-21,HindustaniVocal-MS.md,20,D
mcq_key,Hindustani Vocal,2020-21,HindustaniVocal-MS.md,21,C
mcq_key,Economics,2020-21,Economics-MS.md,13,A
mcq_key,Economics,2020-21,Economics-MS.md,18,B
mcq_key,Economics,2020-21,Economics-MS.md,19,B
mcq_key,Economics,2020-21,Economics-MS.md,21,B
mcq_key,Economics,2020-21,Economics-MS.md,22,C
mcq_key,Economics,2020-21,Economics-MS.md,23,B
mcq_key,Economics,2020-21,Economics-MS.md,33,A
mcq_key,Economics,2020-21,Economics-MS.md,34,A
answer_text,Economics,2020-21,Economics-MS.md,14,"Given , Consumption function(C)=200+0.5Y, Investment(I)=400, Level of"
answer_text,Economics,2020-21,Economics-MS.md,20,Both Assertion (A) and Reason (R) are true and Reason (R) is the correct 1
answer_text,Economics,2020-21,Economics-MS.md,26,Regional Rural Banks 1
answer_text,Economics,2020-21,Economics-MS.md,27,Land Development Banks 1
answer_text,Economics,2020-21,Economics-MS.md,28,The given statement is defended as in the recent past India has witnessed
answer_text,Economics,2020-21,Economics-MS.md,32,The given data shown that China has gained economic strength over the
answer_text,Spanish,2020-21,Spanish-MS.md,7,E-mail writing: Students are required to write a min. of 40-50 1x5=5
answer_text,Spanish,2020-21,Spanish-MS.md,8,Article writing on one of the topics: Students are required to 1x10=10
answer_text,Spanish,2020-21,Spanish-MS.md,10,Respuesta abierta. Se valorará el conocimiento sobre los datos 5x2= 10
answer_text,Chemistry,2020-21,Chemistry-MS.md,17,Nitro group at ortho position withdraws the electron density from the benzene ring 2
answer_text,Chemistry,2020-21,Chemistry-MS.md,19,"(i)t2g4eg2 Paramagentic ½, ½"
answer_text,Chemistry,2020-21,Chemistry-MS.md,20,Reaction is a complex reaction. 1/2
answer_text,Chemistry,2020-21,Chemistry-MS.md,24,Racemic mixture will be given by 2 chlorobutane as it is an optically active
answer_text,Chemistry,2020-21,Chemistry-MS.md,25,Let no. of Atoms of element P be x
answer_text,Chemistry,2020-21,Chemistry-MS.md,26,(i)Due to large surface area and ability to show variable oxidation states 1
answer_text,Chemistry,2020-21,Chemistry-MS.md,27,"(i) Aniline, N-ethylethanamine, Etanamine 1"
answer_text,Russian,2020-21,Russian-MS.md,9,There are 6 questions out of which 5 are to be translated from 5x1=5
answer_text,Russian,2020-21,Russian-MS.md,10,Out of 6 sentences 5 are to be translated from English into 5x1=5
mcq_key,KTPI,2020-21,KTPI-MS.md,2,A
mcq_key,KTPI,2020-21,KTPI-MS.md,3,A
mcq_key,KTPI,2020-21,KTPI-MS.md,4,B
mcq_key,KTPI,2020-21,KTPI-MS.md,5,C
mcq_key,KTPI,2020-21,KTPI-MS.md,6,D
mcq_key,KTPI,2020-21,KTPI-MS.md,7,D
mcq_key,KTPI,2020-21,KTPI-MS.md,8,A
mcq_key,KTPI,2020-21,KTPI-MS.md,9,D
mcq_key,KTPI,2020-21,KTPI-MS.md,10,B
answer_text,Khuchipudi,2020-21,Khuchipudi-MS.md,2,Kathak – Northern & Western India
answer_text,Khuchipudi,2020-21,Khuchipudi-MS.md,3,Kathakali - Kerala
answer_text,Khuchipudi,2020-21,Khuchipudi-MS.md,4,Kuchipudi – Andhra Pradesh
answer_text,Khuchipudi,2020-21,Khuchipudi-MS.md,5,Odissi - Odisha
answer_text,Khuchipudi,2020-21,Khuchipudi-MS.md,6,Sattriya - Assam
answer_text,Khuchipudi,2020-21,Khuchipudi-MS.md,7,Manipuri – Manipur
answer_text,Khuchipudi,2020-21,Khuchipudi-MS.md,8,Mohiniattam – Kerala
answer_text,Entrepreneurship,2020-21,Entrepreneurship-MS.md,1,Demand: The demand assessment will be based on the size of market being 1 mark for each
mcq_key,NCC,2020-21,NCC-MS.md,14,A
mcq_key,NCC,2020-21,NCC-MS.md,6,A
answer_text,NCC,2020-21,NCC-MS.md,5,Main Components: ½ for naming
answer_text,NCC,2020-21,NCC-MS.md,7,(i) 1-(d) ½ x 4=2
answer_text,NCC,2020-21,NCC-MS.md,8,Any Four 1 for each point
answer_text,NCC,2020-21,NCC-MS.md,11,Temple 1
answer_text,NCC,2020-21,NCC-MS.md,13,"North, South, East and West are known as the cardinal points. 2"
answer_text,NCC,2020-21,NCC-MS.md,15,Calibre- 5.56 Effective range - 400 m 1 for each
answer_text,NCC,2020-21,NCC-MS.md,17,"Advantages: 1.Reliable, 2. Relatively secure, 3.More capacity ½ for each point"
answer_text,NCC,2020-21,NCC-MS.md,16,Radar is an object detection system that uses radio waves to determine the 1+2
answer_text,NCC,2020-21,NCC-MS.md,18,The following are movement areas in an aerodrome: 1+2
answer_text,NCC,2020-21,NCC-MS.md,12,(2) 5 OARS 1
mcq_key,French,2020-21,French-MS.md,3,A
mcq_key,French,2020-21,French-MS.md,4,D
mcq_key,French,2020-21,French-MS.md,1,B
mcq_key,French,2020-21,French-MS.md,2,B
mcq_key,French,2020-21,French-MS.md,5,B
mcq_key,French,2020-21,French-MS.md,6,B
mcq_key,French,2020-21,French-MS.md,7,A
mcq_key,French,2020-21,French-MS.md,8,B
mcq_key,French,2020-21,French-MS.md,9,C
mcq_key,French,2020-21,French-MS.md,10,A
mcq_key,French,2020-21,French-MS.md,11,B
mcq_key,French,2020-21,French-MS.md,12,A
mcq_key,French,2020-21,French-MS.md,13,D
answer_text,Pol Sci,2020-21,PolSci-MS.md,27,(Iv)It has affected the traditional concept of state sovereignty. 4
answer_text,Pol Sci,2020-21,PolSci-MS.md,28,(iii) C Uttar Pradesh 5
mcq_key,Scluputre,2020-21,Scluputre-MS.md,6,A
answer_text,Scluputre,2020-21,Scluputre-MS.md,1,Aekka Yada Giri Rao.
answer_text,Scluputre,2020-21,Scluputre-MS.md,2,K. Laxmi Gaur
answer_text,Scluputre,2020-21,Scluputre-MS.md,4,Faithand prosperity
answer_text,Scluputre,2020-21,Scluputre-MS.md,5,Match the follow
mcq_key,Sociology,2020-21,Sociology-MS.md,11,A
mcq_key,Sociology,2020-21,Sociology-MS.md,17,A
mcq_key,Sociology,2020-21,Sociology-MS.md,26,B
mcq_key,Sociology,2020-21,Sociology-MS.md,27,A
mcq_key,Sociology,2020-21,Sociology-MS.md,28,A
answer_text,Sociology,2020-21,Sociology-MS.md,10,"Social inequality is not the outcome of _____________ differences between people, but is produced by"
answer_text,Sociology,2020-21,Sociology-MS.md,14,Correct the given statement.(APPL)
answer_text,Sociology,2020-21,Sociology-MS.md,15,For many centuries until the third quarter of the 19 th century the Persian influence was the dominant
answer_text,Sociology,2020-21,Sociology-MS.md,16,The advent of the railways in Bengal saw the conversion of British forest policy in Assam from
answer_text,Sociology,2020-21,Sociology-MS.md,18,Why were land reforms necessary to transform India’s agrarian structure? (Know) 2
answer_text,Sociology,2020-21,Sociology-MS.md,29,Express the correlation between agricultural productivity and agrarian structure.(Create)
answer_text,Sociology,2020-21,Sociology-MS.md,30,Critically examine the concept of Sanskritisation. (KNOWL)
answer_text,Sociology,2020-21,Sociology-MS.md,31,Highlight the sources of conflict between national development and tribal development.(Know)
answer_text,Sociology,2020-21,Sociology-MS.md,32,How does circulation of labour lead to footloose labour?(App)
answer_text,Sociology,2020-21,Sociology-MS.md,35,Chipko Movement
answer_text,History,2017-18,History_MS.md,4,Trade relations of Harappa
answer_text,History,2017-18,History_MS.md,5,The sixth century BCE is often regarded as a major turning point in early 4X1=4
answer_text,History,2017-18,History_MS.md,8,Awadh’s annexation 4X1=4
answer_text,History,2017-18,History_MS.md,14,Mother’s advice
answer_text,Physical,2017-18,Physical_Education_MS.md,2,To develop socialization- Students can develop lots of social qualities.
answer_text,Physical,2017-18,Physical_Education_MS.md,3,To provide recreation-This provides recreation to the students.
answer_text,Physical,2017-18,Physical_Education_MS.md,4,To hunt the talent-it provides opportunities to the students to show their talent.
answer_text,Physical,2017-18,Physical_Education_MS.md,5,To learn new skills-provide opportunity to learn new skills.
answer_text,Physical,2017-18,Physical_Education_MS.md,6,To develop the feeling of sportsmanship
answer_text,Physical,2017-18,Physical_Education_MS.md,1,"Intake of important nutrients in limit-insufficient intake of carbohydrates, protein, vitamins and"
mcq_key,Biology,2017-18,Biology_MS.md,12,A
mcq_key,Biology,2017-18,Biology_MS.md,13,A
mcq_key,Biology,2017-18,Biology_MS.md,14,A
mcq_key,Biology,2017-18,Biology_MS.md,15,A
mcq_key,Biology,2017-18,Biology_MS.md,22,A
mcq_key,Biology,2017-18,Biology_MS.md,24,A
answer_text,Biology,2017-18,Biology_MS.md,23,Father explains that it will lead to generation of e - waste; 4
mcq_key,Fashion Studies,2017-18,FashionStudies_MS.md,10,A
mcq_key,Fashion Studies,2017-18,FashionStudies_MS.md,11,A
mcq_key,Fashion Studies,2017-18,FashionStudies_MS.md,13,A
answer_text,Fashion Studies,2017-18,FashionStudies_MS.md,18,Ease- amount of roominess in a garment. (1+1+1=3)
answer_text,Fashion Studies,2017-18,FashionStudies_MS.md,21,Levis-Strauss- to reinforce the seams on work pants.
answer_text,Arabic,2017-18,Arabic_MS.md,4,Essay writing in Arabic on a given topic in about 200 8+2=10
answer_text,Arabic,2017-18,Arabic_MS.md,5,All forms of ‫ اﻷﺳـﻤﺎء ا ﻮﺻـﻮﻟﺔ‬and use any three in sentences 4+6=10
answer_text,Arabic,2017-18,Arabic_MS.md,6,Extract of root letters e.g. ‫ ﺣﻮل‬،‫ﺗﺤﻮل‬
answer_text,Arabic,2017-18,Arabic_MS.md,7,Correction of any five sentences e.g. ‫ﯾﻌﺘﻨ ﻲ اﻟﻨ ﺎس ﺑ ﺎﻟﻄﯿﻮر‬ 1X5=05
answer_text,Arabic,2017-18,Arabic_MS.md,8,Translation of any three text passages about 5 lines 10+10+05+05=30
answer_text,Arabic,2017-18,Arabic_MS.md,9,Putting vowel points on a passage. (10 marks) 2+8=10
answer_text,Arabic,2017-18,Arabic_MS.md,10,Poetry: explanation of any four verses. (10 marks) 8+2=10
mcq_key,Business Studies,2017-18,BusinessStudies_MS.md,12,A
mcq_key,Business Studies,2017-18,BusinessStudies_MS.md,17,A
mcq_key,Business Studies,2017-18,BusinessStudies_MS.md,22,A
answer_text,Business Studies,2017-18,BusinessStudies_MS.md,11,Following are the functions of a supervisor: (Any three)
answer_text,Business Studies,2017-18,BusinessStudies_MS.md,13,Following are the consumer responsibilities that a consumer must keep in mind while
answer_text,Business Studies,2017-18,BusinessStudies_MS.md,18,The following are the variables used by R&T Reality to prepare its market offering:
answer_text,Business Studies,2017-18,BusinessStudies_MS.md,25,Following is the meaning and difference between Delegation and Decentralization :
answer_text,Marathi,2017-18,Marathi_MS.md,2,BaaigarqaI AaiNa sarsvatI gauPtmaagaa-nao vaaht rahUnaca Aaplyaa maaoz\yaa baihNaIlaa rs%yaat 3
answer_text,Marathi,2017-18,Marathi_MS.md,7,"A puZIlapOkI kaoNa%yaahI daona AvatrNaaMcao saMdBaa-sah spYTIkrNa kra , 10"
answer_text,Marathi,2017-18,Marathi_MS.md,4,Higher Order Thinking (R – Reading)
answer_text,Marathi,2017-18,Marathi_MS.md,5,Creative Writing
answer_text,Pol Science,2017-18,PolScience_MS.md,7,Military alliances formed by the Western Block. 2
answer_text,Pol Science,2017-18,PolScience_MS.md,9,DMK made its entry into Indian politics- 2
answer_text,Pol Science,2017-18,PolScience_MS.md,10,STATE REORGANISATION COMMISSION 2
answer_text,Pol Science,2017-18,PolScience_MS.md,20,Cartoon Pg-40- DOLLAR WORLD 1+2+2=5
answer_text,Pol Science,2017-18,PolScience_MS.md,24,Economic implications of globalization? How has globalization 3+3=6
answer_text,German,2017-18,German_MS.md,1,"Eine Klasse mit vielen ausländischen Mitschülern. In einer bunten Klasse sind Leute, die"
answer_text,German,2017-18,German_MS.md,2,Sie kommen sehr gut miteinander aus.
answer_text,German,2017-18,German_MS.md,3,"Semre, Arnela und Alina."
answer_text,German,2017-18,German_MS.md,4,In einer bunten Klasse kann sie über viele Feste und Religionen der ausländischen
answer_text,German,2017-18,German_MS.md,5,"Wenn Leute in einer anderen Sprache, die man nicht kann, schimpfen, stört es Tommy."
answer_text,Nepali,2017-18,Nepali_MS.md,10,(क) करामा ज िनको एकपवारकय वारचात्रिर पाइिनछ भने उपिनयासमा ज िनको सको समपूरणा 3
answer_text,Maths,2017-18,Maths_MS.md,14,"Since, f is differentiable at 1, f is continuous at 1. Hence,"
answer_text,Maths,2017-18,Maths_MS.md,17,"We have C ( x)  x3  45 x 2  600 x,10  x  20 . For the time being we may assume that"
answer_text,Maths,2017-18,Maths_MS.md,19,"The given differential equation is ye y dx  ( y3  2 xe y )dy, y(0)  1 [1]"
answer_text,Maths,2017-18,Maths_MS.md,22,"Let E1 = Bag I is chosen, E2 = Bag II is chosen, E3 = Bag III is chosen, A = The two balls drawn [1]"
answer_text,Maths,2017-18,Maths_MS.md,23,"Let X denotes the random variable. Then X = 0, 1, 2."
answer_text,Maths,2017-18,Maths_MS.md,29,Let x = the number of units of Product 1 to be produced daily
mcq_key,Chemistry,2017-18,Chemistry_MS.md,24,A
answer_text,Chemistry,2017-18,Chemistry_MS.md,10,(i) Cr2O72- 1
answer_text,Chemistry,2017-18,Chemistry_MS.md,11,"(i) 2,5-Dimethylhexane. 1+1+1"
answer_text,Chemistry,2017-18,Chemistry_MS.md,13,(i) Because of H-bond formation between alcohol and water molecule. 1+1+1
answer_text,Chemistry,2017-18,Chemistry_MS.md,15,(i) ‘B’ is a strong electrolyte. 1
answer_text,Chemistry,2017-18,Chemistry_MS.md,21,(i) t24g eg0 1
answer_text,Chemistry,2017-18,Chemistry_MS.md,22,(i) Cr2+ 1
answer_text,Chemistry,2017-18,Chemistry_MS.md,23,"(i) Equanil, Iproniazid, phenelzine(any two) ½+½"
answer_text,Chemistry,2017-18,Chemistry_MS.md,26,(i) Ferrimagnetism. 1
answer_text,Chemistry,2017-18,Chemistry_MS.md,1,SOLID STATE 1(5) (U)
answer_text,Chemistry,2017-18,Chemistry_MS.md,2,SOLUTIONS 1(2) (U) 1(3) (A)
answer_text,Chemistry,2017-18,Chemistry_MS.md,3,ELECTROCHEMISTRY 1(2) (A) 1(3) (U) 9(23)
answer_text,Chemistry,2017-18,Chemistry_MS.md,4,CHEMICAL KINETICS 1(1) (R) 1(3) (A)
answer_text,Chemistry,2017-18,Chemistry_MS.md,5,SURFACE CHEMISTRY 1(1) (R) 1(3) (R)
answer_text,Chemistry,2017-18,Chemistry_MS.md,6,EXTRACTION OF METALS 1(3) (U)
answer_text,Chemistry,2017-18,Chemistry_MS.md,9,COORDINATION CHEMISTRY 1(1) Hots 1(3) Hots 7(19)
answer_text,Chemistry,2017-18,Chemistry_MS.md,12,"ALDEHYDES, KETONES AND 1(1)Hots 1(5)"
answer_text,Chemistry,2017-18,Chemistry_MS.md,14,BIOMOLECULES 1(3) (U) 10(28)
answer_text,Chemistry,2017-18,Chemistry_MS.md,16,CHEMISTRY IN EVERY DAY LIFE 1(4) (E&MD)
answer_text,Multimedia,2017-18,Multimedia_WebTech_MS.md,9,(1 mark for each line of output)
mcq_key,English,2017-18,English_Elective_MS.md,2,A
mcq_key,English,2017-18,English_Elective_MS.md,6,B
answer_text,Theatre,2017-18,Theatre_Studies_MS.md,9,The Theatre of Roots - as this movement was known - was the first 2 marks
answer_text,Theatre,2017-18,Theatre_Studies_MS.md,10,Costume designer (Provide relevant details)
answer_text,Theatre,2017-18,Theatre_Studies_MS.md,11,"Choosing a play: Directors spend a great deal of time in choosing a play, 3 marks"
answer_text,Theatre,2017-18,Theatre_Studies_MS.md,12,"Make-up: Make-up, though regarded as necessary, its vast possibilities for 3 marks"
answer_text,Theatre,2017-18,Theatre_Studies_MS.md,17,The Meisner Technique is one of the most popular approaches to acting. 3 marks
answer_text,Theatre,2017-18,Theatre_Studies_MS.md,19,(ANY FOUR) 4 marks
answer_text,Theatre,2017-18,Theatre_Studies_MS.md,21,Set Designer: The set designer's job is to design these physical 4 marks
answer_text,Theatre,2017-18,Theatre_Studies_MS.md,22,The Playwright: The play writer is the only person who is responsible for 6 marks
mcq_key,Geography,2017-18,Geography_MS.md,12,B
answer_text,Geography,2017-18,Geography_MS.md,8,Direct dependence of human beings on nature for resources: 3x1=3
answer_text,Geography,2017-18,Geography_MS.md,9,Sugarcane is a weight losing crop Its sucrose content begins 3
answer_text,Geography,2017-18,Geography_MS.md,10,Poor hygienic conditions of living 1x3=3
answer_text,Geography,2017-18,Geography_MS.md,11,Study the diagram given below and answer the questions: 3x1=3
answer_text,Geography,2017-18,Geography_MS.md,14,Density of population= Population/Area 1+4=5
answer_text,Geography,2017-18,Geography_MS.md,17,Difference in national resources 1x5=5
answer_text,Geography,2017-18,Geography_MS.md,21,"In the given political outline map of the world, the 5x1=5"
answer_text,Geography,2017-18,Geography_MS.md,22,"On the outline political map of India provided to you, locate 5"
mcq_key,Economics,2017-18,Economics_MS.md,7,A
mcq_key,Economics,2017-18,Economics_MS.md,24,A
answer_text,Economics,2017-18,Economics_MS.md,8,A Floor price is the minimum price at which a commodity can be sold legally. Floor price if 4
answer_text,Economics,2017-18,Economics_MS.md,13,Money supply of a country is a stock of money in circulation at any point of time. 1
answer_text,Economics,2017-18,Economics_MS.md,15,All money mobilised by government that either creates a liability of repayment on 1
answer_text,Economics,2017-18,Economics_MS.md,16,Fiscal Deficit = Borrowings = 32 Billion 1
answer_text,Economics,2017-18,Economics_MS.md,17,MPC = 1 – MPS 3
answer_text,Economics,2017-18,Economics_MS.md,18,Aggregate Supply is obtained by adding consumption and saving schedules. The straight line 3
answer_text,Economics,2017-18,Economics_MS.md,21,Reverse Repo rate is the rate at which Central Bank borrows money funds commercial banks. 4
mcq_key,Spanish,2017-18,Spanish_MS.md,7,A
mcq_key,Spanish,2017-18,Spanish_MS.md,9,A
answer_text,Spanish,2017-18,Spanish_MS.md,8,Respuesta abierta. Se valorará el conocimiento sobre los datos 3x5 = 15
answer_text,Spanish,2017-18,Spanish_MS.md,10,Article Writing: Students are required to write a min. of 200 words. 1x20 = 20
mcq_key,Agriculture,2017-18,Agriculture_MS.md,10,A
answer_text,Agriculture,2017-18,Agriculture_MS.md,12,According to FDA “Chemical preservative is any substance which is capable of 2
answer_text,Agriculture,2017-18,Agriculture_MS.md,18,"One of the most popular methods for drying flowers is to put them under pressure, to 3"
mcq_key,Legal,2017-18,Legal_Studies_MS.md,26,A
answer_text,Legal,2017-18,Legal_Studies_MS.md,16,Adversarial system Inquisitorial system
answer_text,Legal,2017-18,Legal_Studies_MS.md,17,Helping in dispute resolution through ADR methods. 1
answer_text,Legal,2017-18,Legal_Studies_MS.md,18,"Vanya may appear for Bar Examinations in the US; however, criteria for eligibility"
answer_text,Legal,2017-18,Legal_Studies_MS.md,19,"According to Bar Council of India, an advocate is prohibited from promoting"
answer_text,Legal,2017-18,Legal_Studies_MS.md,22,Functions of the National Human Rights Commission (Any 6) - ½ x 6 =3
answer_text,Legal,2017-18,Legal_Studies_MS.md,23,International law can be applied in the Indian jurisdiction by keeping the
answer_text,Legal,2017-18,Legal_Studies_MS.md,27,The most suited ADR is Arbitration. ½
answer_text,Legal,2017-18,Legal_Studies_MS.md,30,The Central Government constitutes the National Legal Services Authority
answer_text,Legal,2017-18,Legal_Studies_MS.md,1,UNIT - 1 1 2 - 1 - 1 15
answer_text,Legal,2017-18,Legal_Studies_MS.md,2,UNIT – 2 2 1 - - 1 1 15
answer_text,Legal,2017-18,Legal_Studies_MS.md,3,UNIT – 3 1 - - 2 - 1 15
answer_text,Legal,2017-18,Legal_Studies_MS.md,4,UNIT – 4 2 1 - - 1 1 15
answer_text,Legal,2017-18,Legal_Studies_MS.md,5,UNIT – 5 1 - - 2 - 1 15
answer_text,Legal,2017-18,Legal_Studies_MS.md,6,UNIT – 6 1 2 - 1 - 1 15
answer_text,Legal,2017-18,Legal_Studies_MS.md,7,UNIT - 7 - - - - 2 - 10
mcq_key,French,2017-18,French_MS.md,2,A
answer_text,French,2017-18,French_MS.md,10,Qu’est-ce qu’un virtuose ?
answer_text,French,2017-18,French_MS.md,11,Que mange-t-on au réveillon ?
answer_text,French,2017-18,French_MS.md,5,Ecrivez vrai ou faux : 5x1=5
answer_text,French,2017-18,French_MS.md,6,Complétez les phrases suivantes: 5x1=5
answer_text,NCC,2017-18,NCC_MS.md,7,The fundamentals are:- 3/ P no 21
answer_text,NCC,2017-18,NCC_MS.md,8,"The fine art of shooting, teaches a person 3/ P no 42"
answer_text,NCC,2017-18,NCC_MS.md,9,Carcass Disposal Groups: Rotting and undisputed carcasses create unhygienic 3/ P no 125
answer_text,NCC,2017-18,NCC_MS.md,10,The laws of aiming are: 4/ P no 48
answer_text,NCC,2017-18,NCC_MS.md,11,"(i) Clarification: This is the removal of suspended matter through filtration, by 4/ P no 158"
answer_text,NCC,2017-18,NCC_MS.md,14,The Guard mounting NCO is twelve paces away from the guard. He falls in the 6/ P no 30
answer_text,NCC,2017-18,NCC_MS.md,15,"The obstacle course training not only makes the cadets physically tough but 6/pg no.188,"
answer_text,BIOTECH,2017-18,BIOTECH_MS.md,8,Metagenomics approach has been developed to identify and select microbial genes 1
answer_text,BIOTECH,2017-18,BIOTECH_MS.md,9,Plant regeneration pathways
answer_text,Mizo,2017-18,Mizo_MS.md,7,Thil pawimawh eng emaw report dawn chuan a hnuaia tarlante hi chhinchhiaha kaihruaitu atana
answer_text,Mizo,2017-18,Mizo_MS.md,15,"Lemchan thawnthu, Fungkitiala tih hi chhiar manhla leh a chhunga changtute inbiakna"
mcq_key,Physics,2017-18,Physics_MS.md,26,A
mcq_key,English,2017-18,English_Core_MS.md,3,A
answer_text,English,2017-18,English_Core_MS.md,13,Distribution of marks: 6
answer_text,Library,2017-18,Library_MS.md,13,Objectives of user education are:
answer_text,Library,2017-18,Library_MS.md,14,Facet is a generic term used to denote the components of a basic subject. 1½
answer_text,Library,2017-18,Library_MS.md,15,The personality facet is the first facet in many subjects and it is often 1½
answer_text,Library,2017-18,Library_MS.md,16,"Inspection: Inspection of documents, received from the suppliers, is undertaken 1½"
answer_text,Library,2017-18,Library_MS.md,22,Automation of library must be preferred because:
answer_text,Library,2017-18,Library_MS.md,23,The selection criteria for documentary sources are as follows.
answer_text,Library,2017-18,Library_MS.md,27,Selective Dissemination of Information (SDI) is a highly personalized service. It 1½
answer_text,Library,2017-18,Library_MS.md,28,Libraries opt for open source library automation software instead of proprietary
answer_text,Library,2017-18,Library_MS.md,1,Module 1: Library
answer_text,Library,2017-18,Library_MS.md,3,Module 3: Library &
answer_text,Library,2017-18,Library_MS.md,4,Module 4: Computer
answer_text,Library,2017-18,Library_MS.md,2,"Understanding 4,5,10,11 13,17 24 7 16 20%"
answer_text,Library,2017-18,Library_MS.md,5,"Evaluation 16,22 27 3 12 15%"
answer_text,Home Science,2017-18,HomeScience_MS.md,15,Reason – consuming adulterated food with argemone. (1/ 2 + 1 + 1 1 /2 = 3)
answer_text,Home Science,2017-18,HomeScience_MS.md,1,Lack of availability of quality goods
answer_text,Home Science,2017-18,HomeScience_MS.md,3,High Prices than M.R.P
answer_text,Home Science,2017-18,HomeScience_MS.md,4,Incorrect weights and measures
answer_text,Home Science,2017-18,HomeScience_MS.md,5,Incomplete or misleading consumer information
mcq_key,Informatics,2017-18,Informatics_Practices_MS.md,2,A
mcq_key,Informatics,2017-18,Informatics_Practices_MS.md,3,A
mcq_key,Informatics,2017-18,Informatics_Practices_MS.md,4,A
mcq_key,Informatics,2017-18,Informatics_Practices_MS.md,6,A
mcq_key,Informatics,2017-18,Informatics_Practices_MS.md,7,A
answer_text,Informatics,2017-18,Informatics_Practices_MS.md,1,CUSTOMER‟S NAME
mcq_key,Malayalam,2017-18,Malayalam_MS.md,2,A
answer_text,Accountancy,2021-22,Accountancy-MS_Term2.md,10,A primary key is a field that identifies each record in a database table
answer_text,Accountancy,2021-22,Accountancy-MS_Term2.md,11,Simple and Integrated: It helps all businesses by automating and
answer_text,Applied,2021-22,Applied_Arts_MS.md,1,C-1690 A.D 0.6
answer_text,Applied,2021-22,Applied_Arts_MS.md,2,A-Jahangir 0.6
answer_text,Applied,2021-22,Applied_Arts_MS.md,3,B-Ustad Faquirullah Khan 0.6
answer_text,Applied,2021-22,Applied_Arts_MS.md,4,B-Ragini Pathamsika 0.6
answer_text,Applied,2021-22,Applied_Arts_MS.md,5,A-Rajasthani School 0.6
answer_text,Applied,2021-22,Applied_Arts_MS.md,6,C-Basoli 0.6
answer_text,Applied,2021-22,Applied_Arts_MS.md,7,"A-Mughal school, Rajasthani school 0.6"
answer_text,Applied,2021-22,Applied_Arts_MS.md,8,D-Deccan 0.6
answer_text,Applied,2021-22,Applied_Arts_MS.md,9,C-Pahari 0.6
answer_text,Applied,2021-22,Applied_Arts_MS.md,10,C-15th Century A.D 0.6
answer_text,Applied,2021-22,Applied_Arts_MS.md,11,B-Bikaner 0.6
answer_text,Applied,2021-22,Applied_Arts_MS.md,12,B-Shahjahan 0.6
answer_text,Applied,2021-22,Applied_Arts_MS.md,13,A-Mewar 0.6
answer_text,Applied,2021-22,Applied_Arts_MS.md,14,B-Raagmala 0.6
answer_text,Applied,2021-22,Applied_Arts_MS.md,15,A-Maru Ragini 0.6
answer_text,Applied,2021-22,Applied_Arts_MS.md,16,A-Mughal 0.6
answer_text,Applied,2021-22,Applied_Arts_MS.md,17,C-Mandi sub school 0.6
answer_text,Applied,2021-22,Applied_Arts_MS.md,18,C-Mewar 0.6
answer_text,Applied,2021-22,Applied_Arts_MS.md,19,A-Water colors 0.6
answer_text,Applied,2021-22,Applied_Arts_MS.md,20,B-Jahangir 0.6
answer_text,Applied,2021-22,Applied_Arts_MS.md,21,D-Akbar 0.6
answer_text,Applied,2021-22,Applied_Arts_MS.md,22,B-Akbar Nama 0.6
answer_text,Applied,2021-22,Applied_Arts_MS.md,23,A-Bikaner 0.6
answer_text,Applied,2021-22,Applied_Arts_MS.md,24,B-Hindoor(Nalagarh) 0.6
answer_text,Applied,2021-22,Applied_Arts_MS.md,25,C-Krishna lifting Mount Govardhana 0.6
answer_text,Applied,2021-22,Applied_Arts_MS.md,26,D-Deccan and Mughal school. 0.6
answer_text,Applied,2021-22,Applied_Arts_MS.md,27,A-1585-1590 A.D 0.6
answer_text,Applied,2021-22,Applied_Arts_MS.md,28,B-Harivansh Puran 0.6
answer_text,Applied,2021-22,Applied_Arts_MS.md,29,A-Miskin 0.6
answer_text,Applied,2021-22,Applied_Arts_MS.md,30,C-Yellow 0.6
mcq_key,Physics,2021-22,Physics-MS_Term2.md,11,A
answer_text,German,2021-22,German-MS.md,1,Die Freundin von _meinem__________ Onkel hat schöne Augen.
answer_text,German,2021-22,German-MS.md,2,Die Tür von __ihrem________ Haus ist ganz modern.
answer_text,German,2021-22,German-MS.md,3,Die Probleme von __meinem__________ Nachbarn sind gröβer als meine
answer_text,German,2021-22,German-MS.md,4,Daneben ist das Fahrrad von ___dem__________ Sekretär.
answer_text,German,2021-22,German-MS.md,5,Es gibt auch einen Parkplatz für die Kunden von _diesen__________ Kaufhäusern
mcq_key,Computer Science,2021-22,ComputerScience-MS.md,43,B
mcq_key,Computer Science,2021-22,ComputerScience-MS.md,44,D
mcq_key,Computer Science,2021-22,ComputerScience-MS.md,45,B
mcq_key,Computer Science,2021-22,ComputerScience-MS.md,46,A
mcq_key,Computer Science,2021-22,ComputerScience-MS.md,47,B
mcq_key,Computer Science,2021-22,ComputerScience-MS.md,48,B
mcq_key,Computer Science,2021-22,ComputerScience-MS.md,49,B
mcq_key,Computer Science,2021-22,ComputerScience-MS.md,50,C
mcq_key,Computer Science,2021-22,ComputerScience-MS.md,51,B
mcq_key,Computer Science,2021-22,ComputerScience-MS.md,52,C
mcq_key,Computer Science,2021-22,ComputerScience-MS.md,53,D
mcq_key,Computer Science,2021-22,ComputerScience-MS.md,54,C
mcq_key,Computer Science,2021-22,ComputerScience-MS.md,55,C
mcq_key,Bharatnatyam,2021-22,Bharatnatyam-MS.md,1,B
mcq_key,Bharatnatyam,2021-22,Bharatnatyam-MS.md,2,A
mcq_key,Bharatnatyam,2021-22,Bharatnatyam-MS.md,3,C
mcq_key,Bharatnatyam,2021-22,Bharatnatyam-MS.md,4,B
mcq_key,Bharatnatyam,2021-22,Bharatnatyam-MS.md,5,C
mcq_key,Bharatnatyam,2021-22,Bharatnatyam-MS.md,6,A
mcq_key,Bharatnatyam,2021-22,Bharatnatyam-MS.md,7,C
mcq_key,Bharatnatyam,2021-22,Bharatnatyam-MS.md,8,C
mcq_key,Bharatnatyam,2021-22,Bharatnatyam-MS.md,9,A
mcq_key,Bharatnatyam,2021-22,Bharatnatyam-MS.md,10,A
mcq_key,Bharatnatyam,2021-22,Bharatnatyam-MS.md,11,B
mcq_key,Bharatnatyam,2021-22,Bharatnatyam-MS.md,12,C
mcq_key,Bharatnatyam,2021-22,Bharatnatyam-MS.md,13,C
mcq_key,Bharatnatyam,2021-22,Bharatnatyam-MS.md,14,B
mcq_key,Bharatnatyam,2021-22,Bharatnatyam-MS.md,15,B
mcq_key,Bharatnatyam,2021-22,Bharatnatyam-MS.md,16,B
mcq_key,Bharatnatyam,2021-22,Bharatnatyam-MS.md,17,C
mcq_key,Bharatnatyam,2021-22,Bharatnatyam-MS.md,18,C
mcq_key,Bharatnatyam,2021-22,Bharatnatyam-MS.md,19,B
mcq_key,Bharatnatyam,2021-22,Bharatnatyam-MS.md,20,C
mcq_key,Bharatnatyam,2021-22,Bharatnatyam-MS.md,21,C
mcq_key,Bharatnatyam,2021-22,Bharatnatyam-MS.md,22,B
mcq_key,Bharatnatyam,2021-22,Bharatnatyam-MS.md,23,C
mcq_key,Bharatnatyam,2021-22,Bharatnatyam-MS.md,24,A
mcq_key,Bharatnatyam,2021-22,Bharatnatyam-MS.md,25,B
mcq_key,Bharatnatyam,2021-22,Bharatnatyam-MS.md,26,C
mcq_key,Bharatnatyam,2021-22,Bharatnatyam-MS.md,27,A
mcq_key,Bharatnatyam,2021-22,Bharatnatyam-MS.md,28,D
mcq_key,Bharatnatyam,2021-22,Bharatnatyam-MS.md,29,B
mcq_key,Bharatnatyam,2021-22,Bharatnatyam-MS.md,30,A
mcq_key,Biotechnology,2021-22,Biotechnology-MS.md,31,C
mcq_key,Biotechnology,2021-22,Biotechnology-MS.md,33,A
mcq_key,Biotechnology,2021-22,Biotechnology-MS.md,34,B
mcq_key,Biotechnology,2021-22,Biotechnology-MS.md,35,B
mcq_key,Biotechnology,2021-22,Biotechnology-MS.md,36,B
mcq_key,Biotechnology,2021-22,Biotechnology-MS.md,37,A
mcq_key,Biotechnology,2021-22,Biotechnology-MS.md,38,C
mcq_key,Biotechnology,2021-22,Biotechnology-MS.md,39,A
mcq_key,Biotechnology,2021-22,Biotechnology-MS.md,40,A
mcq_key,Biotechnology,2021-22,Biotechnology-MS.md,41,A
mcq_key,Biotechnology,2021-22,Biotechnology-MS.md,45,B
mcq_key,Biotechnology,2021-22,Biotechnology-MS.md,46,A
mcq_key,Biotechnology,2021-22,Biotechnology-MS.md,47,A
mcq_key,Biotechnology,2021-22,Biotechnology-MS.md,48,A
mcq_key,Biotechnology,2021-22,Biotechnology-MS.md,49,D
mcq_key,Biotechnology,2021-22,Biotechnology-MS.md,50,A
mcq_key,Biotechnology,2021-22,Biotechnology-MS.md,51,A
mcq_key,Biotechnology,2021-22,Biotechnology-MS.md,52,C
mcq_key,Biotechnology,2021-22,Biotechnology-MS.md,53,A
mcq_key,Biotechnology,2021-22,Biotechnology-MS.md,54,A
mcq_key,Biotechnology,2021-22,Biotechnology-MS.md,55,A
mcq_key,Biotechnology,2021-22,Biotechnology-MS.md,56,A
mcq_key,Biotechnology,2021-22,Biotechnology-MS.md,57,B
mcq_key,Biotechnology,2021-22,Biotechnology-MS.md,58,A
mcq_key,Biotechnology,2021-22,Biotechnology-MS.md,59,A
mcq_key,Biotechnology,2021-22,Biotechnology-MS.md,60,B
answer_text,Biotechnology,2021-22,Biotechnology-MS.md,32,C.Mass Spectrometry
mcq_key,Business Studies,2021-22,BusinessStudies-MS.md,46,A
mcq_key,Business Studies,2021-22,BusinessStudies-MS.md,47,A
mcq_key,Business Studies,2021-22,BusinessStudies-MS.md,48,B
mcq_key,Business Studies,2021-22,BusinessStudies-MS.md,49,B
mcq_key,Business Studies,2021-22,BusinessStudies-MS.md,50,B
mcq_key,Business Studies,2021-22,BusinessStudies-MS.md,51,A
mcq_key,Business Studies,2021-22,BusinessStudies-MS.md,52,B
mcq_key,Business Studies,2021-22,BusinessStudies-MS.md,53,A
mcq_key,Business Studies,2021-22,BusinessStudies-MS.md,54,A
mcq_key,Business Studies,2021-22,BusinessStudies-MS.md,55,B
mcq_key,Business Studies,2021-22,BusinessStudies-MS.md,56,D
mcq_key,Business Studies,2021-22,BusinessStudies-MS.md,57,B
mcq_key,Business Studies,2021-22,BusinessStudies-MS.md,58,A
mcq_key,Business Studies,2021-22,BusinessStudies-MS.md,59,A
mcq_key,Business Studies,2021-22,BusinessStudies-MS.md,60,C
answer_text,Legal Studies,2021-22,LegalStudies-MS.md,4,Transfer of property by exchange can happen only by way of: a.Sale
answer_text,Legal Studies,2021-22,LegalStudies-MS.md,5,An offer lapses by _______________. b.Revocation
answer_text,Legal Studies,2021-22,LegalStudies-MS.md,6,"Under criminal law, drug trade would fall under which category of crime d.Organised"
answer_text,Legal Studies,2021-22,LegalStudies-MS.md,7,Segregating the wrongdoer from the rest of the society by giving him b.Incapacitation
answer_text,Legal Studies,2021-22,LegalStudies-MS.md,8,When certain terms or all terms of a contract are cancelled it is known b.Rescission
answer_text,Legal Studies,2021-22,LegalStudies-MS.md,9,"In automobile insurance, all drivers are required to pay insurance c.Loss-spreading"
answer_text,Legal Studies,2021-22,LegalStudies-MS.md,16,Who among the following is the chairman of Lok Adalat? a.Sitting/Retired
answer_text,Legal Studies,2021-22,LegalStudies-MS.md,17,The objective of awarding damages by the court is to put the injured a.Doctrine of
answer_text,Legal Studies,2021-22,LegalStudies-MS.md,18,The Constitution of India gives vast powers to the Court and ensures d.The conduct of
answer_text,Legal Studies,2021-22,LegalStudies-MS.md,19,Which form of arbitration has been defined specifically under section c.International
answer_text,Legal Studies,2021-22,LegalStudies-MS.md,20,Which one of the following tribunals flourishing in the Vedic age a.Kula
answer_text,Legal Studies,2021-22,LegalStudies-MS.md,1,Mr. Satish Kumar was a Supreme Court judge. It was discovered that he a.Two are
answer_text,Legal Studies,2021-22,LegalStudies-MS.md,2,The dispute regarding the sharing of water resources between the State of b.Original
answer_text,Legal Studies,2021-22,LegalStudies-MS.md,3,Rajesh served in the Indian army as a commando. He was asked to report a. Principle of
answer_text,Legal Studies,2021-22,LegalStudies-MS.md,10,Match the following: a. A-2; B-3; C-
answer_text,Legal Studies,2021-22,LegalStudies-MS.md,11,Assertion (A): A contract lawyer would look up the Contract Act to look for a. Both A and
answer_text,Legal Studies,2021-22,LegalStudies-MS.md,12,Sheena was a builder. She constructed a shopping complex at the b. Ajit is not
answer_text,Maths,2021-22,Maths-MS_Term2.md,5,A bag contains 1 red and 3 white balls. Find the probability distribution of the
answer_text,Maths,2021-22,Maths-MS_Term2.md,6,Two cards are drawn at random from a pack of 52 cards one-by-one without
answer_text,Maths,2021-22,Maths-MS_Term2.md,7,Find: ∫ (𝑥 2 +1)𝑥 𝑑𝑥
answer_text,Maths,2021-22,Maths-MS_Term2.md,8,Find the general solution of the following differential equation:
answer_text,Maths,2021-22,Maths-MS_Term2.md,13,"Find the foot of the perpendicular from the point (1, 2, 0) upon the plane"
answer_text,Applied,2021-22,Applied_Arts_MS_Term2.md,6,(1) Radhika is one of the beautiful wash paintings of M.A.R. CHUGHTAI. In 4
mcq_key,Engg Graphics,2021-22,EnggGraphics-MS.md,28,D
mcq_key,Engg Graphics,2021-22,EnggGraphics-MS.md,29,C
mcq_key,Engg Graphics,2021-22,EnggGraphics-MS.md,30,C
mcq_key,Engg Graphics,2021-22,EnggGraphics-MS.md,31,A
mcq_key,Engg Graphics,2021-22,EnggGraphics-MS.md,32,C
mcq_key,Engg Graphics,2021-22,EnggGraphics-MS.md,33,B
mcq_key,Engg Graphics,2021-22,EnggGraphics-MS.md,34,C
mcq_key,Engg Graphics,2021-22,EnggGraphics-MS.md,35,A
mcq_key,Engg Graphics,2021-22,EnggGraphics-MS.md,36,A
mcq_key,Engg Graphics,2021-22,EnggGraphics-MS.md,37,D
mcq_key,Engg Graphics,2021-22,EnggGraphics-MS.md,38,B
mcq_key,Engg Graphics,2021-22,EnggGraphics-MS.md,39,C
mcq_key,Engg Graphics,2021-22,EnggGraphics-MS.md,40,B
mcq_key,Engg Graphics,2021-22,EnggGraphics-MS.md,41,D
mcq_key,Engg Graphics,2021-22,EnggGraphics-MS.md,42,B
mcq_key,Engg Graphics,2021-22,EnggGraphics-MS.md,43,C
mcq_key,Engg Graphics,2021-22,EnggGraphics-MS.md,44,D
mcq_key,Engg Graphics,2021-22,EnggGraphics-MS.md,45,B
mcq_key,Engg Graphics,2021-22,EnggGraphics-MS.md,46,A
mcq_key,Engg Graphics,2021-22,EnggGraphics-MS.md,47,C
mcq_key,Engg Graphics,2021-22,EnggGraphics-MS.md,48,D
mcq_key,Engg Graphics,2021-22,EnggGraphics-MS.md,49,A
mcq_key,Engg Graphics,2021-22,EnggGraphics-MS.md,50,B
mcq_key,Engg Graphics,2021-22,EnggGraphics-MS.md,51,C
mcq_key,Engg Graphics,2021-22,EnggGraphics-MS.md,52,C
mcq_key,Engg Graphics,2021-22,EnggGraphics-MS.md,53,B
mcq_key,Engg Graphics,2021-22,EnggGraphics-MS.md,54,A
mcq_key,Engg Graphics,2021-22,EnggGraphics-MS.md,55,D
mcq_key,English Elective,2021-22,EnglishElective-MS_Term2.md,6,A
mcq_key,Informatics Practices,2021-22,InformaticsPractices-MS.md,41,D
mcq_key,Informatics Practices,2021-22,InformaticsPractices-MS.md,44,A
mcq_key,Informatics Practices,2021-22,InformaticsPractices-MS.md,45,B
mcq_key,Informatics Practices,2021-22,InformaticsPractices-MS.md,46,B
mcq_key,Informatics Practices,2021-22,InformaticsPractices-MS.md,47,B
mcq_key,Informatics Practices,2021-22,InformaticsPractices-MS.md,48,A
mcq_key,Informatics Practices,2021-22,InformaticsPractices-MS.md,49,C
mcq_key,Informatics Practices,2021-22,InformaticsPractices-MS.md,50,A
mcq_key,Informatics Practices,2021-22,InformaticsPractices-MS.md,52,B
mcq_key,Informatics Practices,2021-22,InformaticsPractices-MS.md,53,B
mcq_key,Informatics Practices,2021-22,InformaticsPractices-MS.md,54,B
mcq_key,Informatics Practices,2021-22,InformaticsPractices-MS.md,55,A
answer_text,Manipuri Dance,2021-22,ManipuriDance-MS_Term2.md,6,Anyone. For eg : Tribal Dance of Manipur :- Kabui Naga Dance 4
mcq_key,Pol Sci,2021-22,PolSci-MS_Term2.md,11,A
mcq_key,Pol Sci,2021-22,PolSci-MS_Term2.md,4,A
mcq_key,Pol Sci,2021-22,PolSci-MS_Term2.md,7,A
mcq_key,Pol Sci,2021-22,PolSci-MS_Term2.md,8,A
mcq_key,Pol Sci,2021-22,PolSci-MS_Term2.md,12,A
mcq_key,Pol Sci,2021-22,PolSci-MS_Term2.md,13,A
answer_text,Pol Sci,2021-22,PolSci-MS_Term2.md,3,The 21st century India is being seen as an important emerging
answer_text,Pol Sci,2021-22,PolSci-MS_Term2.md,9,The European Union-
answer_text,Pol Sci,2021-22,PolSci-MS_Term2.md,10,The various issues regarding the National Emergency of
mcq_key,Painting,2021-22,Painting-MS.md,30,C
answer_text,Painting,2021-22,Painting-MS.md,1,B-16th century A.D 0.6
answer_text,Painting,2021-22,Painting-MS.md,2,A-Love scenes of Radha and Krishna 0.6
answer_text,Painting,2021-22,Painting-MS.md,3,C-Radha Bani Thani 0.6
answer_text,Painting,2021-22,Painting-MS.md,4,C-Nathdwara 0.6
answer_text,Painting,2021-22,Painting-MS.md,5,C-Pahari 0.6
answer_text,Painting,2021-22,Painting-MS.md,6,B-Guler 0.6
answer_text,Painting,2021-22,Painting-MS.md,7,A- Mughal style & Rajasthani style 0.6
answer_text,Painting,2021-22,Painting-MS.md,8,C-Abul Fazal 0.6
answer_text,Painting,2021-22,Painting-MS.md,9,D-flower 0.6
answer_text,Painting,2021-22,Painting-MS.md,10,D-Bijapur 0.6
answer_text,Painting,2021-22,Painting-MS.md,11,C-876 0.6
answer_text,Painting,2021-22,Painting-MS.md,12,A- Deccan style 0.6
answer_text,Painting,2021-22,Painting-MS.md,13,C-Flashy 0.6
answer_text,Painting,2021-22,Painting-MS.md,14,B-Rukunuddin 0.6
answer_text,Painting,2021-22,Painting-MS.md,15,A- Maru-Ragini 0.6
answer_text,Painting,2021-22,Painting-MS.md,16,D-Jaipur Style 0.6
answer_text,Painting,2021-22,Painting-MS.md,17,D-In the form of bow/long and narrow 0.6
answer_text,Painting,2021-22,Painting-MS.md,18,C-Nayikabhed/Mughda nayika 0.6
answer_text,Painting,2021-22,Painting-MS.md,19,D- Rajasthani Or Hindu style 0.6
answer_text,Painting,2021-22,Painting-MS.md,20,A-Akbar 0.6
answer_text,Painting,2021-22,Painting-MS.md,21,A-Bihjad 0.6
answer_text,Painting,2021-22,Painting-MS.md,22,A-Akbar Nama 0.6
answer_text,Painting,2021-22,Painting-MS.md,23,B-QuliIntab Shah 0.6
answer_text,Painting,2021-22,Painting-MS.md,24,A-West Bengal 0.6
answer_text,Painting,2021-22,Painting-MS.md,25,(1) 0.6
answer_text,Painting,2021-22,Painting-MS.md,26,(1) 0.6
answer_text,Painting,2021-22,Painting-MS.md,27,(2) 0.6
answer_text,Painting,2021-22,Painting-MS.md,28,(2) 0.6
answer_text,Painting,2021-22,Painting-MS.md,29,(2) 0.6
mcq_key,Assamese,2021-22,Assamese-MS_Term2.md,4,A
mcq_key,Assamese,2021-22,Assamese-MS_Term2.md,6,A
answer_text,Odissi,2021-22,Odissi-MS_Term2.md,6,"Odissi Aharya consists of costume, different ornaments (Alankara) and 4"
mcq_key,Biology,2021-22,Biology-MS.md,20,B
mcq_key,Biology,2021-22,Biology-MS.md,21,A
mcq_key,Biology,2021-22,Biology-MS.md,22,B
mcq_key,Biology,2021-22,Biology-MS.md,24,A
mcq_key,Biology,2021-22,Biology-MS.md,25,C
mcq_key,Biology,2021-22,Biology-MS.md,26,D
mcq_key,Biology,2021-22,Biology-MS.md,27,C
mcq_key,Biology,2021-22,Biology-MS.md,28,C
mcq_key,Biology,2021-22,Biology-MS.md,29,A
mcq_key,Biology,2021-22,Biology-MS.md,30,A
mcq_key,Biology,2021-22,Biology-MS.md,31,A
mcq_key,Biology,2021-22,Biology-MS.md,32,D
mcq_key,Biology,2021-22,Biology-MS.md,33,C
mcq_key,Biology,2021-22,Biology-MS.md,34,B
mcq_key,Biology,2021-22,Biology-MS.md,35,C
mcq_key,Biology,2021-22,Biology-MS.md,36,D
mcq_key,Biology,2021-22,Biology-MS.md,37,C
mcq_key,Biology,2021-22,Biology-MS.md,38,D
mcq_key,Biology,2021-22,Biology-MS.md,39,B
mcq_key,Biology,2021-22,Biology-MS.md,40,B
mcq_key,Biology,2021-22,Biology-MS.md,41,B
mcq_key,Biology,2021-22,Biology-MS.md,2,C
mcq_key,Biology,2021-22,Biology-MS.md,5,C
mcq_key,Biology,2021-22,Biology-MS.md,7,C
mcq_key,Biology,2021-22,Biology-MS.md,10,B
mcq_key,Biology,2021-22,Biology-MS.md,23,C
mcq_key,Biology,2021-22,Biology-MS.md,44,D
mcq_key,Biology,2021-22,Biology-MS.md,48,D
mcq_key,Biology,2021-22,Biology-MS.md,49,C
mcq_key,Biology,2021-22,Biology-MS.md,50,B
mcq_key,Biology,2021-22,Biology-MS.md,51,C
mcq_key,Biology,2021-22,Biology-MS.md,52,A
mcq_key,Biology,2021-22,Biology-MS.md,53,D
mcq_key,Biology,2021-22,Biology-MS.md,54,B
mcq_key,Biology,2021-22,Biology-MS.md,56,C
mcq_key,Biology,2021-22,Biology-MS.md,57,C
mcq_key,Biology,2021-22,Biology-MS.md,58,C
mcq_key,Biology,2021-22,Biology-MS.md,59,A
mcq_key,Biology,2021-22,Biology-MS.md,60,C
mcq_key,Computer Science,2021-22,ComputerScience-MS_Term2.md,7,A
mcq_key,Computer Science,2021-22,ComputerScience-MS_Term2.md,11,A
mcq_key,Computer Science,2021-22,ComputerScience-MS_Term2.md,5,A
answer_text,Computer Science,2021-22,ComputerScience-MS_Term2.md,6,(i) SHOW TABLES; 1 mark for
answer_text,Computer Science,2021-22,ComputerScience-MS_Term2.md,9,(i) ALTER TABLE Item 1 mark for
answer_text,Computer Science,2021-22,ComputerScience-MS_Term2.md,10,CREATE DATABASE MYEARTH; 1 mark for
mcq_key,NCC,2021-22,NCC-MS_Term2.md,12,A
answer_text,NCC,2021-22,NCC-MS_Term2.md,4,A strong bond between two or more people refers to interpersonal 1+1+1=3
answer_text,NCC,2021-22,NCC-MS_Term2.md,5,Telephone/Mobile Phone 1+1+1=3
answer_text,NCC,2021-22,NCC-MS_Term2.md,9,Types of Style ( one mark) 1+3=4
answer_text,NCC,2021-22,NCC-MS_Term2.md,10,"Alertness, Courage and Decisiveness( 1 mark for each explanation) 1+1=2"
answer_text,NCC,2021-22,NCC-MS_Term2.md,11,"Portable/Light in weight, operation easy, 128 channels can be operated, Can 1/2x4=2"
answer_text,NCC,2021-22,NCC-MS_Term2.md,13,The following are the forces acting on an aircraft in flight: - (any three) 1+1+1= 3
answer_text,History,2021-22,History-MS.md,60,"On the same map ’ B’ is also marked as the Important town of second century BCE,"
answer_text,Carnatic Music Melodic Instrument,2021-22,CarnaticMusicMelodicInstrument-MS_Term2.md,1,"Svaramelkalanidhi"" is a musicological treatise written by Ramamatya, 2"
answer_text,Carnatic Music Melodic Instrument,2021-22,CarnaticMusicMelodicInstrument-MS_Term2.md,2,Raga - Bhairavi is the only Bhashanga raga prescribed in this syllabus. It 2
answer_text,Carnatic Music Melodic Instrument,2021-22,CarnaticMusicMelodicInstrument-MS_Term2.md,3,Maharaja Swati Tirunal’s royal name is Rama Vaand his parents are Gowri 2
answer_text,Carnatic Music Melodic Instrument,2021-22,CarnaticMusicMelodicInstrument-MS_Term2.md,4,In the prescribed syllabus there is only one Ubhaya vakra raga- Reetigoula 2
answer_text,Carnatic Music Melodic Instrument,2021-22,CarnaticMusicMelodicInstrument-MS_Term2.md,5,Students choice to opt his/her instruments 3
answer_text,Carnatic Music Melodic Instrument,2021-22,CarnaticMusicMelodicInstrument-MS_Term2.md,6,Raga Shanmukhapriya is a 56th Mela of 10th Chakra- Dishi. This is excatly 4
mcq_key,Home Science,2021-22,HomeScience-MS_Term2.md,4,A
answer_text,Home Science,2021-22,HomeScience-MS_Term2.md,5,Campaign- 1+1=2
answer_text,Home Science,2021-22,HomeScience-MS_Term2.md,9,Laundry is an art and science - 1+2=3
answer_text,Home Science,2021-22,HomeScience-MS_Term2.md,10,Six skills required for Journalism – 1/2x6=3
answer_text,Home Science,2021-22,HomeScience-MS_Term2.md,13,Eight responsibilities of consumers- 1/2x8=4
mcq_key,Sociology,2021-22,Sociology-MS_Term2.md,4,A
answer_text,Sociology,2021-22,Sociology-MS_Term2.md,5,Compare the impact of just-in-time for the company vis-à-vis the worker. 2
answer_text,Sociology,2021-22,Sociology-MS_Term2.md,6,Can we apply the distinction between old and new social movements in the 2
answer_text,Sociology,2021-22,Sociology-MS_Term2.md,7,Often it is thought that imparting knowledge of 'scientific' farming methods will 2
answer_text,Sociology,2021-22,Sociology-MS_Term2.md,8,Differentiate between the organized and unorganized sector. 2
answer_text,Sociology,2021-22,Sociology-MS_Term2.md,12,Identify and discuss the plight of the various stakeholders in the Bombay Textile 4
answer_text,Sociology,2021-22,Sociology-MS_Term2.md,13,"Jharkhand is one of the newly formed states of India, carved out of south Bihar 6"
answer_text,Sociology,2021-22,Sociology-MS_Term2.md,14,Show the relation between circulation of labour and feminization of agricultural 6
mcq_key,Chemistry,2021-22,Chemistry-MS_Term2.md,5,A
mcq_key,Chemistry,2021-22,Chemistry-MS_Term2.md,8,A
mcq_key,Chemistry,2021-22,Chemistry-MS_Term2.md,9,A
answer_text,Chemistry,2021-22,Chemistry-MS_Term2.md,10,Al(s) /Cd2+ (0.1M) // Al3+ (0.01M) /Cd(s) ½
answer_text,Gujarati,2021-22,Gujarati-MS_Term2.md,2,(અ) નીચેના પ્રશ્નોના સવવસ્તાર િવાબ િિો. (કોઈપણ ત્રણ) ૩X૩=9
answer_text,Gujarati,2021-22,Gujarati-MS_Term2.md,4,(અ) તમારી શાળામાૂં યોજાયેિા રમતોત્સવનો અહેવાિ આશરે 100 શબ્દોમાૂં 1X6=6
mcq_key,Kathakali,2021-22,Kathakali-MS.md,1,C
mcq_key,Kathakali,2021-22,Kathakali-MS.md,2,C
mcq_key,Kathakali,2021-22,Kathakali-MS.md,3,D
mcq_key,Kathakali,2021-22,Kathakali-MS.md,4,B
mcq_key,Kathakali,2021-22,Kathakali-MS.md,5,C
mcq_key,Kathakali,2021-22,Kathakali-MS.md,6,B
mcq_key,Kathakali,2021-22,Kathakali-MS.md,7,C
mcq_key,Kathakali,2021-22,Kathakali-MS.md,8,B
mcq_key,Kathakali,2021-22,Kathakali-MS.md,9,D
mcq_key,Kathakali,2021-22,Kathakali-MS.md,10,C
mcq_key,Kathakali,2021-22,Kathakali-MS.md,11,C
mcq_key,Kathakali,2021-22,Kathakali-MS.md,12,B
mcq_key,Kathakali,2021-22,Kathakali-MS.md,13,B
mcq_key,Kathakali,2021-22,Kathakali-MS.md,14,D
mcq_key,Kathakali,2021-22,Kathakali-MS.md,15,B
mcq_key,Kathakali,2021-22,Kathakali-MS.md,16,C
mcq_key,Kathakali,2021-22,Kathakali-MS.md,17,B
mcq_key,Kathakali,2021-22,Kathakali-MS.md,18,C
mcq_key,Kathakali,2021-22,Kathakali-MS.md,19,C
mcq_key,Kathakali,2021-22,Kathakali-MS.md,20,B
mcq_key,Kathakali,2021-22,Kathakali-MS.md,21,C
mcq_key,Kathakali,2021-22,Kathakali-MS.md,22,D
mcq_key,Kathakali,2021-22,Kathakali-MS.md,23,B
mcq_key,Kathakali,2021-22,Kathakali-MS.md,24,C
mcq_key,Kathakali,2021-22,Kathakali-MS.md,25,D
mcq_key,Kathakali,2021-22,Kathakali-MS.md,26,D
mcq_key,Kathakali,2021-22,Kathakali-MS.md,27,C
mcq_key,Kathakali,2021-22,Kathakali-MS.md,28,A
mcq_key,Kathakali,2021-22,Kathakali-MS.md,29,A
mcq_key,Kathakali,2021-22,Kathakali-MS.md,30,C
answer_text,Applied,2021-22,Applied-Maths-MS_Term2.md,5,Year Y 3 yearly 3 yearly moving average(Trend) 1M for
answer_text,Applied,2021-22,Applied-Maths-MS_Term2.md,7,"Substituting, 𝑝0 = ₹48 in 𝑝 = 𝑥 2 + 4𝑥 + 3"
answer_text,Applied,2021-22,Applied-Maths-MS_Term2.md,11,Let the company produces 𝑥 and 𝑦 gallons of alkaline solution and
mcq_key,Physcal Education,2021-22,PhyscalEducation-MS.md,24,D
mcq_key,Physcal Education,2021-22,PhyscalEducation-MS.md,25,C
mcq_key,Physcal Education,2021-22,PhyscalEducation-MS.md,26,C
mcq_key,Physcal Education,2021-22,PhyscalEducation-MS.md,27,B
mcq_key,Physcal Education,2021-22,PhyscalEducation-MS.md,28,B
mcq_key,Physcal Education,2021-22,PhyscalEducation-MS.md,29,D
mcq_key,Physcal Education,2021-22,PhyscalEducation-MS.md,30,C
mcq_key,Physcal Education,2021-22,PhyscalEducation-MS.md,31,A
mcq_key,Physcal Education,2021-22,PhyscalEducation-MS.md,35,C
mcq_key,Physcal Education,2021-22,PhyscalEducation-MS.md,38,C
mcq_key,Business Studies,2021-22,BusinessStudies-MS_Term2.md,11,A
answer_text,Business Studies,2021-22,BusinessStudies-MS_Term2.md,6,Importance of Directing: (Any three) 1 mark for
answer_text,Business Studies,2021-22,BusinessStudies-MS_Term2.md,7,Factors affecting working capital requirement of the company (Any three) : 1x3=3
answer_text,Business Studies,2021-22,BusinessStudies-MS_Term2.md,10,Regulatory Functions of Securities and Exchange Board of India (Any five) 1 mark for
answer_text,Business Studies,2021-22,BusinessStudies-MS_Term2.md,12,Dividend decision: The decision involved here is how much of the profit earned by the company 1 mark
mcq_key,Carnatic Music Percussion,2021-22,CarnaticMusicPercussion-MS.md,1,B
mcq_key,Carnatic Music Percussion,2021-22,CarnaticMusicPercussion-MS.md,2,B
mcq_key,Carnatic Music Percussion,2021-22,CarnaticMusicPercussion-MS.md,3,D
mcq_key,Carnatic Music Percussion,2021-22,CarnaticMusicPercussion-MS.md,4,C
mcq_key,Carnatic Music Percussion,2021-22,CarnaticMusicPercussion-MS.md,5,D
mcq_key,Carnatic Music Percussion,2021-22,CarnaticMusicPercussion-MS.md,6,B
mcq_key,Carnatic Music Percussion,2021-22,CarnaticMusicPercussion-MS.md,7,D
mcq_key,Carnatic Music Percussion,2021-22,CarnaticMusicPercussion-MS.md,8,C
mcq_key,Carnatic Music Percussion,2021-22,CarnaticMusicPercussion-MS.md,9,D
mcq_key,Carnatic Music Percussion,2021-22,CarnaticMusicPercussion-MS.md,10,C
mcq_key,Carnatic Music Percussion,2021-22,CarnaticMusicPercussion-MS.md,11,B
mcq_key,Carnatic Music Percussion,2021-22,CarnaticMusicPercussion-MS.md,12,C
mcq_key,Carnatic Music Percussion,2021-22,CarnaticMusicPercussion-MS.md,13,B
mcq_key,Carnatic Music Percussion,2021-22,CarnaticMusicPercussion-MS.md,14,A
mcq_key,Carnatic Music Percussion,2021-22,CarnaticMusicPercussion-MS.md,16,B
mcq_key,Carnatic Music Percussion,2021-22,CarnaticMusicPercussion-MS.md,17,C
mcq_key,Carnatic Music Percussion,2021-22,CarnaticMusicPercussion-MS.md,18,D
mcq_key,Carnatic Music Percussion,2021-22,CarnaticMusicPercussion-MS.md,19,C
mcq_key,Carnatic Music Percussion,2021-22,CarnaticMusicPercussion-MS.md,20,B
mcq_key,Carnatic Music Percussion,2021-22,CarnaticMusicPercussion-MS.md,21,D
mcq_key,Carnatic Music Percussion,2021-22,CarnaticMusicPercussion-MS.md,22,C
mcq_key,Carnatic Music Percussion,2021-22,CarnaticMusicPercussion-MS.md,23,C
mcq_key,Carnatic Music Percussion,2021-22,CarnaticMusicPercussion-MS.md,24,B
mcq_key,Carnatic Music Percussion,2021-22,CarnaticMusicPercussion-MS.md,25,A
mcq_key,Carnatic Music Percussion,2021-22,CarnaticMusicPercussion-MS.md,26,C
mcq_key,Carnatic Music Percussion,2021-22,CarnaticMusicPercussion-MS.md,27,B
mcq_key,Carnatic Music Percussion,2021-22,CarnaticMusicPercussion-MS.md,28,C
mcq_key,Carnatic Music Percussion,2021-22,CarnaticMusicPercussion-MS.md,29,A
mcq_key,Carnatic Music Percussion,2021-22,CarnaticMusicPercussion-MS.md,30,A
answer_text,Informatics Practices,2021-22,InformaticsPractices-MS_Term2.md,2,(i) Cookies (1)
answer_text,Informatics Practices,2021-22,InformaticsPractices-MS_Term2.md,3,Output: (2)
answer_text,Informatics Practices,2021-22,InformaticsPractices-MS_Term2.md,4,Role of web server in hosting a website: (2)
answer_text,Informatics Practices,2021-22,InformaticsPractices-MS_Term2.md,8,Output: (3)
answer_text,Carnatic Music Vocal,2021-22,CarnaticMusicVocal-MS_Term2.md,6,"In a Carnatic music concert, a musician can exhibit his/her creativity through 4"
mcq_key,Biotechnology,2021-22,Biotechnology-MS_Term2.md,5,A
mcq_key,Biotechnology,2021-22,Biotechnology-MS_Term2.md,7,A
mcq_key,Biotechnology,2021-22,Biotechnology-MS_Term2.md,8,A
mcq_key,Biotechnology,2021-22,Biotechnology-MS_Term2.md,10,A
mcq_key,Biotechnology,2021-22,Biotechnology-MS_Term2.md,11,A
mcq_key,Biotechnology,2021-22,Biotechnology-MS_Term2.md,12,A
answer_text,Biotechnology,2021-22,Biotechnology-MS_Term2.md,6,T-cells play a major role in rejection of foreign grafts and hence they are 1
mcq_key,Home Science,2021-22,HomeScience-MS.md,30,B
mcq_key,Home Science,2021-22,HomeScience-MS.md,31,A
mcq_key,Home Science,2021-22,HomeScience-MS.md,32,B
mcq_key,Home Science,2021-22,HomeScience-MS.md,33,D
mcq_key,Home Science,2021-22,HomeScience-MS.md,34,D
mcq_key,Home Science,2021-22,HomeScience-MS.md,35,A
mcq_key,Home Science,2021-22,HomeScience-MS.md,36,C
mcq_key,Home Science,2021-22,HomeScience-MS.md,37,C
mcq_key,Home Science,2021-22,HomeScience-MS.md,38,A
mcq_key,Home Science,2021-22,HomeScience-MS.md,39,B
mcq_key,Home Science,2021-22,HomeScience-MS.md,40,C
mcq_key,Home Science,2021-22,HomeScience-MS.md,41,A
mcq_key,Home Science,2021-22,HomeScience-MS.md,42,B
mcq_key,Home Science,2021-22,HomeScience-MS.md,43,D
mcq_key,Home Science,2021-22,HomeScience-MS.md,44,B
mcq_key,Home Science,2021-22,HomeScience-MS.md,45,B
mcq_key,Home Science,2021-22,HomeScience-MS.md,46,C
mcq_key,Home Science,2021-22,HomeScience-MS.md,47,A
mcq_key,Home Science,2021-22,HomeScience-MS.md,48,B
mcq_key,Home Science,2021-22,HomeScience-MS.md,49,C
mcq_key,Home Science,2021-22,HomeScience-MS.md,50,A
mcq_key,Home Science,2021-22,HomeScience-MS.md,51,C
mcq_key,Home Science,2021-22,HomeScience-MS.md,52,D
mcq_key,Home Science,2021-22,HomeScience-MS.md,53,A
mcq_key,Home Science,2021-22,HomeScience-MS.md,54,C
mcq_key,Home Science,2021-22,HomeScience-MS.md,55,B
mcq_key,Physics,2021-22,Physics-MS.md,32,B
answer_text,Physics,2021-22,Physics-MS.md,2,Q Q2
answer_text,Physics,2021-22,Physics-MS.md,4,(ii)
answer_text,Physics,2021-22,Physics-MS.md,5,(i)
answer_text,Physics,2021-22,Physics-MS.md,6,(iv)
answer_text,Physics,2021-22,Physics-MS.md,7,(iii)
answer_text,Physics,2021-22,Physics-MS.md,12,(iii)
answer_text,Physics,2021-22,Physics-MS.md,13,We know
answer_text,Physics,2021-22,Physics-MS.md,17,Correct option (iii)
answer_text,Physics,2021-22,Physics-MS.md,18,Correct option (i)
answer_text,Physics,2021-22,Physics-MS.md,23,Correct option is (iii)
answer_text,Physics,2021-22,Physics-MS.md,24,Correct option is (i)
answer_text,Physics,2021-22,Physics-MS.md,25,E = E0 sin t
answer_text,Physics,2021-22,Physics-MS.md,29,Net E F I at G  O
answer_text,Physics,2021-22,Physics-MS.md,30,k=2 A = Same
answer_text,Physics,2021-22,Physics-MS.md,31,Correct statement is option (iv) as Primary coil made of Thick Coper wire has very less
answer_text,Physics,2021-22,Physics-MS.md,45,"Correct option is (iv) as both statements are false. To increase the range of an ammeter, suitable"
answer_text,Physics,2021-22,Physics-MS.md,46,Correct option is (iii)
answer_text,Physics,2021-22,Physics-MS.md,51,Correct ans. (ii) i.e. II only
mcq_key,Persian,2021-22,Persian-MS.md,2,A
answer_text,Bodo,2021-22,Bodo-MS_Term2.md,4,(क) फन: गोनोखोगोनां साननाय-हनायज माबा बेसाद एबा जाथाइ बसार- ब जर खालामनो
answer_text,Carnatic Music Vocal,2021-22,CarnaticMusicVocal-MS.md,1,B 0.6
answer_text,Carnatic Music Vocal,2021-22,CarnaticMusicVocal-MS.md,2,A 0.6
answer_text,Carnatic Music Vocal,2021-22,CarnaticMusicVocal-MS.md,3,D 0.6
answer_text,Carnatic Music Vocal,2021-22,CarnaticMusicVocal-MS.md,4,A 0.6
answer_text,Carnatic Music Vocal,2021-22,CarnaticMusicVocal-MS.md,5,B 0.6
answer_text,Carnatic Music Vocal,2021-22,CarnaticMusicVocal-MS.md,6,C 0.6
answer_text,Carnatic Music Vocal,2021-22,CarnaticMusicVocal-MS.md,7,B 0.6
answer_text,Carnatic Music Vocal,2021-22,CarnaticMusicVocal-MS.md,8,C 0.6
answer_text,Carnatic Music Vocal,2021-22,CarnaticMusicVocal-MS.md,9,D 0.6
answer_text,Carnatic Music Vocal,2021-22,CarnaticMusicVocal-MS.md,10,A 0.6
answer_text,Carnatic Music Vocal,2021-22,CarnaticMusicVocal-MS.md,11,C 0.6
answer_text,Carnatic Music Vocal,2021-22,CarnaticMusicVocal-MS.md,12,C 0.6
answer_text,Carnatic Music Vocal,2021-22,CarnaticMusicVocal-MS.md,13,B 0.6
answer_text,Carnatic Music Vocal,2021-22,CarnaticMusicVocal-MS.md,14,D 0.6
answer_text,Carnatic Music Vocal,2021-22,CarnaticMusicVocal-MS.md,15,C 0.6
answer_text,Carnatic Music Vocal,2021-22,CarnaticMusicVocal-MS.md,16,B 0.6
answer_text,Carnatic Music Vocal,2021-22,CarnaticMusicVocal-MS.md,17,A 0.6
answer_text,Carnatic Music Vocal,2021-22,CarnaticMusicVocal-MS.md,18,D 0.6
answer_text,Carnatic Music Vocal,2021-22,CarnaticMusicVocal-MS.md,19,B 0.6
answer_text,Carnatic Music Vocal,2021-22,CarnaticMusicVocal-MS.md,20,D 0.6
answer_text,Carnatic Music Vocal,2021-22,CarnaticMusicVocal-MS.md,21,C 0.6
answer_text,Carnatic Music Vocal,2021-22,CarnaticMusicVocal-MS.md,22,C 0.6
answer_text,Carnatic Music Vocal,2021-22,CarnaticMusicVocal-MS.md,23,A 0.6
answer_text,Carnatic Music Vocal,2021-22,CarnaticMusicVocal-MS.md,24,B 0.6
answer_text,Carnatic Music Vocal,2021-22,CarnaticMusicVocal-MS.md,30,D 0.6
answer_text,Malayalam,2021-22,Malayalam-MS.md,20,O >
answer_text,Malayalam,2021-22,Malayalam-MS.md,31,"R9ST!Q ! : "" 2"
answer_text,Malayalam,2021-22,Malayalam-MS.md,34,Q $ 2 WX $ !# L2 F H Q YG
mcq_key,Legal Studies,2021-22,LegalStudies-MS_Term2.md,15,A
answer_text,Legal Studies,2021-22,LegalStudies-MS_Term2.md,4,When can a senior advocate be appointed under the NALSA regulation? 6 R 2
answer_text,Legal Studies,2021-22,LegalStudies-MS_Term2.md,5,In a country Jingpa to give effect to a treaty it was put before the legislature 7 A 1+
answer_text,Legal Studies,2021-22,LegalStudies-MS_Term2.md,6,By passing of which legislation was the right to free legal aid under Article 6 R 1+
answer_text,Legal Studies,2021-22,LegalStudies-MS_Term2.md,7,The Citizens of Yodaland have been facing continuous and grave human 7 A 2
answer_text,Legal Studies,2021-22,LegalStudies-MS_Term2.md,12,Why does legal aid stand first in the species of human rights? 6 R 3
answer_text,Legal Studies,2021-22,LegalStudies-MS_Term2.md,18,What is the contribution of UNESCO and WHO to foster greater cooperation 7 R 5
mcq_key,Japanese,2021-22,Japanese-MS.md,16,A
mcq_key,Economics,2021-22,Economics-MS.md,1,D
mcq_key,Economics,2021-22,Economics-MS.md,2,C
mcq_key,Economics,2021-22,Economics-MS.md,3,D
mcq_key,Economics,2021-22,Economics-MS.md,4,D
mcq_key,Economics,2021-22,Economics-MS.md,5,A
mcq_key,Economics,2021-22,Economics-MS.md,6,A
mcq_key,Economics,2021-22,Economics-MS.md,7,C
mcq_key,Economics,2021-22,Economics-MS.md,8,C
mcq_key,Economics,2021-22,Economics-MS.md,9,B
mcq_key,Economics,2021-22,Economics-MS.md,10,D
mcq_key,Economics,2021-22,Economics-MS.md,11,C
mcq_key,Economics,2021-22,Economics-MS.md,12,C
mcq_key,Economics,2021-22,Economics-MS.md,13,B
mcq_key,Economics,2021-22,Economics-MS.md,14,C
mcq_key,Economics,2021-22,Economics-MS.md,15,A
mcq_key,Economics,2021-22,Economics-MS.md,16,A
mcq_key,Economics,2021-22,Economics-MS.md,17,D
mcq_key,Economics,2021-22,Economics-MS.md,18,B
mcq_key,Economics,2021-22,Economics-MS.md,19,C
mcq_key,Economics,2021-22,Economics-MS.md,20,B
answer_text,ODIA,2021-22,ODIA-MS_Term2.md,7,Kaòu ^ûc I iûjòZ¥ KéZò 1
answer_text,ODIA,2021-22,ODIA-MS_Term2.md,9,"MûÌòKu _eòPòZò, aòhd ^òùŸðg 1"
mcq_key,Geography,2021-22,Geography-MS.md,10,C
mcq_key,Geography,2021-22,Geography-MS.md,16,B
mcq_key,Geography,2021-22,Geography-MS.md,19,A
mcq_key,Geography,2021-22,Geography-MS.md,53,A
mcq_key,Geography,2021-22,Geography-MS.md,56,B
mcq_key,Geography,2021-22,Geography-MS.md,58,B
answer_text,Geography,2021-22,Geography-MS.md,11,Which one of the following is not a method of mining?
answer_text,Geography,2021-22,Geography-MS.md,13,"According to Census of India, migration is enumerated on which of the following basis?"
answer_text,Geography,2021-22,Geography-MS.md,14,Clustered settlements are not found in which of the following regions of India?
answer_text,Geography,2021-22,Geography-MS.md,15,Coffee Plantations in Brazil are known as:
answer_text,Geography,2021-22,Geography-MS.md,18,Which of the following colonial super power had monopoly over sugarcane plantation in
answer_text,Geography,2021-22,Geography-MS.md,20,Which one of the following concepts is related to Naturalization of Humans?
answer_text,Geography,2021-22,Geography-MS.md,29,Which of the following is the most heavily used inland waterway of the world?
answer_text,Geography,2021-22,Geography-MS.md,32,Above mentioned line is an important characteristic of which of the following activity?
answer_text,Geography,2021-22,Geography-MS.md,33,Which of the following statement is not true regarding the ‘Smart City Mission’?
answer_text,Geography,2021-22,Geography-MS.md,34,Which of the following is NOT an environmental consequence of migration?
answer_text,Geography,2021-22,Geography-MS.md,44,"In the year 2015, a policy was formulated for the adolescents to give them"
answer_text,Geography,2021-22,Geography-MS.md,54,What does the transition from high fluctuating stage to low fluctuating stage indicate?
answer_text,Geography,2021-22,Geography-MS.md,55,"From the given graph, what condition can you infer about the developing countries?"
answer_text,Khuchipudi,2021-22,Khuchipudi-MS_Term2.md,6,"Until about the 18th century, the Bhama Kalaapam was the only 4"
answer_text,Economics,2021-22,Economics-MS_Term2.md,5,"The given statement is true; infrastructural development in an economy increases productivity,"
answer_text,Economics,2021-22,Economics-MS_Term2.md,6,Following will not be included in estimation of National Income of India:
answer_text,Economics,2021-22,Economics-MS_Term2.md,8,Economic advantages of China Pakistan Economic Corridor (CPEC) to the economy of
answer_text,Economics,2021-22,Economics-MS_Term2.md,9,China has become famous for its ‘Debt Trap Diplomacy’ in recent times. Under this 3
mcq_key,Biology,2021-22,Biology-MS_Term2.md,11,A
mcq_key,Biology,2021-22,Biology-MS_Term2.md,12,A
mcq_key,Biology,2021-22,Biology-MS_Term2.md,13,A
answer_text,Biology,2021-22,Biology-MS_Term2.md,5,This interaction will lead to competition between the individuals of 2
answer_text,Biology,2021-22,Biology-MS_Term2.md,6,The relationship between the plant and pollinator is called mutualism. 2
answer_text,Biology,2021-22,Biology-MS_Term2.md,7,Transformation of normal cells into cancerous neoplastic cells may be 3
mcq_key,Chemistry,2021-22,Chemistry-MS.md,12,D
mcq_key,Chemistry,2021-22,Chemistry-MS.md,13,A
mcq_key,Chemistry,2021-22,Chemistry-MS.md,14,B
mcq_key,Chemistry,2021-22,Chemistry-MS.md,15,D
mcq_key,Chemistry,2021-22,Chemistry-MS.md,16,B
mcq_key,Chemistry,2021-22,Chemistry-MS.md,17,B
mcq_key,Chemistry,2021-22,Chemistry-MS.md,18,C
mcq_key,Chemistry,2021-22,Chemistry-MS.md,19,B
mcq_key,Chemistry,2021-22,Chemistry-MS.md,20,A
mcq_key,Chemistry,2021-22,Chemistry-MS.md,22,D
mcq_key,Chemistry,2021-22,Chemistry-MS.md,37,D
mcq_key,Chemistry,2021-22,Chemistry-MS.md,38,C
mcq_key,Chemistry,2021-22,Chemistry-MS.md,39,D
mcq_key,Chemistry,2021-22,Chemistry-MS.md,40,D
mcq_key,Chemistry,2021-22,Chemistry-MS.md,48,A
mcq_key,Chemistry,2021-22,Chemistry-MS.md,50,B
mcq_key,Chemistry,2021-22,Chemistry-MS.md,51,D
mcq_key,Chemistry,2021-22,Chemistry-MS.md,52,A
mcq_key,Chemistry,2021-22,Chemistry-MS.md,36,D
answer_text,Bharatnatyam,2021-22,Bharatnatyam-MS_Term2.md,6,The Abhinayadarpanam is a text that was authored by Acharya
answer_text,History,2021-22,History-MS_Term2.md,1,Role of Dr BR Ambedkar in the Constituent Assembly of 3
answer_text,History,2021-22,History-MS_Term2.md,2,Critically analyse the Fifth Report of 1813. 3
answer_text,History,2021-22,History-MS_Term2.md,5,Role of prominent leaders of the Revolt of 1857. 6
answer_text,History,2021-22,History-MS_Term2.md,8,Read the source given below and answer the questions that 4H
answer_text,History,2021-22,History-MS_Term2.md,9,Read the source given below and answer the questions that 4H
answer_text,KTPI,2021-22,KTPI-MS.md,6,"Since ancient times, this martial art was accorded the status of a respectable sport and"
answer_text,KTPI,2021-22,KTPI-MS.md,7,Training of this martial art involves Ayurvedic treatments for body and mind and
answer_text,KTPI,2021-22,KTPI-MS.md,9,The Grand Anicut (Kallanai) was built across which river?
mcq_key,Manipuri,2021-22,Manipuri-MS.md,1,A
mcq_key,Manipuri,2021-22,Manipuri-MS.md,2,B
mcq_key,Manipuri,2021-22,Manipuri-MS.md,3,C
mcq_key,Manipuri,2021-22,Manipuri-MS.md,4,D
mcq_key,Manipuri,2021-22,Manipuri-MS.md,5,B
mcq_key,Manipuri,2021-22,Manipuri-MS.md,6,B
mcq_key,Manipuri,2021-22,Manipuri-MS.md,7,A
mcq_key,Manipuri,2021-22,Manipuri-MS.md,8,B
mcq_key,Manipuri,2021-22,Manipuri-MS.md,9,C
mcq_key,Manipuri,2021-22,Manipuri-MS.md,10,A
mcq_key,Manipuri,2021-22,Manipuri-MS.md,11,C
mcq_key,Manipuri,2021-22,Manipuri-MS.md,12,C
mcq_key,Manipuri,2021-22,Manipuri-MS.md,13,A
mcq_key,Manipuri,2021-22,Manipuri-MS.md,14,A
mcq_key,Manipuri,2021-22,Manipuri-MS.md,15,A
mcq_key,Manipuri,2021-22,Manipuri-MS.md,16,A
mcq_key,Manipuri,2021-22,Manipuri-MS.md,17,C
mcq_key,Manipuri,2021-22,Manipuri-MS.md,18,A
mcq_key,Manipuri,2021-22,Manipuri-MS.md,19,B
mcq_key,Manipuri,2021-22,Manipuri-MS.md,20,C
mcq_key,Manipuri,2021-22,Manipuri-MS.md,21,C
mcq_key,Manipuri,2021-22,Manipuri-MS.md,22,B
mcq_key,Manipuri,2021-22,Manipuri-MS.md,23,A
mcq_key,Manipuri,2021-22,Manipuri-MS.md,24,B
mcq_key,Manipuri,2021-22,Manipuri-MS.md,25,C
mcq_key,Manipuri,2021-22,Manipuri-MS.md,26,A
mcq_key,Manipuri,2021-22,Manipuri-MS.md,27,D
mcq_key,Manipuri,2021-22,Manipuri-MS.md,28,C
mcq_key,Manipuri,2021-22,Manipuri-MS.md,29,C
mcq_key,Manipuri,2021-22,Manipuri-MS.md,30,B
answer_text,Entrepreneurship,2021-22,Entrepreneurship-MS_Term2.md,4,Evaluate the two approaches used in sales strategy by a company while 2
answer_text,Entrepreneurship,2021-22,Entrepreneurship-MS_Term2.md,5,What is operating synergy? How is it different from financial synergy? 2
answer_text,Entrepreneurship,2021-22,Entrepreneurship-MS_Term2.md,6,Enlist any four main public relation tools? 2
answer_text,Entrepreneurship,2021-22,Entrepreneurship-MS_Term2.md,9,Explain the various approaches used in promotion strategy. 3
answer_text,Entrepreneurship,2021-22,Entrepreneurship-MS_Term2.md,12,Who are Angel Investors? State any four features of Angel Investors. 5
answer_text,Entrepreneurship,2021-22,Entrepreneurship-MS_Term2.md,15,Explain the factors affecting channels of distribution with relation to market 5
mcq_key,Khuchipudi,2021-22,Khuchipudi-MS.md,1,C
mcq_key,Khuchipudi,2021-22,Khuchipudi-MS.md,2,A
mcq_key,Khuchipudi,2021-22,Khuchipudi-MS.md,3,B
mcq_key,Khuchipudi,2021-22,Khuchipudi-MS.md,4,A
mcq_key,Khuchipudi,2021-22,Khuchipudi-MS.md,5,C
mcq_key,Khuchipudi,2021-22,Khuchipudi-MS.md,6,C
mcq_key,Khuchipudi,2021-22,Khuchipudi-MS.md,7,B
mcq_key,Khuchipudi,2021-22,Khuchipudi-MS.md,8,B
mcq_key,Khuchipudi,2021-22,Khuchipudi-MS.md,9,C
mcq_key,Khuchipudi,2021-22,Khuchipudi-MS.md,10,B
mcq_key,Khuchipudi,2021-22,Khuchipudi-MS.md,11,C
mcq_key,Khuchipudi,2021-22,Khuchipudi-MS.md,12,A
mcq_key,Khuchipudi,2021-22,Khuchipudi-MS.md,13,A
mcq_key,Khuchipudi,2021-22,Khuchipudi-MS.md,14,C
mcq_key,Khuchipudi,2021-22,Khuchipudi-MS.md,15,B
mcq_key,Khuchipudi,2021-22,Khuchipudi-MS.md,16,A
mcq_key,Khuchipudi,2021-22,Khuchipudi-MS.md,17,A
mcq_key,Khuchipudi,2021-22,Khuchipudi-MS.md,18,D
mcq_key,Khuchipudi,2021-22,Khuchipudi-MS.md,19,C
mcq_key,Khuchipudi,2021-22,Khuchipudi-MS.md,20,C
mcq_key,Khuchipudi,2021-22,Khuchipudi-MS.md,21,A
mcq_key,Khuchipudi,2021-22,Khuchipudi-MS.md,22,C
mcq_key,Khuchipudi,2021-22,Khuchipudi-MS.md,23,A
mcq_key,Khuchipudi,2021-22,Khuchipudi-MS.md,24,C
mcq_key,Khuchipudi,2021-22,Khuchipudi-MS.md,25,A
mcq_key,Khuchipudi,2021-22,Khuchipudi-MS.md,26,C
mcq_key,Khuchipudi,2021-22,Khuchipudi-MS.md,27,D
mcq_key,Khuchipudi,2021-22,Khuchipudi-MS.md,28,B
mcq_key,Khuchipudi,2021-22,Khuchipudi-MS.md,29,B
mcq_key,Khuchipudi,2021-22,Khuchipudi-MS.md,30,C
mcq_key,Mizo,2021-22,Mizo-MS.md,31,D
mcq_key,Mizo,2021-22,Mizo-MS.md,32,B
mcq_key,Mizo,2021-22,Mizo-MS.md,33,D
mcq_key,Mizo,2021-22,Mizo-MS.md,34,C
mcq_key,Mizo,2021-22,Mizo-MS.md,35,A
mcq_key,Mizo,2021-22,Mizo-MS.md,36,C
mcq_key,Mizo,2021-22,Mizo-MS.md,37,D
mcq_key,Mizo,2021-22,Mizo-MS.md,38,A
mcq_key,Mizo,2021-22,Mizo-MS.md,39,C
mcq_key,Mizo,2021-22,Mizo-MS.md,40,B
mcq_key,Mizo,2021-22,Mizo-MS.md,41,D
mcq_key,Mizo,2021-22,Mizo-MS.md,42,C
mcq_key,Mizo,2021-22,Mizo-MS.md,43,D
mcq_key,Mizo,2021-22,Mizo-MS.md,44,C
mcq_key,Mizo,2021-22,Mizo-MS.md,45,A
mcq_key,Mizo,2021-22,Mizo-MS.md,46,C
mcq_key,Mizo,2021-22,Mizo-MS.md,47,D
mcq_key,Mizo,2021-22,Mizo-MS.md,48,B
mcq_key,Mizo,2021-22,Mizo-MS.md,49,D
mcq_key,Mizo,2021-22,Mizo-MS.md,50,A
answer_text,Entrepreneurship,2021-22,Entrepreneurship-MS.md,4,A Company is called an artificial person because ____.
answer_text,Entrepreneurship,2021-22,Entrepreneurship-MS.md,5,Which of the following factors does the macro-environment not include?
answer_text,Entrepreneurship,2021-22,Entrepreneurship-MS.md,6,Which of the following formats of business plan is not targeted towards the external
answer_text,Entrepreneurship,2021-22,Entrepreneurship-MS.md,7,What is the minimum number of members required to start a public company?
answer_text,Entrepreneurship,2021-22,Entrepreneurship-MS.md,8,A company generally affixes a ………….in most of it’s documents
answer_text,Entrepreneurship,2021-22,Entrepreneurship-MS.md,9,An idea should eventually lead to success of the venture of an entrepreneur. Which among the
answer_text,Entrepreneurship,2021-22,Entrepreneurship-MS.md,10,(i) Each partner is liable for acts performed by other partners
answer_text,Entrepreneurship,2021-22,Entrepreneurship-MS.md,17,What is the basic test of a successful entrepreneur?
answer_text,Entrepreneurship,2021-22,Entrepreneurship-MS.md,19,Identify the third stage in Opportunity Project Interface.
answer_text,Entrepreneurship,2021-22,Entrepreneurship-MS.md,20,Which form of business organisation can commence business immediately after incorporation?
answer_text,Entrepreneurship,2021-22,Entrepreneurship-MS.md,21,What can serve as a basis for formulation of strategies and policies?
answer_text,Entrepreneurship,2021-22,Entrepreneurship-MS.md,22,Sara had established a homemade papad business in Pune. Papads made by her were very
answer_text,Entrepreneurship,2021-22,Entrepreneurship-MS.md,23,Which of the following feature applies ONLY to a public company?
answer_text,Entrepreneurship,2021-22,Entrepreneurship-MS.md,28,"Moon Pharma Ltd. manufactures face masks and face shield, amidst the COVID 19 pandemic."
answer_text,Entrepreneurship,2021-22,Entrepreneurship-MS.md,29,The scope of the company form of organisation is determined by
answer_text,Entrepreneurship,2021-22,Entrepreneurship-MS.md,30,Assertion (A) : Needs and problems exists in the environment
answer_text,Entrepreneurship,2021-22,Entrepreneurship-MS.md,31,Can all ideas be converted into opportunities?
answer_text,Entrepreneurship,2021-22,Entrepreneurship-MS.md,32,An economic idea which can be implemented to create a business enterprise and earn profits
answer_text,Entrepreneurship,2021-22,Entrepreneurship-MS.md,36,Mota Ram runs a small business specialising in delivering organic fruits and Vegetables to the
answer_text,Entrepreneurship,2021-22,Entrepreneurship-MS.md,37,George Kutty has a coffee bean processing unit in Kerala. During the pandemic he has learnt
answer_text,Entrepreneurship,2021-22,Entrepreneurship-MS.md,38,Aloma Ayurvedic Limited is a well established name in the market for ayurvedic medicine. It
answer_text,Entrepreneurship,2021-22,Entrepreneurship-MS.md,41,"Nonika Ltd. manufactures two types of calculators, Basic Model and Scientific Calculators. The"
answer_text,Entrepreneurship,2021-22,Entrepreneurship-MS.md,42,WX ltd. is in the process of innovating a new pen drive especially for teachers which will have a
answer_text,Entrepreneurship,2021-22,Entrepreneurship-MS.md,43,Match the following
answer_text,Entrepreneurship,2021-22,Entrepreneurship-MS.md,49,Surya and his friend Chander are into developing sustainable products that are environment
answer_text,Entrepreneurship,2021-22,Entrepreneurship-MS.md,50,"In a bid to send astronauts to Mars, US space agency Nasa has invited applications for four"
answer_text,Entrepreneurship,2021-22,Entrepreneurship-MS.md,51,Lakshmi Menon was troubled to see the huge waste generated by the scrap material left behind
answer_text,Entrepreneurship,2021-22,Entrepreneurship-MS.md,56,Sindhuja was extremely good at making traditional sweets which she had learnt from her
answer_text,Entrepreneurship,2021-22,Entrepreneurship-MS.md,57,"Monik Ltd., was the market leader in the Mobile Phone industry in 2000. The company was"
answer_text,Entrepreneurship,2021-22,Entrepreneurship-MS.md,58,"Hitesh, a fisherman, faced a lot of problems in selling the fish he caught. His entire community"
answer_text,Entrepreneurship,2021-22,Entrepreneurship-MS.md,59,Suganya wanted the younger generation to understand the nutritional value of traditional food.
answer_text,Entrepreneurship,2021-22,Entrepreneurship-MS.md,60,"Fit ltd., has become a well-known brand name in the field of fitness. Their products range from"
mcq_key,Kathak,2021-22,Kathak-MS.md,1,A
mcq_key,Kathak,2021-22,Kathak-MS.md,2,B
mcq_key,Kathak,2021-22,Kathak-MS.md,3,C
mcq_key,Kathak,2021-22,Kathak-MS.md,4,B
mcq_key,Kathak,2021-22,Kathak-MS.md,5,C
mcq_key,Kathak,2021-22,Kathak-MS.md,6,C
mcq_key,Kathak,2021-22,Kathak-MS.md,7,D
mcq_key,Kathak,2021-22,Kathak-MS.md,8,B
mcq_key,Kathak,2021-22,Kathak-MS.md,9,C
mcq_key,Kathak,2021-22,Kathak-MS.md,10,B
mcq_key,Kathak,2021-22,Kathak-MS.md,11,B
mcq_key,Kathak,2021-22,Kathak-MS.md,13,C
mcq_key,Kathak,2021-22,Kathak-MS.md,14,C
mcq_key,Kathak,2021-22,Kathak-MS.md,15,C
mcq_key,Kathak,2021-22,Kathak-MS.md,16,C
mcq_key,Kathak,2021-22,Kathak-MS.md,17,B
mcq_key,Kathak,2021-22,Kathak-MS.md,18,C
mcq_key,Kathak,2021-22,Kathak-MS.md,19,B
mcq_key,Kathak,2021-22,Kathak-MS.md,20,C
mcq_key,Kathak,2021-22,Kathak-MS.md,21,D
mcq_key,Kathak,2021-22,Kathak-MS.md,22,B
mcq_key,Kathak,2021-22,Kathak-MS.md,23,C
mcq_key,Kathak,2021-22,Kathak-MS.md,24,D
mcq_key,Kathak,2021-22,Kathak-MS.md,25,B
mcq_key,Kathak,2021-22,Kathak-MS.md,26,C
mcq_key,Kathak,2021-22,Kathak-MS.md,27,D
mcq_key,Kathak,2021-22,Kathak-MS.md,28,B
mcq_key,Kathak,2021-22,Kathak-MS.md,29,A
mcq_key,Kathak,2021-22,Kathak-MS.md,30,C
answer_text,Psychology,2021-22,Psychology-MS_Term2.md,2,Explain any two factors that influence attitude formation. 2 6
answer_text,Psychology,2021-22,Psychology-MS_Term2.md,3,What is cognitive dissonance? Give an example. 2 6
answer_text,Psychology,2021-22,Psychology-MS_Term2.md,4,Radhika has been diagnosed with generalised anxiety disorder. 3 4
answer_text,Psychology,2021-22,Psychology-MS_Term2.md,7,Describe the defining symptoms of oppositional defiant disorder and 4 4
answer_text,Psychology,2021-22,Psychology-MS_Term2.md,11,Identify the method used by the healer to cure Maya’s illness. How 2 4
answer_text,Psychology,2021-22,Psychology-MS_Term2.md,12,Which approach do you think would best explain Rita’s 2 4
mcq_key,Physical Education,2021-22,PhysicalEducation-MS_Term2.md,8,A
answer_text,Physical Education,2021-22,PhysicalEducation-MS_Term2.md,4,Autism SPECTRUM Disorder (ASD) (1+1=2)
answer_text,Physical Education,2021-22,PhysicalEducation-MS_Term2.md,5,Changes happening in the muscular system due to exercising.
answer_text,Physical Education,2021-22,PhysicalEducation-MS_Term2.md,6,Social Awards: The Government of India every year announces awards for
answer_text,Physical Education,2021-22,PhysicalEducation-MS_Term2.md,13,"ASTHMA :SUKHASANA, CHAKRASANA, GOMUKHASANA, PARVATASANA,"
answer_text,Physical Education,2021-22,PhysicalEducation-MS_Term2.md,16,Fast Twitch Muscle Fibre: The muscle composition is genetically determined
answer_text,Physical Education,2021-22,PhysicalEducation-MS_Term2.md,18,PAWANMUKTASANA
answer_text,NCC,2021-22,NCC-MS.md,46,A 49 A 52 D 55 A 58 A
answer_text,NCC,2021-22,NCC-MS.md,47,C 50 C 53 A 56 A 59 D
answer_text,NCC,2021-22,NCC-MS.md,48,D 51 B 54 A 57 A 60 D
mcq_key,French,2021-22,French-MS.md,27,A
mcq_key,French,2021-22,French-MS.md,28,A
mcq_key,French,2021-22,French-MS.md,29,C
mcq_key,French,2021-22,French-MS.md,30,C
mcq_key,French,2021-22,French-MS.md,31,B
mcq_key,French,2021-22,French-MS.md,32,A
mcq_key,French,2021-22,French-MS.md,33,B
mcq_key,French,2021-22,French-MS.md,34,A
mcq_key,French,2021-22,French-MS.md,35,B
mcq_key,French,2021-22,French-MS.md,36,C
mcq_key,French,2021-22,French-MS.md,37,A
mcq_key,French,2021-22,French-MS.md,38,B
mcq_key,French,2021-22,French-MS.md,39,A
mcq_key,French,2021-22,French-MS.md,40,B
mcq_key,French,2021-22,French-MS.md,41,A
mcq_key,French,2021-22,French-MS.md,42,B
mcq_key,French,2021-22,French-MS.md,43,A
mcq_key,French,2021-22,French-MS.md,44,C
mcq_key,French,2021-22,French-MS.md,45,C
mcq_key,French,2021-22,French-MS.md,46,B
mcq_key,French,2021-22,French-MS.md,47,B
mcq_key,French,2021-22,French-MS.md,48,C
mcq_key,French,2021-22,French-MS.md,49,C
mcq_key,French,2021-22,French-MS.md,50,B
mcq_key,French,2021-22,French-MS.md,51,A
mcq_key,French,2021-22,French-MS.md,52,A
mcq_key,French,2021-22,French-MS.md,53,B
mcq_key,French,2021-22,French-MS.md,54,C
mcq_key,Pol Sci,2021-22,PolSci-MS.md,29,C
mcq_key,Pol Sci,2021-22,PolSci-MS.md,30,A
mcq_key,Pol Sci,2021-22,PolSci-MS.md,31,B
mcq_key,Pol Sci,2021-22,PolSci-MS.md,32,C
mcq_key,Pol Sci,2021-22,PolSci-MS.md,33,D
mcq_key,Pol Sci,2021-22,PolSci-MS.md,34,D
mcq_key,Pol Sci,2021-22,PolSci-MS.md,35,A
mcq_key,Pol Sci,2021-22,PolSci-MS.md,36,A
mcq_key,Pol Sci,2021-22,PolSci-MS.md,37,C
mcq_key,Pol Sci,2021-22,PolSci-MS.md,38,A
mcq_key,Pol Sci,2021-22,PolSci-MS.md,39,A
mcq_key,Pol Sci,2021-22,PolSci-MS.md,40,A
mcq_key,Pol Sci,2021-22,PolSci-MS.md,41,B
mcq_key,Pol Sci,2021-22,PolSci-MS.md,42,B
mcq_key,Pol Sci,2021-22,PolSci-MS.md,43,B
mcq_key,Pol Sci,2021-22,PolSci-MS.md,44,A
mcq_key,Pol Sci,2021-22,PolSci-MS.md,45,C
mcq_key,Pol Sci,2021-22,PolSci-MS.md,46,D
mcq_key,Pol Sci,2021-22,PolSci-MS.md,47,D
mcq_key,Pol Sci,2021-22,PolSci-MS.md,48,A
mcq_key,Pol Sci,2021-22,PolSci-MS.md,49,B
mcq_key,Pol Sci,2021-22,PolSci-MS.md,50,B
mcq_key,Pol Sci,2021-22,PolSci-MS.md,51,B
mcq_key,Pol Sci,2021-22,PolSci-MS.md,52,D
mcq_key,Pol Sci,2021-22,PolSci-MS.md,53,D
mcq_key,Pol Sci,2021-22,PolSci-MS.md,54,C
mcq_key,Pol Sci,2021-22,PolSci-MS.md,55,B
mcq_key,Pol Sci,2021-22,PolSci-MS.md,56,C
mcq_key,Pol Sci,2021-22,PolSci-MS.md,57,A
mcq_key,Pol Sci,2021-22,PolSci-MS.md,58,C
mcq_key,Pol Sci,2021-22,PolSci-MS.md,59,C
mcq_key,Pol Sci,2021-22,PolSci-MS.md,60,C
answer_text,Hindustani Vocal,2021-22,HindustaniVocal-MS_Term2.md,1,Meaning of the term Murchhana and their number in each Gram. 2
answer_text,Hindustani Vocal,2021-22,HindustaniVocal-MS_Term2.md,2,The candidate is expected to describe the notes in which each string of 2
answer_text,Hindustani Vocal,2021-22,HindustaniVocal-MS_Term2.md,3,"Date and place of birth,training,musical style,new"
answer_text,Hindustani Vocal,2021-22,HindustaniVocal-MS_Term2.md,4,"The candidate is expected to write Thaat, Vadi, Samvadi, Time, 2"
answer_text,Hindustani Vocal,2021-22,HindustaniVocal-MS_Term2.md,5,"Author,time,number of chapters,musical content in each chapter along"
answer_text,Hindustani Vocal,2021-22,HindustaniVocal-MS_Term2.md,6,Writing in notation Sthayi and Antara of Dhamar in any one of the 4
mcq_key,Sculpture,2021-22,Sculpture-MS.md,4,A
mcq_key,Sculpture,2021-22,Sculpture-MS.md,5,A
mcq_key,Sculpture,2021-22,Sculpture-MS.md,6,A
mcq_key,Sculpture,2021-22,Sculpture-MS.md,10,C
mcq_key,Sculpture,2021-22,Sculpture-MS.md,11,B
mcq_key,Sculpture,2021-22,Sculpture-MS.md,14,D
mcq_key,Sculpture,2021-22,Sculpture-MS.md,16,B
mcq_key,Sculpture,2021-22,Sculpture-MS.md,18,B
mcq_key,Sculpture,2021-22,Sculpture-MS.md,23,A
mcq_key,Sculpture,2021-22,Sculpture-MS.md,24,B
mcq_key,Sculpture,2021-22,Sculpture-MS.md,25,B
answer_text,Sculpture,2021-22,Sculpture-MS.md,1,B-Mewar 0.6
answer_text,Sculpture,2021-22,Sculpture-MS.md,2,C-Sahibdin 0.6
answer_text,Sculpture,2021-22,Sculpture-MS.md,3,C-Radha bani thani 0.6
answer_text,Sculpture,2021-22,Sculpture-MS.md,7,A- National Muesuem of Delhi 0.6
answer_text,Sculpture,2021-22,Sculpture-MS.md,8,C-Abul Fazal 0.6
answer_text,Sculpture,2021-22,Sculpture-MS.md,9,D-Kangra 0.6
answer_text,Sculpture,2021-22,Sculpture-MS.md,12,A- Deccan style 0.6
answer_text,Sculpture,2021-22,Sculpture-MS.md,13,C-Akbar 0.6
answer_text,Sculpture,2021-22,Sculpture-MS.md,15,A- Maru-Ragini 0.6
answer_text,Sculpture,2021-22,Sculpture-MS.md,17,C- Nayak Nayikabhed 0.6
answer_text,Sculpture,2021-22,Sculpture-MS.md,19,D- Rajasthani Or Hindu style 0.6
answer_text,Sculpture,2021-22,Sculpture-MS.md,20,A-Akbar 0.6
answer_text,Sculpture,2021-22,Sculpture-MS.md,21,B- 1750-70 A.D 0.6
answer_text,Sculpture,2021-22,Sculpture-MS.md,22,A-Akbar Nama 0.6
answer_text,Sculpture,2021-22,Sculpture-MS.md,26,C). Jahangir 0.6
answer_text,Sculpture,2021-22,Sculpture-MS.md,27,C).1618-19 A.D 0.6
answer_text,Sculpture,2021-22,Sculpture-MS.md,28,A). Mughal 0.6
answer_text,Sculpture,2021-22,Sculpture-MS.md,29,B). Falcon at the Bird Rest. 0.6
answer_text,Sculpture,2021-22,Sculpture-MS.md,30,B). Mughal school of Art 0.6
answer_text,Sociology,2021-22,Sociology-MS.md,20,Language coupled with ___________and _____________ have provided the
answer_text,Sociology,2021-22,Sociology-MS.md,21,"To be effective, the ideas of inclusive nationalism had to be built into the"
answer_text,Sociology,2021-22,Sociology-MS.md,22,What criterion is used to define minority in the sociological sense?
answer_text,Sociology,2021-22,Sociology-MS.md,24,"Stree Purush Tulana, was written as a protest against the double standards"
answer_text,Sociology,2021-22,Sociology-MS.md,25,Scholars have shown that the inequalities between men and women are
answer_text,Sociology,2021-22,Sociology-MS.md,26,Low child sex ratio cannot be attributed to which of the following factors-
answer_text,Sociology,2021-22,Sociology-MS.md,27,The city offers anonymity which is an important reason for rural to urban
answer_text,Sociology,2021-22,Sociology-MS.md,28,Caste system can be understood as the combination of two sets of principles-
answer_text,Sociology,2021-22,Sociology-MS.md,30,Assertion: The emergence of sociology and its successful establishment as
answer_text,Sociology,2021-22,Sociology-MS.md,31,"When the growth rate is 0, the population is said to have reached-"
answer_text,Sociology,2021-22,Sociology-MS.md,32,Which of the demographic indicators are not used to calculate total fertility
answer_text,Sociology,2021-22,Sociology-MS.md,33,Kerala is beginning to acquire an age structure like that of the developed
answer_text,Sociology,2021-22,Sociology-MS.md,34,A state like Tripura had the tribal share of its population halved within a single
answer_text,Sociology,2021-22,Sociology-MS.md,35,Assertion: Sanskritisation usually accompanies or follows a rise in the
answer_text,Sociology,2021-22,Sociology-MS.md,59,The complication mentioned in the passage is not due to-
answer_text,Sociology,2021-22,Sociology-MS.md,60,Which of the following does not convey the meaning of secularisation?
mcq_key,Computer Science Old,2019-20,ComputerScienceOld_MS.md,2,A
mcq_key,Computer Science Old,2019-20,ComputerScienceOld_MS.md,6,A
answer_text,Computer Science Old,2019-20,ComputerScienceOld_MS.md,3,Ans. A copy constructor is an overloaded constructor in which an object of the
mcq_key,History,2019-20,History_MS.md,16,D
mcq_key,History,2019-20,History_MS.md,17,D
mcq_key,History,2019-20,History_MS.md,18,D
mcq_key,History,2019-20,History_MS.md,19,A
answer_text,History,2019-20,History_MS.md,3,Policy of racial discrimination adopted by the British officers in
answer_text,History,2019-20,History_MS.md,2,He identified himself with the common man.Dressed like
answer_text,History,2019-20,History_MS.md,28,The lane is called Deadman lane: 2
answer_text,Mathematics,2019-20,Mathematics_MS.md,18,Let x + sin x =
answer_text,Mathematics,2019-20,Mathematics_MS.md,27,Let = f(x) = ………………………(1)
answer_text,Mathematics,2019-20,Mathematics_MS.md,30,Consider I=∫ | −2 | 1
answer_text,Mathematics,2019-20,Mathematics_MS.md,31,Let X denotes the smaller of the two numbers obtained
answer_text,Mathematics,2019-20,Mathematics_MS.md,35,Let be the radius and ℎbe the height of half cylinder
answer_text,Mathematics,2019-20,Mathematics_MS.md,36,"Let ( , , ) be any point on the plane in which (2,1,2) and (4, −2,1)lie."
mcq_key,Biology,2019-20,Biology_MS.md,21,A
mcq_key,Biology,2019-20,Biology_MS.md,23,A
answer_text,Biology,2019-20,Biology_MS.md,24,Platinum-pallidium Rhodium (Any two ½ +½ = 1Mark) 3
answer_text,Hindustani Percussion,2019-20,HindustaniPercussion_MS.md,2,The candidate is required to do the notation in proper manner of
answer_text,Hindustani Percussion,2019-20,HindustaniPercussion_MS.md,3,The candidate is expected to write Laykari such as Tigun & Ada.
answer_text,Hindustani Percussion,2019-20,HindustaniPercussion_MS.md,4,The candidate is to write about history of Tabla or Pakhawaj.
answer_text,Hindustani Percussion,2019-20,HindustaniPercussion_MS.md,5,The candidate is expected to write about Ustad Zakir Hussain.
answer_text,Manipuri Dance,2019-20,ManipuriDance_MS.md,4,Angika Abhinaya conveys the narrative with bodily movements including 5
answer_text,Manipuri Dance,2019-20,ManipuriDance_MS.md,5,"Since the whole concept of Manipuri dance is based on Bhakti Rasa, 5"
answer_text,Manipuri Dance,2019-20,ManipuriDance_MS.md,6,Krishna wears a yellow (muga silk) Dhoti. A child Krishna as is usual in 5
answer_text,Kathakali,2019-20,Kathakali_MS.md,4,"Kathakali is indebted to Kootiyattam for many elements of make-up, 5"
answer_text,Arabic,2019-20,Arabic_MS.md,4,Essay writing in Arabic on a given topic in about 200 8+2=10
answer_text,Arabic,2019-20,Arabic_MS.md,5,Use any five related pronouns (‫ )اﻷﺳـﻤﺎء ا ﻮﺻـﻮﻟﺔ‬in your 5+2=10
answer_text,Arabic,2019-20,Arabic_MS.md,6,Correct the fei’l in the sentence. 1X5=05
answer_text,Arabic,2019-20,Arabic_MS.md,7,Take the root of any five. 1X5=05
answer_text,Arabic,2019-20,Arabic_MS.md,8,Translation of any three text passages about 5 lines 04+04+01+01=10
answer_text,Arabic,2019-20,Arabic_MS.md,9,Putting vowel points on a passage. (10 marks) 2+8=10
answer_text,Arabic,2019-20,Arabic_MS.md,10,Poetry: explanation of any four verses. (10 marks) 8+2=10
mcq_key,Legal Studies,2019-20,LegalStudies_MS.md,13,A
answer_text,Legal Studies,2019-20,LegalStudies_MS.md,6,The relevant case law applicable in 2014 and 2018 is Shanta Bai 1 X 2 =2
answer_text,Legal Studies,2019-20,LegalStudies_MS.md,11,Maneka Gandhi v. Union of India (AIR 1978 SC 597) provided 2
answer_text,Legal Studies,2019-20,LegalStudies_MS.md,12,"Private International Law, is a set of rules and principles that 1+1=2"
answer_text,Legal Studies,2019-20,LegalStudies_MS.md,14,"Prosecution of an offence is usually a two step process. Firstly, the 2 +2=4"
answer_text,Legal Studies,2019-20,LegalStudies_MS.md,19,Wager – Wager is a contract where one person promises to pay the 3
answer_text,Legal Studies,2019-20,LegalStudies_MS.md,21,India balances the interplay between international law and Any 6
answer_text,Legal Studies,2019-20,LegalStudies_MS.md,1,Article 51 of the Indian Constitution specifically states that
answer_text,Legal Studies,2019-20,LegalStudies_MS.md,2,"Under Article 253 of the Constitution of India, the"
answer_text,Legal Studies,2019-20,LegalStudies_MS.md,3,India generally merely affirms a treaty by way of ratifying it
answer_text,Legal Studies,2019-20,LegalStudies_MS.md,4,In the land mark case of Kesavananda Bharti v. State of
answer_text,Legal Studies,2019-20,LegalStudies_MS.md,5,"In the case of Magan Bhai Patel v Union of India, the court"
answer_text,Legal Studies,2019-20,LegalStudies_MS.md,7,"However, in the case of Sheela Barse v Secretary Children's"
answer_text,Sanskrit Elective,2019-20,SanskritElective_MS.md,14,(अ) ूान ््उ@रत – ( के वलं |यम ््) 1x2=2
answer_text,Sanskrit Elective,2019-20,SanskritElective_MS.md,15,(अ) क?िचदेक? श_ाल5ार? सोदाहरणं लणं िलखत - 2x1=2
mcq_key,Business Studies,2019-20,BusinessStudies_MS.md,24,A
mcq_key,Business Studies,2019-20,BusinessStudies_MS.md,25,A
answer_text,Business Studies,2019-20,BusinessStudies_MS.md,1,Selection of broker- The buying & selling can be through SEBI broker. The first step is to
answer_text,Business Studies,2019-20,BusinessStudies_MS.md,2,Opening DEMAT account with a depository participant. (1x2=2)
answer_text,Business Studies,2019-20,BusinessStudies_MS.md,3,Executing order- When the shares can be bought & sold at the price mentioned it will be
answer_text,Business Studies,2019-20,BusinessStudies_MS.md,4,Issue of contract note- After the trade has been executed within 24 hours the broker
mcq_key,Biotechnology,2019-20,Biotechnology_MS.md,11,A
answer_text,Biotechnology,2019-20,Biotechnology_MS.md,13,Synthetic media - Full composition of the medium is known. 1
answer_text,Biotechnology,2019-20,Biotechnology_MS.md,14,LEU2 gene codes for an enzyme required for the synthesis of amino acid 1
answer_text,Biotechnology,2019-20,Biotechnology_MS.md,15,No simple correlation between the intuitive complexity of an organism and the 1
answer_text,Biotechnology,2019-20,Biotechnology_MS.md,16,While somaclones are plant variants obtained from tissue cultures of somatic 1
answer_text,Biotechnology,2019-20,Biotechnology_MS.md,17,A balance between the stabilizing (mainly hydrophobic) interactions and 1
answer_text,Biotechnology,2019-20,Biotechnology_MS.md,18,Potential of genetically modified organisms (GMO) or recombinant strains to 1*2
answer_text,Biotechnology,2019-20,Biotechnology_MS.md,23,Replica plating. ½
answer_text,Biotechnology,2019-20,Biotechnology_MS.md,25,The collective DNA(from various environmental niche) is subjected to 1
answer_text,Biotechnology,2019-20,Biotechnology_MS.md,29,Directed sequencing of Bacterial Artificial Chromosome (BAC) contigs ½
answer_text,Biotechnology,2019-20,Biotechnology_MS.md,30,Cultivation of adult stem cells from bone marrow and their differentiation into
answer_text,German,2019-20,German_MS.md,1,"Andreas geht lieber spazieren, statt schwimmen zu gehen."
answer_text,German,2019-20,German_MS.md,2,"Wir machen keinen Spaziergang, falls das Wetter nicht gut ist."
answer_text,German,2019-20,German_MS.md,3,"Es regnete zu viel, so dass ich nicht spazieren gehen konnte."
answer_text,German,2019-20,German_MS.md,4,"Da ich starke Kopfschmerzen hatte, bin ich heute nicht in die Schule gegangen."
answer_text,German,2019-20,German_MS.md,5,"Statt dass er seine Hausaufgabe macht, geht er mit seinen Freunden ins Kino."
answer_text,German,2019-20,German_MS.md,6,"Er sieht aus, als ob er die ganze Nacht nicht geschlafen hätte."
mcq_key,Informatics Practices Old,2019-20,InformaticsPracticesOld_MS.md,2,A
mcq_key,Informatics Practices Old,2019-20,InformaticsPracticesOld_MS.md,3,A
mcq_key,Informatics Practices Old,2019-20,InformaticsPracticesOld_MS.md,5,A
mcq_key,Informatics Practices Old,2019-20,InformaticsPracticesOld_MS.md,7,A
answer_text,Informatics Practices Old,2019-20,InformaticsPracticesOld_MS.md,1,TRAINEE’S NAME TextField
answer_text,Informatics Practices Old,2019-20,InformaticsPracticesOld_MS.md,4,SUGGESTIONS Text Area
mcq_key,Chemistry,2019-20,Chemistry_MS.md,24,A
mcq_key,Chemistry,2019-20,Chemistry_MS.md,34,A
answer_text,Chemistry,2019-20,Chemistry_MS.md,26,Vapour phase refining: It is a refining method in which the metal is 1
answer_text,Russian,2019-20,Russian_MS.md,3,Expected answers 5 х 2 = 10
answer_text,Russian,2019-20,Russian_MS.md,4,Expected answers 5 х 2 = 10
answer_text,Russian,2019-20,Russian_MS.md,5,Expected answers 5 х 2 = 10
answer_text,Russian,2019-20,Russian_MS.md,9,Expected answers 5х1=5
answer_text,Odissi,2019-20,Odissi_MS.md,3,Rasa means sentiments or bhava or emotions which are highly uses in 5
answer_text,Odissi,2019-20,Odissi_MS.md,4,"The term Abhinaya means Acting, using of facial expression and by 5"
answer_text,Physical Education,2019-20,PhysicalEducation_MS.md,23,Aggression is a behavior with a goal of harming or injuring another 1+1+1 3
answer_text,Physical Education,2019-20,PhysicalEducation_MS.md,24,Methods to Improve Flexibility(any three) 1+1+1 3
answer_text,Physical Education,2019-20,PhysicalEducation_MS.md,26,Fats: Fats and oils are important items in the diet of 1+1+1 3
answer_text,Physical Education,2019-20,PhysicalEducation_MS.md,30,Types of Movements (ANY THREE)
mcq_key,Economics,2019-20,Economics_MS.md,16,A
mcq_key,Economics,2019-20,Economics_MS.md,20,B
mcq_key,Economics,2019-20,Economics_MS.md,21,D
mcq_key,Economics,2019-20,Economics_MS.md,24,D
mcq_key,Economics,2019-20,Economics_MS.md,26,B
answer_text,Economics,2019-20,Economics_MS.md,13,Central Bank as government’s bank - The Central Bank acts as a banker to
answer_text,Economics,2019-20,Economics_MS.md,14,Selling of securities by Foreign Institutional Investors (FII’s) in Indian capital
answer_text,Economics,2019-20,Economics_MS.md,15,Reallocation of resources - Government through its budgetary policies tries to
answer_text,Economics,2019-20,Economics_MS.md,18,"Value added tax, service tax, excise duty, sales tax. (any two correct alternatives) ½+½"
answer_text,Economics,2019-20,Economics_MS.md,19,True 1
answer_text,Economics,2019-20,Economics_MS.md,23,Development of small scale industries 1
answer_text,Economics,2019-20,Economics_MS.md,25,Photovoltaic cell 1
answer_text,Economics,2019-20,Economics_MS.md,28,The given statement is quite appropriate. Indian traditional practices were
answer_text,Economics,2019-20,Economics_MS.md,29,Investment in education system in India has been a woeful failure. The fact of the
answer_text,Economics,2019-20,Economics_MS.md,34,The health system in India has undoubtedly improved over the years but the pace
answer_text,Spanish,2019-20,Spanish_MS.md,7,Respuesta abierta. Se valorará el conocimiento sobre los datos 3x5 = 15
answer_text,Spanish,2019-20,Spanish_MS.md,8,Respuesta abierta. Composition: Students are required to write a 1x15 = 15
answer_text,Carnatic Percussion,2019-20,CarnaticPercussion_MS.md,2,Candidates’ understanding about the technical terms related to tala 6
answer_text,Carnatic Percussion,2019-20,CarnaticPercussion_MS.md,3,Candidate are supposed to explain the technical terms related to 2
mcq_key,Sociology,2019-20,Sociology_MS.md,38,A
answer_text,Sociology,2019-20,Sociology_MS.md,12,"In the 19th century, orthodox members of the Hindu community in"
answer_text,Sociology,2019-20,Sociology_MS.md,13,A system of democracy in which the members of a group or community
answer_text,Sociology,2019-20,Sociology_MS.md,14,Lawcarries the means to coerce whereas the essence of justice is
answer_text,Sociology,2019-20,Sociology_MS.md,15,Democratic values and institutions are purely western. Is this statement
answer_text,Sociology,2019-20,Sociology_MS.md,16,Nyaya Panchayat can impose fines but cannot award a sentence.
answer_text,Sociology,2019-20,Sociology_MS.md,17,The Land Ceiling Act proved to be toothless as some rich farmers
answer_text,Sociology,2019-20,Sociology_MS.md,18,Farmer suicide is a matrix event. Which of the following options is not
answer_text,Sociology,2019-20,Sociology_MS.md,19,A situation where people do not enjoy the work but continue to do it
answer_text,Sociology,2019-20,Sociology_MS.md,20,Earlier architects and engineers had to be skilled draughtsmen but now
answer_text,Sociology,2019-20,Sociology_MS.md,21,Identify the reasons for the rapid growth of metropolises.
answer_text,Sociology,2019-20,Sociology_MS.md,22,What are the two sets of principles to understand the theoretical
answer_text,Sociology,2019-20,Sociology_MS.md,23,What do you understand by the phrase Invisible Hand?
answer_text,Sociology,2019-20,Sociology_MS.md,30,Tribals have paid a disproportionate price for the development of the
answer_text,Sociology,2019-20,Sociology_MS.md,33,What facts can you compile to show the hypocrisy of colonial
answer_text,Sociology,2019-20,Sociology_MS.md,34,What examples can you find to show that Green Revolution strategies
answer_text,Pol Sci,2019-20,PolSci_MS.md,17,"Ravi, Beas river dispute was resolved between Punjab, Haryana and 1"
answer_text,Pol Sci,2019-20,PolSci_MS.md,18,World bank 1
answer_text,Pol Sci,2019-20,PolSci_MS.md,19,Democracy 1
answer_text,Pol Sci,2019-20,PolSci_MS.md,20,"On June 25th 1975, PM INDIRA GANDHI recommended the imposition of 1"
answer_text,Pol Sci,2019-20,PolSci_MS.md,21,The UN’s main objectives purposes: 2
answer_text,Pol Sci,2019-20,PolSci_MS.md,22,Arena is an area where the cold war occurred. 2
answer_text,Pol Sci,2019-20,PolSci_MS.md,23,Non-Congress-ism is a term that is used to describe the anti-congress waves 2
answer_text,Pol Sci,2019-20,PolSci_MS.md,32,Believed that reform and restructure of UNO can help it cope better with a 6
answer_text,Pol Sci,2019-20,PolSci_MS.md,34,Reasons for split (any three) 6
mcq_key,French,2019-20,French_MS.md,2,A
answer_text,French,2019-20,French_MS.md,3,Faites les questions suivantes: (5 au choix)
answer_text,Kathak,2019-20,Kathak_MS.md,3,"Life sketch-brief note on related Gharana and Gurus, lifespan with date 5"
answer_text,Kathak,2019-20,Kathak_MS.md,4,For the notation of particular composition giving one example. 5
answer_text,Kathak,2019-20,Kathak_MS.md,5,"The world Bharatanatyam is formed from bha—ra-ta-natyam, bha 5"
answer_text,Kathak,2019-20,Kathak_MS.md,8,"Natyadharmi - stylistic manner of dance, artistic and pleasant 5"
mcq_key,NCC,2019-20,NCC_MS.md,17,A
mcq_key,NCC,2019-20,NCC_MS.md,20,A
mcq_key,NCC,2019-20,NCC_MS.md,21,A
mcq_key,NCC,2019-20,NCC_MS.md,30,A
mcq_key,NCC,2019-20,NCC_MS.md,23,A
mcq_key,NCC,2019-20,NCC_MS.md,27,A
mcq_key,NCC,2019-20,NCC_MS.md,31,A
mcq_key,NCC,2019-20,NCC_MS.md,18,A
mcq_key,NCC,2019-20,NCC_MS.md,28,A
answer_text,NCC,2019-20,NCC_MS.md,16,Must Have in an Interpersonal Relationship. 3mk/U4/Pg
answer_text,NCC,2019-20,NCC_MS.md,19,"While assembling the bolt of the Deluxe .22 rifle, the following have to be borne in 4mk/U3/Pg 45"
answer_text,NCC,2019-20,NCC_MS.md,29,For the conventional signs refer to the given page. 3mk/U2/Pg59-
answer_text,NCC,2019-20,NCC_MS.md,24,The Air Craft carrier INS Vikrant was commissioned in February 1961 in Indian Navy. 1mk/U1/Pg6
answer_text,NCC,2019-20,NCC_MS.md,25,Chief of Personnel (COP). 2mk/U1/Pg9
answer_text,NCC,2019-20,NCC_MS.md,26,Parts of Cable 2mk/U5/ Pg118
answer_text,Mizo,2019-20,Mizo_MS.md,8,"Hmanlai kan pi pute kha thiamna leh finna kawng tam takah engmah ni lo mahse,"
answer_text,Mizo,2019-20,Mizo_MS.md,9,He thuziak atanga a landan chuan Kristianna lo luh hnu hian mizo thalaite nun chu a
answer_text,Mizo,2019-20,Mizo_MS.md,10,He thuziak ropui tak hi a chhiartute tan fuihna leh chona tha tak a ni ngei mai.
answer_text,Mizo,2019-20,Mizo_MS.md,11,"(1) Tlangval, nupui la nei lo, zawnglai sawina a ni."
answer_text,Mizo,2019-20,Mizo_MS.md,12,"(1) Nang hi kel chawl an sawi ang mai, thil i thial reng mai."
answer_text,Mizo,2019-20,Mizo_MS.md,13,"Ziaka awm leh hmuh theih chauh hi mi thenkhat chuan literature-ah an chhiar thin a,"
answer_text,Mizo,2019-20,Mizo_MS.md,18,"Hla phuahthiam Lalzova hi mi lungleng thei tak a ni a, khawlai tawngkamah phei"
answer_text,Mizo,2019-20,Mizo_MS.md,19,Hla substance “ Laikhum zala ka dawn pawhin”
answer_text,Mizo,2019-20,Mizo_MS.md,20,(1) Mahni fa duh tak chante ho chu kan inthurual ngei ang
answer_text,Mizo,2019-20,Mizo_MS.md,21,(1) Einstein
answer_text,Mizo,2019-20,Mizo_MS.md,23,Khawkhat nula hmelthate hian ertu leh thiktu an ngah thei hle.
answer_text,Mizo,2019-20,Mizo_MS.md,24,"Mizo hnahthlak chi ruka khaikhawm theihte chu; Lusei, Hmar, Ralte, Paite, Pawi,"
answer_text,Mizo,2019-20,Mizo_MS.md,25,"Huaisenna tih tawngkam ringawt pawh hian a ngaithlatu leh chhiartu a hneh nghal a,"
answer_text,Mizo,2019-20,Mizo_MS.md,26,"Mizoten kan pi leh pute atanga ze hrang hrang kan hmuh theih zingah, tlawmngaihna,"
answer_text,Mizo,2019-20,Mizo_MS.md,28,(1) October thla bial zan
mcq_key,Physics,2019-20,Physics_MS.md,35,A
answer_text,Physics,2019-20,Physics_MS.md,21,When electric field E is applied on conductor force acting on free electrons
answer_text,Carnatic Vocal,2019-20,CarnaticVocal_MS.md,2,Candidate’s knowledge of ragas learnt is examined. Characteristic 6
answer_text,Carnatic Melodic,2019-20,CarnaticMelodic_MS.md,2,Contribution of illustrious musicians is examined. 3
answer_text,Carnatic Melodic,2019-20,CarnaticMelodic_MS.md,3,Knowledge about musical texts is questioned. 2
answer_text,Home Science,2019-20,HomeScience_MS.md,21,Nutrients requirement increases in Fever are:
answer_text,Home Science,2019-20,HomeScience_MS.md,26,Influence of ‘Peer group in selection of food’ in what to eat
answer_text,Home Science,2019-20,HomeScience_MS.md,27,Reasons of aggression in elderly people are:
answer_text,Home Science,2019-20,HomeScience_MS.md,33,Adulterant in besan- kesari dal
answer_text,English Core,2019-20,EnglishCore_MS.md,2,AI will help legal field
answer_text,English Core,2019-20,EnglishCore_MS.md,3,AI cannot perform high level tasks like
answer_text,English Core,2019-20,EnglishCore_MS.md,4,Function of AI
answer_text,English Core,2019-20,EnglishCore_MS.md,5,ARTICLE WRITING 10
answer_text,English Core,2019-20,EnglishCore_MS.md,8,Short answer type questions ( Answer any Five) 2x5=10
answer_text,Hindustani Melodic Instrument,2019-20,HindustaniMelodicInstrument_MS.md,2,The candidate is expected to write the meaning and explain the terms is short
answer_text,Hindustani Melodic Instrument,2019-20,HindustaniMelodicInstrument_MS.md,3,The candidate is to identify and name the raga indicated by phrases and write
answer_text,Hindustani Melodic Instrument,2019-20,HindustaniMelodicInstrument_MS.md,4,The main musical concepts given in each chapter along with special features
answer_text,Hindustani Melodic Instrument,2019-20,HindustaniMelodicInstrument_MS.md,5,The historical development Time theory of Ragas upto modern period
answer_text,Hindustani Vocal,2019-20,HindustaniVocal_MS.md,2,The candidate is expected to give the meaning of the terms in brief.
answer_text,Hindustani Vocal,2019-20,HindustaniVocal_MS.md,3,The candidate is expected to recognize the Ragas from the given phrases and
answer_text,Hindustani Vocal,2019-20,HindustaniVocal_MS.md,4,The main musical concepts given in each chapter of sangeet Ratnakar along with
answer_text,Hindustani Vocal,2019-20,HindustaniVocal_MS.md,5,"The candidate is to write Thah, Dugun, Tigun and Chaugun of Talas asked, with"
answer_text,ODIA,2019-20,ODIA_MS.md,4,(Lÿ) ¯ÿç¨Àÿê†ÿæ$ö{¯ÿæ™Lÿ É±ÿ: (5sçÀÿ)
answer_text,ODIA,2019-20,ODIA_MS.md,5,(Lÿ) µÿ÷þ Óó{Éæ™œÿ: (5sçÀÿ)
mcq_key,Bharatanatyam,2019-20,Bharatanatyam_MS.md,2,A
mcq_key,Bharatanatyam,2019-20,Bharatanatyam_MS.md,3,C
mcq_key,Bharatanatyam,2019-20,Bharatanatyam_MS.md,4,B
mcq_key,Bharatanatyam,2019-20,Bharatanatyam_MS.md,5,D
answer_text,Bharatanatyam,2019-20,Bharatanatyam_MS.md,6,"Tandava : uddhata (vigorous), the 5"
mcq_key,Computer Science,2024-25,ComputerScience-MS.md,14,A
mcq_key,Computer Science,2024-25,ComputerScience-MS.md,15,D
mcq_key,Computer Science,2024-25,ComputerScience-MS.md,16,B
mcq_key,Computer Science,2024-25,ComputerScience-MS.md,17,B
mcq_key,Computer Science,2024-25,ComputerScience-MS.md,18,B
mcq_key,Computer Science,2024-25,ComputerScience-MS.md,19,B
mcq_key,Computer Science,2024-25,ComputerScience-MS.md,20,C
mcq_key,Computer Science,2024-25,ComputerScience-MS.md,21,C
mcq_key,Computer Science,2024-25,ComputerScience-MS.md,29,A
mcq_key,Computer Science,2024-25,ComputerScience-MS.md,31,A
mcq_key,Computer Science,2024-25,ComputerScience-MS.md,32,A
answer_text,Computer Science,2024-25,ComputerScience-MS.md,22,A mutable object can be updated whereas an immutable object cannot be
answer_text,Computer Science,2024-25,ComputerScience-MS.md,23,"(I) Arithmetic operators: +,-"
answer_text,Computer Science,2024-25,ComputerScience-MS.md,34,(I) Select * from FACULTY natural join COURSES where Salary<12000;
answer_text,Computer Science,2024-25,ComputerScience-MS.md,37,(I) ADMIN Block as it has maximum number of computers. (5)
answer_text,Bharatnatyam,2024-25,Bharatnatyam-MS.md,11,The Pancha jaatis with their matras are:- 1. Tishra jaati - Ta Ki Ta 3 2
answer_text,Bharatnatyam,2024-25,Bharatnatyam-MS.md,12,Stylised Abhinaya can be done with the help of gestures is called 2
answer_text,Bharatnatyam,2024-25,Bharatnatyam-MS.md,13,Rukmani Devi Arundale was a reformer who was a Bharatanatyam 2
answer_text,Bharatnatyam,2024-25,Bharatnatyam-MS.md,14,"Abhinaya – “abhi” (towards), and “naya” (to carry), or to carry the 6"
mcq_key,Biotechnology,2024-25,Biotechnology-MS.md,22,A
mcq_key,Biotechnology,2024-25,Biotechnology-MS.md,29,A
answer_text,Biotechnology,2024-25,Biotechnology-MS.md,19,Student to attempt either option A or B.
answer_text,Biotechnology,2024-25,Biotechnology-MS.md,20,Both IEF and SDS-PAGE are powerful techniques which separate 1
answer_text,Biotechnology,2024-25,Biotechnology-MS.md,21,Unigene was created to manage redundancy in EST data. A
answer_text,Biotechnology,2024-25,Biotechnology-MS.md,28,Student to attempt either option A or B.
answer_text,Biotechnology,2024-25,Biotechnology-MS.md,33,Student to attempt either option A or B.
mcq_key,Marathi,2024-25,Marathi-MS.md,5,A
mcq_key,Marathi,2024-25,Marathi-MS.md,7,A
mcq_key,Business Studies,2024-25,BusinessStudies-MS.md,22,A
mcq_key,Business Studies,2024-25,BusinessStudies-MS.md,26,B
mcq_key,Business Studies,2024-25,BusinessStudies-MS.md,32,A
mcq_key,Business Studies,2024-25,BusinessStudies-MS.md,34,A
answer_text,Business Studies,2024-25,BusinessStudies-MS.md,23,Calculation of Return on Investment (ROI)
answer_text,Business Studies,2024-25,BusinessStudies-MS.md,24,"(I) Business Environment means the sum total of all individuals, institutions 1"
answer_text,Business Studies,2024-25,BusinessStudies-MS.md,27,(I) Esteem Needs 1
answer_text,Business Studies,2024-25,BusinessStudies-MS.md,29,Features of Planning
answer_text,Business Studies,2024-25,BusinessStudies-MS.md,31,(I) Securities Exchange Board of India(SEBI) 1
answer_text,Sanskrit Elective,2024-25,SanskritElective-MS.md,18,(अ) अधो:ल:खत4Qानाम् उ6रा:ण :लखत। (के वलं 4QNयम्) 1×3=3
answer_text,Sanskrit Elective,2024-25,SanskritElective-MS.md,19,(अ) अधो:ल:खत4Qानाम् उ6रा:ण :लखत। (के वलं 4QNयम्) 1×3=3
mcq_key,Applied,2024-25,Applied-MathsVIC-MS.md,5,D
mcq_key,Applied,2024-25,Applied-MathsVIC-MS.md,6,B
mcq_key,Applied,2024-25,Applied-MathsVIC-MS.md,7,C
mcq_key,Applied,2024-25,Applied-MathsVIC-MS.md,8,C
mcq_key,Applied,2024-25,Applied-MathsVIC-MS.md,9,A
mcq_key,Applied,2024-25,Applied-MathsVIC-MS.md,10,B
mcq_key,Applied,2024-25,Applied-MathsVIC-MS.md,11,C
answer_text,Applied,2024-25,Applied-MathsVIC-MS.md,28,"Given, mean = 𝜆 = 3.2 ½"
answer_text,Applied,2024-25,Applied-MathsVIC-MS.md,29,"Here, Initial investment value ( IV ) = ₹ 5000 ½"
answer_text,Applied,2024-25,Applied-MathsVIC-MS.md,35,Amount needed after 4 years
answer_text,Applied,2024-25,Applied-MathsVIC-MS.md,37,"(i) Here, time = 25 years"
answer_text,Applied,2024-25,Applied-MathsVIC-MS.md,38,(i) Let the factory P supply x units per week to depot A and y units to depot B
mcq_key,Assamese,2024-25,Assamese-MS.md,9,A
answer_text,Sindhi,2024-25,Sindhi-MS.md,5,I ‘दीि या धमम’ पाठ में लेखक सचे धमम जी भेट वण जे पाड़ सां कई ऐ ं 01 1x5=5
answer_text,Sindhi,2024-25,Sindhi-MS.md,6,I हहि कनवता में कवी पंहहंजे पसंदीअ जे साथथयुनि सां ज़ज़ंदगीअ जो 02 2x5=10
mcq_key,Engg Graphics,2024-25,EnggGraphics-MS.md,19,B
mcq_key,Engg Graphics,2024-25,EnggGraphics-MS.md,20,B
mcq_key,Engg Graphics,2024-25,EnggGraphics-MS.md,21,A
mcq_key,Engg Graphics,2024-25,EnggGraphics-MS.md,22,B
mcq_key,Engg Graphics,2024-25,EnggGraphics-MS.md,23,A
mcq_key,Engg Graphics,2024-25,EnggGraphics-MS.md,25,A
mcq_key,Informatics Practices,2024-25,InformaticsPractices-MS.md,13,D
mcq_key,Informatics Practices,2024-25,InformaticsPractices-MS.md,14,B
mcq_key,Informatics Practices,2024-25,InformaticsPractices-MS.md,15,B
mcq_key,Informatics Practices,2024-25,InformaticsPractices-MS.md,16,B
mcq_key,Informatics Practices,2024-25,InformaticsPractices-MS.md,17,D
mcq_key,Informatics Practices,2024-25,InformaticsPractices-MS.md,18,C
mcq_key,Informatics Practices,2024-25,InformaticsPractices-MS.md,19,C
mcq_key,Informatics Practices,2024-25,InformaticsPractices-MS.md,20,A
mcq_key,Informatics Practices,2024-25,InformaticsPractices-MS.md,21,D
mcq_key,Informatics Practices,2024-25,InformaticsPractices-MS.md,22,A
mcq_key,Informatics Practices,2024-25,InformaticsPractices-MS.md,28,A
mcq_key,Informatics Practices,2024-25,InformaticsPractices-MS.md,32,A
mcq_key,Informatics Practices,2024-25,InformaticsPractices-MS.md,37,A
answer_text,Informatics Practices,2024-25,InformaticsPractices-MS.md,26,Primary Key : A set of attributes that can uniquely identify each row in a table
answer_text,Informatics Practices,2024-25,InformaticsPractices-MS.md,27,Two health concerns due to excessive use of Digital Devices:
answer_text,Informatics Practices,2024-25,InformaticsPractices-MS.md,33,I. matplotlib.pyplot
answer_text,Informatics Practices,2024-25,InformaticsPractices-MS.md,36,I. print(df.head(2))
answer_text,Hindustani Melodic,2024-25,HindustaniMelodic-MS.md,14,Writing of Sthai and Antara of Maseetkhani Gat with Bol in Tala Notation 6
answer_text,Kokborok,2024-25,Kokborok_MS.md,9,I)l¡jL¡e¡C p±Pj¤P¢e LLh±a¡Pe p¡j¡¢e ELmN' a¡j' 1+4 = 5
answer_text,Kokborok,2024-25,Kokborok_MS.md,3,Applying : (1X5)X3 15 18.75%
answer_text,Kokborok,2024-25,Kokborok_MS.md,4,Analysing: (1+1+3)X2=10 10 12.5%
mcq_key,Maths,2024-25,Maths-MS.md,7,A
mcq_key,Maths,2024-25,Maths-MS.md,8,C
mcq_key,Maths,2024-25,Maths-MS.md,9,B
mcq_key,Maths,2024-25,Maths-MS.md,10,C
mcq_key,Maths,2024-25,Maths-MS.md,11,B
answer_text,Maths,2024-25,Maths-MS.md,22,The marginal cost function is C '  x   0.00039 x 2  0.004 x  5 . 1
answer_text,Maths,2024-25,Maths-MS.md,30,"The feasible region determined by the constraints, 2 x  y  3, x  2 y  6, x  0, y  0 is as shown."
answer_text,Maths,2024-25,Maths-MS.md,38,Let E1 be the event that one parrot and one owl flew from cage –I
mcq_key,Biology,2024-25,Biology-MS.md,8,C
mcq_key,Biology,2024-25,Biology-MS.md,9,B
mcq_key,Biology,2024-25,Biology-MS.md,10,D
mcq_key,Biology,2024-25,Biology-MS.md,11,A
mcq_key,Biology,2024-25,Biology-MS.md,12,A
mcq_key,Biology,2024-25,Biology-MS.md,13,C
mcq_key,Biology,2024-25,Biology-MS.md,14,C
mcq_key,Biology,2024-25,Biology-MS.md,15,A
mcq_key,Biology,2024-25,Biology-MS.md,16,C
mcq_key,Biology,2024-25,Biology-MS.md,22,A
mcq_key,Biology,2024-25,Biology-MS.md,29,A
mcq_key,Biology,2024-25,Biology-MS.md,30,A
answer_text,Biology,2024-25,Biology-MS.md,17,Student to attempt either option A or B. 2
answer_text,Biology,2024-25,Biology-MS.md,18,Student to attempt either option A or B. 2
answer_text,Biology,2024-25,Biology-MS.md,21,Student to attempt either option A or B. 2
answer_text,Biology,2024-25,Biology-MS.md,26,"The main sources of biofertilizers are bacteria, fungi and cyanobacteria. 3"
answer_text,Biology,2024-25,Biology-MS.md,27,"PCR stands for Polymerase Chain Reaction. In this reaction, multiple 3"
answer_text,Biology,2024-25,Biology-MS.md,32,Student to attempt either option A or B. 5
answer_text,Hindustani Percussion,2024-25,HindustaniPercussion-MS.md,12,The candidate is expected to explain Term laya and its importance in music. 2
answer_text,Hindustani Percussion,2024-25,HindustaniPercussion-MS.md,13,The candidate is expected to explain term Gharana and its characteristics 2
answer_text,Hindustani Percussion,2024-25,HindustaniPercussion-MS.md,14,The Candidate is expected to develop composition (Kayada) based on bols 6
answer_text,Hindustani Percussion,2024-25,HindustaniPercussion-MS.md,15,The Candidate is expected to explain about origin of Pakhavaj based upon 6
mcq_key,History,2024-25,History-MS.md,22,A
mcq_key,History,2024-25,History-MS.md,24,A
mcq_key,History,2024-25,History-MS.md,29,A
answer_text,History,2024-25,History-MS.md,11,MS-HISTORY-2024-25
answer_text,English Elective,2024-25,EnglishElective-MS.md,3,"Based on your understanding of the passage, answer ANY FOUR of the 4X1=4"
answer_text,English Elective,2024-25,EnglishElective-MS.md,4,Transform the following sentences as per the given instructions. (Any 8X1=8
answer_text,English Elective,2024-25,EnglishElective-MS.md,5,Attempt any three of the following four questions in 120-150 words each. 3x5=15
answer_text,English Elective,2024-25,EnglishElective-MS.md,6,Read the questions below and attempt ANY ONE of the following- 1x5=5
answer_text,English Elective,2024-25,EnglishElective-MS.md,8,Answer ANY ONE of the following two questions in 30-40 words. 1x2=2
answer_text,English Elective,2024-25,EnglishElective-MS.md,9,Answer any one of the following two questions in 40-50 words each. 1x3=3
answer_text,English Elective,2024-25,EnglishElective-MS.md,13,Answer any one of the following questions in 120-150 words. 1X5=5
answer_text,Arabic,2024-25,Arabic-MS.md,2,Letter / application writing in Arabic (5marks) 1+2+2=5
answer_text,Arabic,2024-25,Arabic-MS.md,3,Summary of the lesson in Arabic in about 50 words (5 3+1+1=5
answer_text,Arabic,2024-25,Arabic-MS.md,4,Essay writing in Arabic on a given topic in about 100 words. (5 3+1+1=5
answer_text,Arabic,2024-25,Arabic-MS.md,5,"Definition and explanation of ‫المركب العددي‬, with suitable examples 3+2=5"
answer_text,Arabic,2024-25,Arabic-MS.md,8,Translation of any two text passages 2X5 = 10
answer_text,Arabic,2024-25,Arabic-MS.md,9,Putting vowel points on a passage. 1+4=5
answer_text,Arabic,2024-25,Arabic-MS.md,10,Selection of suitable answers from multiple choices given in the 1X5=5
answer_text,Arabic,2024-25,Arabic-MS.md,11,Selection of suitable answers from multiple choices given in the 1X5=5
answer_text,Arabic,2024-25,Arabic-MS.md,12,Poetry: explanation of any four verses. 4+1=5
answer_text,Arabic,2024-25,Arabic-MS.md,13,Selection of suitable answers from multiple choices given in the 1X5=5
answer_text,Tangkhul,2024-25,Tangkhul-MS.md,24,B Shimrei 1
answer_text,Tangkhul,2024-25,Tangkhul-MS.md,25,C ninglum ngasaka 1
answer_text,Tangkhul,2024-25,Tangkhul-MS.md,26,B zur 1
answer_text,Tangkhul,2024-25,Tangkhul-MS.md,27,Ngari Kapungwui ara Raikānna khuiya. 1
answer_text,Tangkhul,2024-25,Tangkhul-MS.md,29,Khamahonwui akhavāchi Honkhokna. 1
answer_text,Tangkhul,2024-25,Tangkhul-MS.md,30,William Pettigrew 1
answer_text,Tangkhul,2024-25,Tangkhul-MS.md,31,Zur atamli kasā lā chiya: Yangyir lā hoi kala māhā tongti khamangli kasā lā
answer_text,Tangkhul,2024-25,Tangkhul-MS.md,32,Zingkum 10 – 14 hina thuipoplakhawui akhum khare kala zingkum 15 – 19 hina
answer_text,Tangkhul,2024-25,Tangkhul-MS.md,34,Yur akhawui lā china ngashan kaje azak chithei miya. 2
answer_text,Tangkhul,2024-25,Tangkhul-MS.md,35,Kashong Timrāwon eina Horam won. 2
answer_text,Tangkhul,2024-25,Tangkhul-MS.md,36,HIV aga hi fa haira kaji hi ashee khayang (blood test) eina theishapa. Kazāt hi
answer_text,Tangkhul,2024-25,Tangkhul-MS.md,37,Shirui Kashongwui khamathā kathum chiya: i. Kashong Philāva Lilywon ii. Zur
answer_text,Tangkhul,2024-25,Tangkhul-MS.md,38,Okathui rāirei khare kashok eina shaheb shina athumli ngachon khavai
answer_text,Tangkhul,2024-25,Tangkhul-MS.md,39,Maringtheina Ngari Kapung rāhaira kaji kathei eina awui kazei yonkhuilaga
answer_text,Tangkhul,2024-25,Tangkhul-MS.md,40,Shahebshina okathui rāirei khare kaje France rāili otngarut chiham khavai
answer_text,Manipuri Dance,2024-25,ManipuriDance-MS.md,11,Sankirtana is form of song or chanting that praises God and is 2
answer_text,Manipuri Dance,2024-25,ManipuriDance-MS.md,12,"Khamba Thoibi Jagoi is a folk dance of Moirang, an ancient kingdom of 2"
answer_text,Manipuri Dance,2024-25,ManipuriDance-MS.md,13,It was in the reign of King Bhagyachandra that the popular Rasleela 2
answer_text,Manipuri Dance,2024-25,ManipuriDance-MS.md,14,There are 66 Naga tribes in Manipur residing mostly in the surrounding 6
answer_text,Manipuri Dance,2024-25,ManipuriDance-MS.md,15,Since Sankirtan is religious performance of Bhakti the performers wear 6
answer_text,Manipuri Dance,2024-25,ManipuriDance-MS.md,16,The poetry used in Manipuri dance is mainly taken from the classical 6
answer_text,Kathakali,2024-25,Kathakali-MS.md,11,Attakadha is the technical term for Kathakali play text. The format for an 2
answer_text,Kathakali,2024-25,Kathakali-MS.md,12,"Keechakavadham, Uttara Swayamvaram, Dakshayagam. 2"
answer_text,Kathakali,2024-25,Kathakali-MS.md,13,"Bharatanatyam, Mohiniyattam, Kathakali, Kuchipudi, Manipuri, Odissi, 2"
answer_text,Kathakali,2024-25,Kathakali-MS.md,14,The four types of Abhinayas in Kathakali are; 6
answer_text,Kathakali,2024-25,Kathakali-MS.md,16,In Kathakali 'Aharyaabhinaya' is taken very seriously. The elaborate 6
answer_text,Bhutia,2024-25,Bhutia-MS.md,5,Section D- Writing and Composition : Essay
answer_text,Bhutia,2024-25,Bhutia-MS.md,6,Letter Writing: Application - ཞུ་ཡྲིག་ལས། -
answer_text,Bhutia,2024-25,Bhutia-MS.md,7,Letter Writing - བཏང་ཡྲིག་ ལས། - བཏང་ཡྲིག་གྲི་
answer_text,Bhutia,2024-25,Bhutia-MS.md,10,Prose - ཆྲིག་ལྷུག - འོག་གྲི་ དྲི་བ་ཅུ༹འྲི་ ནང་ལས་ ལྔ་ལོ་
answer_text,Carnatic Music Percussion,2024-25,CarnaticMusicPercussion-MS.md,14,Candidates need to write the notation of Korvai set to Tala – Misra Chapu 6
answer_text,Carnatic Music Percussion,2024-25,CarnaticMusicPercussion-MS.md,15,Candidates are expected to write the method of playing Tani – Avartanam 6
mcq_key,Accountancy,2024-25,Accountancy-MS.md,30,A
mcq_key,Accountancy,2024-25,Accountancy-MS.md,27,B
mcq_key,Accountancy,2024-25,Accountancy-MS.md,28,A
mcq_key,Accountancy,2024-25,Accountancy-MS.md,29,A
answer_text,Accountancy,2024-25,Accountancy-MS.md,18,(i) Share in the subsequent profits attributable to the use of his balance. 3
answer_text,Accountancy,2024-25,Accountancy-MS.md,31,Items Heading Sub-Heading 1
answer_text,Accountancy,2024-25,Accountancy-MS.md,33,Gross Profit Ratio = Gross Profit / Revenue from Operations * 100 3
answer_text,Accountancy,2024-25,Accountancy-MS.md,32,"Three considerations —scalability, collaboration/accessibility, and security/data integrity—play 3"
answer_text,Accountancy,2024-25,Accountancy-MS.md,34,Two basic methods of charging depreciation are: 6
answer_text,Carnatic Music Melodic Instrument,2024-25,CarnaticMusicMelodicInstrument-MS.md,12,Definition of the term Arudi with Suitable example is expected in a 2
answer_text,Carnatic Music Melodic Instrument,2024-25,CarnaticMusicMelodicInstrument-MS.md,13,Candidates are expected to write the mudras used by the composer- 2
answer_text,Carnatic Music Melodic Instrument,2024-25,CarnaticMusicMelodicInstrument-MS.md,14,The candidates need to write the characteristic features of Raga- 6
answer_text,Carnatic Music Melodic Instrument,2024-25,CarnaticMusicMelodicInstrument-MS.md,15,Explanation on the classification of musical instrument is general are 6
mcq_key,Home Science,2024-25,HomeScience-MS.md,27,A
mcq_key,Home Science,2024-25,HomeScience-MS.md,28,A
mcq_key,Home Science,2024-25,HomeScience-MS.md,30,A
mcq_key,Home Science,2024-25,HomeScience-MS.md,31,A
mcq_key,Home Science,2024-25,HomeScience-MS.md,33,A
mcq_key,Home Science,2024-25,HomeScience-MS.md,35,A
answer_text,Home Science,2024-25,HomeScience-MS.md,20,Four practices by which a hotel can ensure to be Eco Friendly- ½X4=2
answer_text,Home Science,2024-25,HomeScience-MS.md,21,Four factors determine the texture in textile materials- ½X4=2
answer_text,Home Science,2024-25,HomeScience-MS.md,22,Two aspects of care and maintenance of fabrics- 1X2=2
answer_text,Home Science,2024-25,HomeScience-MS.md,23,Four objectives of diet therapy- ½X4=2
answer_text,Home Science,2024-25,HomeScience-MS.md,34,(i) Target market- 1+4=5
answer_text,English Core,2024-25,EnglishCore-MS.md,2,"Answer the following questions, based on given passage. 10"
answer_text,English Core,2024-25,EnglishCore-MS.md,8,Read the following extracts and answer the questions for any one of the given 4
answer_text,English Core,2024-25,EnglishCore-MS.md,9,Read the following extracts and answer the questions for any one of the 6
answer_text,English Core,2024-25,EnglishCore-MS.md,11,Answer any two of the following three questions in 40 50 words each : 4
answer_text,English Core,2024-25,EnglishCore-MS.md,13,"Answer any one of the following two questions, in about 120-150 words 5"
mcq_key,Physics,2024-25,Physics-MS.md,7,B
mcq_key,Physics,2024-25,Physics-MS.md,8,B
mcq_key,Physics,2024-25,Physics-MS.md,9,C
mcq_key,Physics,2024-25,Physics-MS.md,25,A
answer_text,Physics,2024-25,Physics-MS.md,19,(I)The direction of the magnetic field is perpendicular and inward into the plane of thepaper 0.5M
answer_text,Physics,2024-25,Physics-MS.md,23,(I)The capacitance of a parallel plate capacitor with dielectric slab (t < d)
answer_text,Physics,2024-25,Physics-MS.md,29,I(B) II(C) III(B) IV (C) 0R IV (D) (4X1=4)
answer_text,Physics,2024-25,Physics-MS.md,30,I(D) II(C) III (A) IV(B) 0R IV (A) (4X1=4)
mcq_key,Maths VIC,2024-25,MathsVIC-MS.md,7,A
mcq_key,Maths VIC,2024-25,MathsVIC-MS.md,8,C
mcq_key,Maths VIC,2024-25,MathsVIC-MS.md,9,B
mcq_key,Maths VIC,2024-25,MathsVIC-MS.md,10,C
mcq_key,Maths VIC,2024-25,MathsVIC-MS.md,11,C
mcq_key,Maths VIC,2024-25,MathsVIC-MS.md,12,A
answer_text,Maths VIC,2024-25,MathsVIC-MS.md,22,The marginal cost function is C '  x   0.00039 x 2  0.004 x  5 . 1
answer_text,Carnatic Music Vocal,2024-25,CarnaticMusicVocal-MS.md,12,Candidates are expected to write the composer of Navaratri Kritis and 2
answer_text,Carnatic Music Vocal,2024-25,CarnaticMusicVocal-MS.md,13,Definition of the term Eduppu with suitable example are expected 2
answer_text,Carnatic Music Vocal,2024-25,CarnaticMusicVocal-MS.md,14,The candidates needs to write the notation of a kriti of their choice: only 6
answer_text,Carnatic Music Vocal,2024-25,CarnaticMusicVocal-MS.md,15,The Candidates needs to write the life sketch and contribution of Maha 6
mcq_key,Economics,2024-25,Economics-MS.md,18,A
mcq_key,Economics,2024-25,Economics-MS.md,19,A
mcq_key,Economics,2024-25,Economics-MS.md,20,D
mcq_key,Economics,2024-25,Economics-MS.md,21,C
mcq_key,Economics,2024-25,Economics-MS.md,22,D
mcq_key,Economics,2024-25,Economics-MS.md,23,D
answer_text,Economics,2024-25,Economics-MS.md,13,(I) Foreign Portfolio Investments in India in the fiscal year 2023-24 will be
answer_text,Economics,2024-25,Economics-MS.md,14,Given consumption curve (C) intersecting 45o line at B (Break-even level of
answer_text,Economics,2024-25,Economics-MS.md,17,(I) Percentage change in Real GDP = Change in Real GDP X 100 1½
answer_text,Economics,2024-25,Economics-MS.md,32,"(I) Under the Saansad Adarsh Gram Yojana (SAGY), introduced by the"
answer_text,Economics,2024-25,Economics-MS.md,33,(I) Two major sources of data on the workforce and employment:
answer_text,Economics,2024-25,Economics-MS.md,34,"(I) Under the Industrial Policy Resolution (IPR) 1956, the policymakers"
mcq_key,Applied,2024-25,Applied-Maths-MS.md,5,D
mcq_key,Applied,2024-25,Applied-Maths-MS.md,6,A
mcq_key,Applied,2024-25,Applied-Maths-MS.md,7,C
mcq_key,Applied,2024-25,Applied-Maths-MS.md,8,C
mcq_key,Applied,2024-25,Applied-Maths-MS.md,9,A
mcq_key,Applied,2024-25,Applied-Maths-MS.md,16,A
mcq_key,Applied,2024-25,Applied-Maths-MS.md,17,B
mcq_key,Applied,2024-25,Applied-Maths-MS.md,18,B
mcq_key,Applied,2024-25,Applied-Maths-MS.md,19,A
mcq_key,Applied,2024-25,Applied-Maths-MS.md,20,C
answer_text,Applied,2024-25,Applied-Maths-MS.md,28,"Given, mean = 𝜆 = 3.2 ½"
answer_text,Applied,2024-25,Applied-Maths-MS.md,34,Let us consider demand function be p = D ( x ) = ax + b........ ( i )
answer_text,Applied,2024-25,Applied-Maths-MS.md,36,"(i) For all values of x , y = x 2 + 7"
answer_text,Applied,2024-25,Applied-Maths-MS.md,37,"(i) Here, time = 25 years"
answer_text,Kuchipudi,2024-25,Kuchipudi-MS.md,14,Abhiarika is that woman who hastens to the plea of tryst due to love or 6
answer_text,Kuchipudi,2024-25,Kuchipudi-MS.md,15,"According to legends, the founder of Kuchipudi dance-drama tradition is 6"
answer_text,Geography,2024-25,Geography-MS.md,19,(I) Between 0.700 up to 0.699 1+1+1
answer_text,Geography,2024-25,Geography-MS.md,20,Humanization of nature. 3
answer_text,Geography,2024-25,Geography-MS.md,21,(I) Mediterranean Sea and Red 1+1+1
answer_text,Geography,2024-25,Geography-MS.md,28,Ans: Environmental pollution by solid wastes has now got significance due to 5
answer_text,Geography,2024-25,Geography-MS.md,30,Locate and label any five of the following geographical features on the 5
mcq_key,Chemistry,2024-25,Chemistry-MS.md,11,A
mcq_key,Chemistry,2024-25,Chemistry-MS.md,12,A
mcq_key,Chemistry,2024-25,Chemistry-MS.md,13,A
mcq_key,Chemistry,2024-25,Chemistry-MS.md,15,B
mcq_key,Chemistry,2024-25,Chemistry-MS.md,16,D
mcq_key,Chemistry,2024-25,Chemistry-MS.md,17,A
mcq_key,Chemistry,2024-25,Chemistry-MS.md,24,A
mcq_key,Chemistry,2024-25,Chemistry-MS.md,31,A
mcq_key,Chemistry,2024-25,Chemistry-MS.md,29,A
mcq_key,Chemistry,2024-25,Chemistry-MS.md,33,A
answer_text,Odissi,2024-25,Odissi-MS.md,11,"The musical instruments played in Chhau dance are Nagada, Turi, 2"
answer_text,Odissi,2024-25,Odissi-MS.md,12,"The peculiar mental, emotional, and physical condition of enjoyment is 2"
answer_text,Odissi,2024-25,Odissi-MS.md,13,Abhinaya Chandrika Text was written by Maheshwar Mahapatra in 2
answer_text,Odissi,2024-25,Odissi-MS.md,14,Odissi Aharya is unique among other classical dances of India. Odisha 6
answer_text,Odissi,2024-25,Odissi-MS.md,15,Guru kelucharan Mahapatra was born on 8th January in the year 1926 in 6
answer_text,KTPI,2024-25,KTPI-MS.md,2,Identify the correct statement which deals with various 1 CH 4- A
answer_text,KTPI,2024-25,KTPI-MS.md,3,Match the items in Column A with that of Column B. 1 CH 5-Ethics A
answer_text,KTPI,2024-25,KTPI-MS.md,4,Study the picture and answer the question that follows: 1 CH 6-Martial A
answer_text,KTPI,2024-25,KTPI-MS.md,8,Silambam was originally practiced with bamboo sticks and 1 CH 6-Martial C
answer_text,KTPI,2024-25,KTPI-MS.md,9,There are two statements marked as Assertion (A) and a 1 CH 1- C
answer_text,KTPI,2024-25,KTPI-MS.md,10,There are two statements marked as Assertion (A) and a 1 CH 4- C
answer_text,KTPI,2024-25,KTPI-MS.md,15,Study the following picture and the textual description given 1 CH 8-Other B
answer_text,KTPI,2024-25,KTPI-MS.md,17,The application of kunapajala on crops is still practised by 2 CH1- A
answer_text,KTPI,2024-25,KTPI-MS.md,18,Truthfulness and humility are ethics. Justify your stand with 2 CH 5-Ethics A
answer_text,KTPI,2024-25,KTPI-MS.md,19,In what ways does the study of Dhanurveda have modern 2 CH6-Martial B
answer_text,KTPI,2024-25,KTPI-MS.md,24,The martial arts apart from being sources of popular 5 CH6-Martial A
answer_text,KTPI,2024-25,KTPI-MS.md,31,Text material: 3 CH1- D
answer_text,Manipuri,2024-25,Manipuri-MS.md,25,(I) pra – mEtE nupi 2+3=5
answer_text,Manipuri,2024-25,Manipuri-MS.md,26,(I) mEtE nupisiZn min tuMnSrBb qHeZb qhiZ faUb fi saI> mSoIn 2X3=6
answer_text,Manipuri,2024-25,Manipuri-MS.md,28,(I) pra – mEtE kbi 2+2+1= 5
answer_text,Manipuri,2024-25,Manipuri-MS.md,29,(I) IswBrd lE kTp haIbni> msi nuZdn SoriroL Ibbu taKli> 1
answer_text,Manipuri,2024-25,Manipuri-MS.md,30,(I) ‘mEtE kbi’ sEreZd kbin mnipur sna lEbaK qsi SoriroLgi mcaK 1X3= 3
answer_text,Mizo,2024-25,Mizo-MS.md,10,"Mizo tawngah hian adverb thumal lam nawn kan nei a, chungte chu ‘Double Adverb’ tih a ni. Double"
answer_text,Mizo,2024-25,Mizo-MS.md,11,Adjectival Adverb chu double leh double lova hman kan nei a. Mi leh thil reng reng awm dan leh an
answer_text,Mizo,2024-25,Mizo-MS.md,14,Mizo nun kan sawi hian Zawlbuk leh tlawmngaihnate hi lam hmaih theih a ni lo fova. Chu chuan
answer_text,Mizo,2024-25,Mizo-MS.md,15,"Thil mak tak chu mitdelte hian an beng hriatnate a chhiat lohva, an hriatna dangte a nih dan tur"
answer_text,Mizo,2024-25,Mizo-MS.md,16,"Eng ang a lehkha thiam pawh ni mah ila, nungchang mawina nen a tan kawp loh chuan thil ho mai a"
answer_text,Mizo,2024-25,Mizo-MS.md,17,"Mizo hnahthlak hnamte chu tam hle mah se, chi 6 chauhvin a khaikhawm theih a. Lusei leh hmar,"
answer_text,Mizo,2024-25,Mizo-MS.md,18,"Tharum huaisenna ringawt hi huaisenna ber a ni lova, huaisenna chi dang, a nuam emaw, a"
answer_text,Mizo,2024-25,Mizo-MS.md,19,"Piputen hla an phuah chhuah hmasak ber nia lang chu Tlar Hnih Hla (couplet) a ni a, chutah chuan"
answer_text,Mizo,2024-25,Mizo-MS.md,20,Tukthuan ei kham chuan Buangtheuva khaw tlangval sai ram chhuak tur chu kawtchhuahah an
answer_text,Entrepreneurship,2024-25,Entrepreneurship-MS.md,19,An idea should lead the entrepreneur to a definite product/service which he/she
answer_text,Entrepreneurship,2024-25,Entrepreneurship-MS.md,20,Two elements of business opportunity are:
answer_text,Entrepreneurship,2024-25,Entrepreneurship-MS.md,21,(I) Merger is the type of enterprise growth strategy adopted in the two 1
answer_text,Entrepreneurship,2024-25,Entrepreneurship-MS.md,22,The ways of trend spotting used by Zakir are:
answer_text,Entrepreneurship,2024-25,Entrepreneurship-MS.md,23,Elevator pitch is a three-minute summary of the business plan's executive 1
answer_text,Entrepreneurship,2024-25,Entrepreneurship-MS.md,28,The following market-related considerations to be used by an entrepreneur
answer_text,Entrepreneurship,2024-25,Entrepreneurship-MS.md,30,(I) Natural 1
answer_text,Entrepreneurship,2024-25,Entrepreneurship-MS.md,33,Variety Cushion Curtains Bed covers
answer_text,Entrepreneurship,2024-25,Entrepreneurship-MS.md,34,(I) LIC of India has approached the Primary Market. 1
answer_text,Kathak,2024-25,Kathak-MS.md,14,Kathak dance is one of the most popular classical dances in india. It is a 6
answer_text,Kathak,2024-25,Kathak-MS.md,15,The lucknow gharana is considered to have started with shri Ishwari 6
mcq_key,NCC,2024-25,NCC-MS.md,17,A
mcq_key,NCC,2024-25,NCC-MS.md,1,B
mcq_key,NCC,2024-25,NCC-MS.md,2,B
mcq_key,NCC,2024-25,NCC-MS.md,3,C
mcq_key,NCC,2024-25,NCC-MS.md,4,B
answer_text,NCC,2024-25,NCC-MS.md,5,"Ans.: The purpose of SWOT is to actively promote the identified strengths, 2 (A)"
answer_text,NCC,2024-25,NCC-MS.md,6,"Ans.: Traffic control, relief, shelter management, evacuation and rescue, first 2 (C)"
answer_text,NCC,2024-25,NCC-MS.md,7,"Ans.: Education, Healthcare, Treatment, Rehabilitation 2 (A)"
answer_text,NCC,2024-25,NCC-MS.md,8,"Ans.: Solid Waste, Liquid Waste, Radioactive Waste, Municipal Solid Waste, 2"
answer_text,NCC,2024-25,NCC-MS.md,9,"Ans.: “Guard parade par”, “Guard Savdhan”, “Guard Dahine Saj”, “Guard Bagal 4"
answer_text,NCC,2024-25,NCC-MS.md,10,Ans: 4 (K/R)
answer_text,NCC,2024-25,NCC-MS.md,16,"Ans.: Paramveer Chakra,, Mahaveer Chakra, Veer Chakra (Any two) 2 (K/R)"
answer_text,NCC,2024-25,NCC-MS.md,18,Ans.: A map is said to be set as oriented when it is placed such that it 2 (Create)
answer_text,NCC,2024-25,NCC-MS.md,19,"Ans.: Light in weight, can be operated easily, can select required zone (or any 2 (A)"
answer_text,NCC,2024-25,NCC-MS.md,20,Ans.: Camouflage means to disguise an object in plain sight in order to 4 (C)
answer_text,NCC,2024-25,NCC-MS.md,21,Read the paragraph and answer the questions given below. 4 (Case)
answer_text,French,2024-25,French-MS.md,3,Ecrivez UNE lettre de 80 mots 10
answer_text,French,2024-25,French-MS.md,5,Conjuguez les verbes suivants : 5
answer_text,French,2024-25,French-MS.md,6,Mettez au discours direct/ indirect selon le cas : 5
answer_text,French,2024-25,French-MS.md,7,Mettez au négatif: 5
mcq_key,Pol Sci,2024-25,PolSci-MS.md,22,A
answer_text,Pol Sci,2024-25,PolSci-MS.md,25,Sr. Number for Alphabet Name of 1+1+1+1
mcq_key,XII,2018-19,XII_Spanish_MS_2018-19.md,7,A
mcq_key,XII,2018-19,XII_Spanish_MS_2018-19.md,9,A
answer_text,XII,2018-19,XII_Spanish_MS_2018-19.md,8,Respuesta abierta. Se valorará el conocimiento sobre los datos 3x5 = 15
answer_text,XII,2018-19,XII_Spanish_MS_2018-19.md,10,Composition: Students are required to write a min. of 200 words. 1x20 = 20
answer_text,XII,2018-19,XII_Painting_Sculpture_MS-2018-19.md,3,"This is a question of understanding, value-based and short answer type. A 5 marks"
answer_text,XII,2018-19,XII_Painting_Sculpture_MS-2018-19.md,4,This is question of application skill and short answer type. A candidate is ( 5 marks)
answer_text,XII,2018-19,XII_Painting_Sculpture_MS-2018-19.md,5,This is a question of application skill and short answer type. A candidate is 5
answer_text,XII,2018-19,XII_Painting_Sculpture_MS-2018-19.md,6,This is a knowledge based and object type question. A candidate write his 5 Marks
answer_text,XII,2018-19,XII_Painting_Sculpture_MS-2018-19.md,7,This is a knowledge type and object type question. A candidate is expected to 5 marks
answer_text,XII,2018-19,XII_Painting_Sculpture_MS-2018-19.md,8,A candidate is free to mention the titles of any five out of the following six 5 marks
answer_text,XII,2018-19,XII-Bharatnatyam_MS.md,6,(i) Thalaisaman / Tahia  head gear  Bharatanatyam placed flat on the 5
answer_text,XII,2018-19,XII_Physical_Education_MS_2018-19.md,9,Classification due to cause:
answer_text,XII,2018-19,XII_Physical_Education_MS_2018-19.md,10,"Projectile-Any object that can be thrown, pitched, tossed, Flung, heard, fired in"
answer_text,XII,2018-19,XII_Physical_Education_MS_2018-19.md,11,Jung's classification of personality:
answer_text,XII,2018-19,XII_Physical_Education_MS_2018-19.md,13,Self-Understanding:
answer_text,XII,2018-19,XII_Physical_Education_MS_2018-19.md,14,The main source of carbohydrates is carbohydrates are providing energy.
answer_text,XII,2018-19,XII_Physical_Education_MS_2018-19.md,19,Fartlek training means speed play
answer_text,XII,2018-19,XII_Physical_Education_MS_2018-19.md,20,When the number of teams is 26 in knock out tournament.
answer_text,XII,2018-19,XII_Physical_Education_MS_2018-19.md,21,Prevention of Asthma
answer_text,XII,2018-19,XII_Physical_Education_MS_2018-19.md,22,Factors affecting motor development:
answer_text,XII,2018-19,XII_Physical_Education_MS_2018-19.md,25,Physiological Factors Determining strength:
answer_text,XII,2018-19,XII_Physical_Education_MS_2018-19.md,26,Types of Coordinate Abilities:
mcq_key,XII,2018-19,XII_BST_MS_2018_19.md,1,A
mcq_key,XII,2018-19,XII_BST_MS_2018_19.md,19,A
answer_text,XII,2018-19,XII_BST_MS_2018_19.md,7,Autocratic style of leadership is being followed by the manager in the given 1
answer_text,XII,2018-19,XII_BST_MS_2018_19.md,8,Budget is the type of plan formulated by the financial manager. 1
answer_text,XII,2018-19,XII_BST_MS_2018_19.md,9,Importance of directing: (Any three statements) 1X3=
answer_text,XII,2018-19,XII_BST_MS_2018_19.md,18,(i) The communication barrier discussed in the above paragraph is Lack 1
answer_text,XII,2018-19,XII_BST_MS_2018_19.md,2,Specialisation Functional Product specialisation.
answer_text,XII,2018-19,XII_BST_MS_2018_19.md,3,Responsibility Difficult to fix on a Easy to fix responsibility
answer_text,XII,2018-19,XII_BST_MS_2018_19.md,4,"Managerial Difficult, as each Easier, autonomy as"
answer_text,XII,2018-19,XII_BST_MS_2018_19.md,5,Cost Functions are not Duplication of
answer_text,XII,2018-19,XII_BST_MS_2018_19.md,6,"Coordination Difficult for a Easy, because all"
answer_text,XII,2018-19,XII_Malayalam_MS_2018-19.md,3,D¯-c-sa-gp-XpI (G-sX-¦nepw Bsd-®w) (6 x 5 = 30)
answer_text,XII,2018-19,XII_Malayalam_MS_2018-19.md,4,(J-WvUn-I-Xn-cn¨v Fgp-X-Ww) (1 x 10 = 10)
answer_text,XII,2018-19,XII-Odissi_MS.md,4,"Tandav is created by lord shiva , it is a vigorous type of Dance mostly done in 5"
answer_text,XII,2018-19,XII-Odissi_MS.md,5,Some bhangis are:-
answer_text,XII,2018-19,XII-Odissi_MS.md,6,Battu :- Taal ektali (4 matra) 5
mcq_key,XII,2018-19,XII-Informatics_Practices_MS_2018-19.md,2,A
mcq_key,XII,2018-19,XII-Informatics_Practices_MS_2018-19.md,3,A
mcq_key,XII,2018-19,XII-Informatics_Practices_MS_2018-19.md,5,A
mcq_key,XII,2018-19,XII-Informatics_Practices_MS_2018-19.md,7,A
answer_text,XII,2018-19,XII-Informatics_Practices_MS_2018-19.md,1,TRAINEE’S NAME TextField
answer_text,XII,2018-19,XII-Informatics_Practices_MS_2018-19.md,4,SUGGESTIONS Text Area
mcq_key,XII,2018-19,XII_Computer_Science_MS_2018_19.md,2,A
mcq_key,XII,2018-19,XII_Computer_Science_MS_2018_19.md,6,A
answer_text,XII,2018-19,XII_Computer_Science_MS_2018_19.md,3,Ans. A copy constructor is an overloaded constructor in which an object of the
answer_text,XII,2018-19,XII_Gujarati_MS_2018_19.md,4,(y) økãMk{eûkk - Ëhuf Mkk[k W¥khLkku yuf økwý 1×5=5
answer_text,XII,2018-19,XII_Gujarati_MS_2018_19.md,5,(y) fkÔÞMk{eûkk 1×4=4
mcq_key,XII,2018-19,XII-Economics_MS_2018-19.md,24,A
answer_text,XII,2018-19,XII-Economics_MS_2018-19.md,7,Price elasticity of demand (Ed) =
answer_text,XII,2018-19,XII-Economics_MS_2018-19.md,9,Price Discrimination – is a situation where the monopolist charges different set of prices of the
answer_text,XII,2018-19,XII-Economics_MS_2018-19.md,19,The problem of double counting arises when the value of certain goods and services are counted 4
answer_text,XII,2018-19,XII-Economics_MS_2018-19.md,20,"Economic Growth implies a sustainable increase in real GDP of an economy, i.e. an increase in"
answer_text,XII,2018-19,XII-Economics_MS_2018-19.md,23,Initial increase in investment increases the final income of the economy. Investment multiplier
answer_text,XII,2018-19,XII_Legal_Studies_MS_2018-19.md,11,The statutory body discussed above is the Lokpal. 2
answer_text,XII,2018-19,XII_Legal_Studies_MS_2018-19.md,12,Sumit can approach the National Human Rights Commission. The specific 2
answer_text,XII,2018-19,XII_Legal_Studies_MS_2018-19.md,15,Attorney General Advocate General 4
answer_text,XII,2018-19,XII_Legal_Studies_MS_2018-19.md,16,Article 14 provides to all the right to equality before law and equal 4
answer_text,XII,2018-19,XII_Legal_Studies_MS_2018-19.md,25,The scope of judicial review in courts in India has developed with respect 6
answer_text,XII,2018-19,XII_Legal_Studies_MS_2018-19.md,26,(1) Discharge by Breach of Contract-Breach means failure to perform the 6
answer_text,XII,2018-19,XII_Legal_Studies_MS_2018-19.md,27,Law is an exciting and challenging profession. Law graduates in India have 6
mcq_key,XII,2018-19,XII_Biotechnology_MS_2018_19.md,22,A
answer_text,XII,2018-19,XII_Biotechnology_MS_2018_19.md,10,Two dimensional gel electrophoresis. 2
answer_text,XII,2018-19,XII_Biotechnology_MS_2018_19.md,11,It shows inaccuracy in gene prediction. Secondly there is no correlation between the 2
answer_text,XII,2018-19,XII_Biotechnology_MS_2018_19.md,12,Culture volume= 800 l 2
answer_text,XII,2018-19,XII_Biotechnology_MS_2018_19.md,13,Somaclonal variations 2
answer_text,XII,2018-19,XII_Biotechnology_MS_2018_19.md,14,Causes: 2
answer_text,XII,2018-19,XII_Biotechnology_MS_2018_19.md,15,Transfer of genes into ova/stem cells of animals with a view to obtain large scale 3
answer_text,XII,2018-19,XII_Biotechnology_MS_2018_19.md,24,Metagenomics approach has been developed to identify and select microbial genes 3
answer_text,XII,2018-19,XII-Kathak_MS.md,3,Theka – Support – The signature of a taal special arrangement of rhythmic syllabus or bols 6
answer_text,XII,2018-19,XII-Kathak_MS.md,4,Nandikeshwara (5th – 4th Century BC) 6
answer_text,XII,2018-19,XII-Kathak_MS.md,5,Abhinaya: Carrying forward of emotion invitation or expression of feelings and conditions for 6
answer_text,XII,2018-19,XII_History_MS_2018-19.md,11,How did the village panchayat regulate the rural society in the Mughal 8
answer_text,XII,2018-19,XII_History_MS_2018-19.md,12,Describe the role of Gandhiji as people’s leader from 1917-22? 8
answer_text,XII,2018-19,XII_History_MS_2018-19.md,14,Declining a royal gift 2+2+3
answer_text,XII,2018-19,XII_Mass_Media_Studies_MS_2018-19.md,11,Various functions of Multi Media – can be used as a great support in planning and 3
answer_text,XII,2018-19,XII_Mass_Media_Studies_MS_2018-19.md,12,Students to mention briefly about any two genres of Radio Programme from – 3
answer_text,XII,2018-19,XII_Mass_Media_Studies_MS_2018-19.md,13,Majid Tehranian (IRAN) says that three Megatrends characterize our own era 3
answer_text,XII,2018-19,XII_Mass_Media_Studies_MS_2018-19.md,14,Uses and gratification – given by Katz in 1960‟s and asked a different question 4
answer_text,XII,2018-19,XII_Mass_Media_Studies_MS_2018-19.md,15,SUBJECTIVE – Reference page no. 124 4
answer_text,XII,2018-19,XII_Mass_Media_Studies_MS_2018-19.md,16,Script-Structure of a Soap-Opera – the plot of a soap opera has a few parallel 4
answer_text,XII,2018-19,XII_Mass_Media_Studies_MS_2018-19.md,17,"Various functions of advertising are – it introduces a new product into the market, 4"
answer_text,XII,2018-19,XII_Mass_Media_Studies_MS_2018-19.md,22,Jerome Brumer an eminent psychologist outlines 10 important characteristics of 5
answer_text,XII,2018-19,XII_Mass_Media_Studies_MS_2018-19.md,23,"Tabloid Press – casual approach, news mainly about celebrities gossip, more 5"
answer_text,XII,2018-19,XII_Mass_Media_Studies_MS_2018-19.md,24,Multimedia is a means to process and structure information into a well-defined 5
answer_text,XII,2018-19,XII_Mass_Media_Studies_MS_2018-19.md,25,Market segmentation – is the process of breaking down a larger market into
mcq_key,XII,2018-19,XII_Fashion_Studies_MS_2018_19.md,12,A
mcq_key,XII,2018-19,XII_Fashion_Studies_MS_2018_19.md,14,A
mcq_key,XII,2018-19,XII_Fashion_Studies_MS_2018_19.md,16,A
mcq_key,XII,2018-19,XII_Fashion_Studies_MS_2018_19.md,22,A
mcq_key,XII,2018-19,XII_Fashion_Studies_MS_2018_19.md,25,A
mcq_key,XII,2018-19,XII_Fashion_Studies_MS_2018_19.md,28,A
answer_text,XII,2018-19,XII_Fashion_Studies_MS_2018_19.md,13,"Shirting- light weight, usually cottons, linens, blends of synthetic and 1+1=2"
answer_text,XII,2018-19,XII_Fashion_Studies_MS_2018_19.md,15,Tailor’s chalk- quick marking device. 1+
answer_text,XII,2018-19,XII_Fashion_Studies_MS_2018_19.md,17,(Answer to be supplemented with well labeled figure) 2+1=3
answer_text,XII,2018-19,XII_Fashion_Studies_MS_2018_19.md,23,Fly front- if the buttons are concealed by a separate flap. 1+1+1=3
answer_text,XII,2018-19,XII_Fashion_Studies_MS_2018_19.md,24,Purpose of a lining- to finish the garment and to hide the garment’s 1+1+1=3
answer_text,XII,2018-19,XII_French_MS_2018_19.md,1,Le vent qui souffle en Provence s’appelle le mistral.
answer_text,XII,2018-19,XII_French_MS_2018_19.md,2,Le château des papes se trouve à Avignon.
answer_text,XII,2018-19,XII_French_MS_2018_19.md,3,Les yeux sont soignés par l’oculiste.
answer_text,XII,2018-19,XII_French_MS_2018_19.md,4,Au réveillon on boit du champagne.
answer_text,XII,2018-19,XII_French_MS_2018_19.md,5,Les alpinistes sont conduits par des guides.
mcq_key,XII,2018-19,XII_Chemistry_MS_2018_19.md,24,A
mcq_key,XII,2018-19,XII_Chemistry_MS_2018_19.md,27,A
answer_text,XII,2018-19,XII_Entrepreneurship_MS_2018_19.md,6,Enlist the elements of Innovation process. 2
answer_text,XII,2018-19,XII_Entrepreneurship_MS_2018_19.md,7,Amish has the habit of reading newspaper on a daily basis. The latest headlines 2
answer_text,XII,2018-19,XII_Entrepreneurship_MS_2018_19.md,8,Why is SWOT analysis important in preparing the marketing plan? 2
answer_text,XII,2018-19,XII_Entrepreneurship_MS_2018_19.md,12,Shobha is a small scale entrepreneur manufacturing chocolates in the name 3
answer_text,XII,2018-19,XII_Entrepreneurship_MS_2018_19.md,13,"Subeer, a tech-entrepreneur and his friend Harish, an investment banker planned to 3"
answer_text,XII,2018-19,XII_Entrepreneurship_MS_2018_19.md,16,Iqbal runs an electrical shop in Lucknow. The most sold product in his shop is 3
answer_text,XII,2018-19,XII_Entrepreneurship_MS_2018_19.md,19,What are the different types of acquisition? 4
answer_text,XII,2018-19,XII_Entrepreneurship_MS_2018_19.md,23,Arushi finished her graduation course on designing from a reputed university. She 6
answer_text,XII,2018-19,XII_Entrepreneurship_MS_2018_19.md,24,Latha started her business of making dosa batter from her home during her free 6
answer_text,XIIArabic,2018-19,XIIArabic_MS_2018_19.md,4,Essay writing in Arabic on a given topic (in about 200 8+2=10
answer_text,XIIArabic,2018-19,XIIArabic_MS_2018_19.md,5,Definition and illustration I’laal (‫)إﻋﻼل‬. (10 marks). 4+6=10
answer_text,XIIArabic,2018-19,XIIArabic_MS_2018_19.md,6,Choosing any five nouns / verbs from part (‫ )ب‬of Q. No. 1X5=05
answer_text,XIIArabic,2018-19,XIIArabic_MS_2018_19.md,7,Formation five active participles: (‫ )اﺳﻢ ﻓﺎﻋﻞ‬e.g. ‫ﺘﻨﺐ‬ ،‫ﺑﺎق‬
answer_text,XIIArabic,2018-19,XIIArabic_MS_2018_19.md,8,Translation of any two text passages (of about 150 10+10+5+5=30
answer_text,XIIArabic,2018-19,XIIArabic_MS_2018_19.md,9,Putting full vowel points on part (‫ )ج‬of question No. 8: 2+8=10
answer_text,XIIArabic,2018-19,XIIArabic_MS_2018_19.md,10,Poetry: Explanation of any five verses: (10 marks) 8+2=10
mcq_key,XII,2018-19,XII_NCC_MS_2018-19.md,18,A
mcq_key,XII,2018-19,XII_NCC_MS_2018-19.md,21,A
answer_text,XII,2018-19,XII_NCC_MS_2018-19.md,11,Depressants: Depressants are drugs that slow down the 4mk/U6/ Pg no
answer_text,XII,2018-19,XII_NCC_MS_2018-19.md,12,Treatment 4mk/U7/ Pg no 164
answer_text,XII,2018-19,XII_NCC_MS_2018-19.md,13,Posting and Relieving Sentries: 6mk/U2/ Pg no 31
answer_text,XII,2018-19,XII_NCC_MS_2018-19.md,14,Internal negative aspects that are under our control and that we 6mk/U4/ Pg no 69-
answer_text,XII,2018-19,XII_NCC_MS_2018-19.md,15,"(i) Arm Bar, Elbow Bar: Jamming an arm into a crack and 6mk/U8/ Pg no"
answer_text,XII,2018-19,XII_NCC_MS_2018-19.md,24,The basic considerations for fire & movement are as under:- 4mk/U3/Pg no 131
answer_text,XII,2018-19,XII_NCC_MS_2018-19.md,16,The technique of floating keeps you surviving till help and 1mk/U9/Pg no189
answer_text,XII,2018-19,XII_NCC_MS_2018-19.md,17,Anchor and cable are used to hold a ships position in water. 2mk/U5/Pg no 118
answer_text,XII,2018-19,XII_NCC_MS_2018-19.md,22,Operating Phases. There are basically five operating phases 2mks/U8/Pg
answer_text,XII,2018-19,XII_NCC_MS_2018-19.md,23,The atmosphere has weight and this weight exerts pressure. 2mks/U4/Pg
answer_text,XII,2018-19,XII_NCC_MS_2018-19.md,25,"Air Navigation is the art of guiding an aircraft through the air, so 3mks/U6/Pg no.149/"
answer_text,XII,2018-19,XII_Commercial_Art_MS_2018_19.md,3,"This is a question of understanding, value-based and short answer type. A candidate is 5 marks"
answer_text,XII,2018-19,XII_Commercial_Art_MS_2018_19.md,4,This is question of application skill and short answer type. A candidate is expected to 5 marks
answer_text,XII,2018-19,XII_Commercial_Art_MS_2018_19.md,5,This is a question of application skills and short answer type. A candidate is expected to 5 marks
answer_text,XII,2018-19,XII_Commercial_Art_MS_2018_19.md,8,This is a knowledge based and objective type question. The correct answers are as 5 marks
answer_text,XII,2018-19,XII_Sociology_MS_2018-19.md,5,Why is falling dependency ratio a source of economic growth and prosperity? 1+1
answer_text,XII,2018-19,XII_Sociology_MS_2018-19.md,6,What are the sources of revenue for the Panchayats? 2
answer_text,XII,2018-19,XII_Sociology_MS_2018-19.md,7,Bring out the difference between assimilationist and integrationist policies. 2
answer_text,XII,2018-19,XII_Sociology_MS_2018-19.md,8,Why was Dharma Sabha formed? 2
answer_text,XII,2018-19,XII_Sociology_MS_2018-19.md,9,Justify the importance of Silk Route for the Indian traders during the early years. 2
answer_text,XII,2018-19,XII_Sociology_MS_2018-19.md,18,Identify how mass media is a part of our everyday life. 4
mcq_key,XII,2018-19,XII-Physics_MS_2018-19.md,21,A
mcq_key,XII,2018-19,XII-Physics_MS_2018-19.md,26,A
answer_text,XII,2018-19,XII-Physics_MS_2018-19.md,7,The positive of E1 is not connected to terminal X.
answer_text,XII,2018-19,XII-Physics_MS_2018-19.md,8,Phasor diagram
answer_text,XII,2018-19,XII-Physics_MS_2018-19.md,9,(i) Radiation re-radiated by earth has greater wavelength 1
answer_text,XII,2018-19,XII-Physics_MS_2018-19.md,10,Angular width 2ϴ = 2λ/d 1/2
answer_text,XII,2018-19,XII-Physics_MS_2018-19.md,20,Let d be the diameter of the disc. The spot shall be invisible if the incident rays from
answer_text,XII,2018-19,XII-Physics_MS_2018-19.md,22,Energy corresponding to the given wavelength:
answer_text,XII,2018-19,XII_Pol_Science_MS_2018-19.md,21,"In the given political outline map of India, five states have been marked as (A), (B), (C), (D), and"
answer_text,XII,2018-19,XII_Eng_Core_MS_2019.md,2,Note 10
answer_text,XII,2018-19,XII_Eng_Core_MS_2019.md,4,Note: - No marks are to be awarded if only the format is given. Credit should be given to the
answer_text,XII,2018-19,XII_Eng_Core_MS_2019.md,5,DEBATE / SPEECH 10
answer_text,XII,2018-19,XII_Eng_Core_MS_2019.md,7,This question has been designed to test the students understanding of the text and 4
answer_text,XII,2018-19,XII_Eng_Core_MS_2019.md,8,Short answer type questions ( Answer any Four)
answer_text,XII,2018-19,XII_Hindustani_Music_MI_MS_2018_19.md,1,The candidate is expected to define the terms and write its Lakshan/varieties
answer_text,XII,2018-19,XII_Hindustani_Music_MI_MS_2018_19.md,2,The candidate is expected to describe classifications of Ragas in various
answer_text,XII,2018-19,XII_Hindustani_Music_MI_MS_2018_19.md,3,"The candidate is to write the detail of the author, time, chapters and musical"
answer_text,XII,2018-19,XII_Hindustani_Music_MI_MS_2018_19.md,4,The candidate is required to do the notation of Talas in Dugun in proper Tala
answer_text,XII,2018-19,XII_Hindustani_Music_MI_MS_2018_19.md,5,The candidate is required to do the notation in proper manner of notation
answer_text,XII,2018-19,XII_Hindustani_Music_MI_MS_2018_19.md,6,The candidate is to write the detail of time theory according to nature and
answer_text,XII,2018-19,XII_Hindustani_Music_MI_MS_2018_19.md,7,"The candidate is expected to write the date and place of birth, musical"
answer_text,XII,2018-19,XII_Hindustani_Music_MI_MS_2018_19.md,8,The candidate is to recognize the Raga and write its name against each musical
answer_text,XII,2018-19,XII_Home_Science_MS_2018-19.md,15,Advantages: i. Helps in achieving goals. 3
answer_text,XII,2018-19,XII_Home_Science_MS_2018-19.md,16,Weekly Expenditure Format 4
answer_text,XII,2018-19,XII_Home_Science_MS_2018-19.md,20,Age influence the selection of clothing example: 4
answer_text,XII,2018-19,XII_Home_Science_MS_2018-19.md,21,Disha is suffering from Mental Problem ‘Depression’. 4
answer_text,XII,2018-19,XII_Home_Science_MS_2018-19.md,25,"Hem – Enough seam allowance, Even width, No puckering, Any other (Any two) 5"
answer_text,XII,2018-19,XII_Marathi_MS_2018-19.md,4,D;w’khV 1
mcq_key,XII,2018-19,XII_Engineering_Graphics_MS_2018_19.md,3,A
answer_text,XII,2018-19,XII_Engineering_Graphics_MS_2018_19.md,4,SOCKET AND SPIGOT COTTER JOINT (ASSEMBLY)
mcq_key,XII,2018-19,XII_Biology_MS_2018_19.md,8,A
mcq_key,XII,2018-19,XII_Biology_MS_2018_19.md,17,A
answer_text,XII,2018-19,XII_Biology_MS_2018_19.md,7,"After addition of lactose, complete breakdown of lactose to glucose and galactose takes place. 2"
answer_text,XII,2018-19,XII_Biology_MS_2018_19.md,9,The thymus provides micro-environments for the development and maturation of T- 2
answer_text,XII,2018-19,XII_Biology_MS_2018_19.md,11,"From the dihybrid cross, law of independent assortment can be derived which states that, when 2"
answer_text,XII,2018-19,XII_Biology_MS_2018_19.md,12,In Eichhornia the flowers emerge above the level of water and are pollinated by insects 2
answer_text,XII,2018-19,XII_Biology_MS_2018_19.md,13,(i) Nile perch introduced into Lake Victoria in East Africa led to the extinction of Cichlids fish. 3
answer_text,XII,2018-19,XII_Biology_MS_2018_19.md,25,Increase in the level of greenhouse gases has led to considerable heating of Earth leading to 5
answer_text,XII,2018-19,XII_Biology_MS_2018_19.md,26,"Down’s syn rome, Turner’s syn rome, Klinefelter’s syndrome are common examples of 5"
answer_text,XII,2018-19,XII_Biology_MS_2018_19.md,27,Oogenesis is different from that of spermatogenesis in the following ways: - 5
answer_text,XII,2018-19,XII_Hindustani_Music-V-MS_2018-19.md,1,The candidate is expected to define the Terms in brief and write its
answer_text,XII,2018-19,XII_Hindustani_Music-V-MS_2018-19.md,2,The candidate is expected to describe the ‘Classification of Ragas’ in
answer_text,XII,2018-19,XII_Hindustani_Music-V-MS_2018-19.md,3,The candidate is expected to write special features of the Raga along with
answer_text,XII,2018-19,XII_Hindustani_Music-V-MS_2018-19.md,4,The candidate is required to do the notation of a Vilambit or Drut Khayal in
answer_text,XII,2018-19,XII_Hindustani_Music-V-MS_2018-19.md,5,The candidate is expected to do the notation of Talas in Thah and Dugun
answer_text,XII,2018-19,XII_Hindustani_Music-V-MS_2018-19.md,6,The candidate is required to write the detail of Time Theory of Ragas
answer_text,XII,2018-19,XII_Hindustani_Music-V-MS_2018-19.md,7,"The candidate is expected to write the date, place of birth, musical training,"
answer_text,XII,2018-19,XII_Hindustani_Music-V-MS_2018-19.md,8,The candidate is expected to recognize the raga and write its name against
answer_text,XII,2018-19,XII_Multimedia_WebTech_MS_2018-19.md,9,(1 mark for each line of output)
mcq_key,Fashion,2016-17,Fashion_Studies_(2016-17)_MS.md,15,A
mcq_key,Fashion,2016-17,Fashion_Studies_(2016-17)_MS.md,25,A
mcq_key,Fashion,2016-17,Fashion_Studies_(2016-17)_MS.md,26,A
mcq_key,Fashion,2016-17,Fashion_Studies_(2016-17)_MS.md,27,A
answer_text,Fashion,2016-17,Fashion_Studies_(2016-17)_MS.md,1,Finished on the right of the garment. Finished completely on the wrong side of
answer_text,Fashion,2016-17,Fashion_Studies_(2016-17)_MS.md,2,Attached by stretching the strip. Attached without stretching.
answer_text,Fashion,2016-17,Fashion_Studies_(2016-17)_MS.md,3,Done by pining Stitching
answer_text,Fashion,2016-17,Fashion_Studies_(2016-17)_MS.md,4,Correction done on right side of the Wrong side
answer_text,Fashion,2016-17,Fashion_Studies_(2016-17)_MS.md,12,Legs of the wearer are in the centre and not touching the front or back of the skirt. 1+1=2
answer_text,Fashion,2016-17,Fashion_Studies_(2016-17)_MS.md,13,Skirt- Straight/gathered/pleated/tiered/paneled. (Any two)
answer_text,Fashion,2016-17,Fashion_Studies_(2016-17)_MS.md,23,"To be avoided with diagonals- centre seams, long diagonal darts, gored skirts, panelled"
answer_text,Fashion,2016-17,Fashion_Studies_(2016-17)_MS.md,24,Blended fabrics- combination of two or more fabrics. Example- Terylene
mcq_key,MS,2016-17,MS_II_BIO_2016_17.md,9,A
mcq_key,MS,2016-17,MS_II_BIO_2016_17.md,12,A
mcq_key,MS,2016-17,MS_II_BIO_2016_17.md,20,A
mcq_key,MS,2016-17,MS_II_BIO_2016_17.md,21,A
answer_text,MS,2016-17,MS_II_BIO_2016_17.md,17,Methanogens are present in Cow dung. 3
answer_text,MS,2016-17,MS_II_BIO_2016_17.md,18,Gene Therapy 3
answer_text,MS,2016-17,MS_II_BIO_2016_17.md,19,Drug dependence - is the tendency of the body to manifest a characteristic and 3
answer_text,MS,2016-17,MS_II_BIO_2016_17.md,25,"For initiation, the ribosome binds to the mature m RNA at the start codon (AUG) 5"
answer_text,Theatre,2016-17,Theatre_Studies_MS_Set_1.md,12,"Make-up, though regarded as necessary, its vast possibilities for effectiveness 3 3/EV"
answer_text,Theatre,2016-17,Theatre_Studies_MS_Set_1.md,13,Improvisation simulates a scene-like situation. It is a key stage in the Meisner 3(2+1) 2/H
answer_text,Theatre,2016-17,Theatre_Studies_MS_Set_1.md,14,The ancient Greek theatre influenced modern western theatre in terms of 3 1/R
answer_text,Theatre,2016-17,Theatre_Studies_MS_Set_1.md,19,Best way to learn about perfection is to work in it/understanding of what is 4 3/ VB
answer_text,Theatre,2016-17,Theatre_Studies_MS_Set_1.md,20,Modernism is closely associated with the idea of the ‘avant–garde’. Avant- 4 1/U
answer_text,Theatre,2016-17,Theatre_Studies_MS_Set_1.md,23,Realism (Stanislavsky’s System) - Method Acting: Sense memory is the 6 2/H
mcq_key,Informatics,2016-17,Informatics_Practices__2016-17__MS.md,3,A
mcq_key,Informatics,2016-17,Informatics_Practices__2016-17__MS.md,4,A
mcq_key,Informatics,2016-17,Informatics_Practices__2016-17__MS.md,5,A
mcq_key,Informatics,2016-17,Informatics_Practices__2016-17__MS.md,6,A
mcq_key,Informatics,2016-17,Informatics_Practices__2016-17__MS.md,7,A
answer_text,Informatics,2016-17,Informatics_Practices__2016-17__MS.md,1,Traveler’s Name Text Field
answer_text,Informatics,2016-17,Informatics_Practices__2016-17__MS.md,2,Source City/Destination City Combo box
mcq_key,GEOGRAPHY,2016-17,GEOGRAPHY_ms_XII.md,13,A
answer_text,GEOGRAPHY,2016-17,GEOGRAPHY_ms_XII.md,11,Study the diagram given below and answer the questions: 1+1+1=3
answer_text,GEOGRAPHY,2016-17,GEOGRAPHY_ms_XII.md,12,Value hidden: 1½+
answer_text,GEOGRAPHY,2016-17,GEOGRAPHY_ms_XII.md,14,Rural Settlement types on the basis of forms and shapes 5
answer_text,GEOGRAPHY,2016-17,GEOGRAPHY_ms_XII.md,15,(i) Dependence on Erratic Monsoon 3+2=5
answer_text,GEOGRAPHY,2016-17,GEOGRAPHY_ms_XII.md,19,(i) The first requirement is strict implementation of water management 5
answer_text,GEOGRAPHY,2016-17,GEOGRAPHY_ms_XII.md,20,Indian Railways brought people of diverse cultures together – 5x1=5
answer_text,GEOGRAPHY,2016-17,GEOGRAPHY_ms_XII.md,21,"In the given political outline map of the world, the following four features"
mcq_key,Biotech,2016-17,Biotech_MS_II_2016_17.md,26,A
answer_text,Biotech,2016-17,Biotech_MS_II_2016_17.md,13,Ti plasmid vectors are disarmed because they do not require any chemical or equipments 1+1
answer_text,Biotech,2016-17,Biotech_MS_II_2016_17.md,14,"Serum is a source of various amino acids, hormones, lipids, vitamins,polyamines and salts 1+1"
answer_text,Biotech,2016-17,Biotech_MS_II_2016_17.md,15,Insertional inactivation of Lac Z gene leads to suppression of its activity. This ensures 3
answer_text,Biotech,2016-17,Biotech_MS_II_2016_17.md,16,Yep contains LEU 2 gene which codes for an enzyme required for the synthesis of amino 3
answer_text,Biotech,2016-17,Biotech_MS_II_2016_17.md,17,A popular method called Matrix Assisted Laser Desorption Ionisation (MALDI) is used to 1+2
mcq_key,Physics,2016-17,Physics_MS.md,9,A
mcq_key,Physics,2016-17,Physics_MS.md,20,A
mcq_key,Physics,2016-17,Physics_MS.md,22,A
mcq_key,Physics,2016-17,Physics_MS.md,26,A
answer_text,Physics,2016-17,Physics_MS.md,13,Rate of change of flux = d/dt = (l2) Bo l dz/dt = IR (½)
answer_text,Physics,2016-17,Physics_MS.md,15,"E/B = v when E, V and B are perpendicular to each other. (1)"
answer_text,MS,2016-17,MS_GRAPHIC_DESIGN_Session_2016-17.md,17,Design a logo for ‘Swatchh Bharat Abhiyan’ with black colour within a size of 3”x3”.
mcq_key,Economics,2016-17,Economics_(2016-17)_Set_2_MS.md,9,A
answer_text,Economics,2016-17,Economics_(2016-17)_Set_2_MS.md,10,"Out of the given options, (B) is incorrect. Indifference Curves have a"
answer_text,Political,2016-17,Political_Science_(2016-17)_MS.md,12,The role of E V Ramaswamy Naicker in the Dravidian Movement : 4 153
answer_text,Political,2016-17,Political_Science_(2016-17)_MS.md,14,Key controversies 4 54
answer_text,Political,2016-17,Political_Science_(2016-17)_MS.md,21,Map questions 5x1
answer_text,Political,2016-17,Political_Science_(2016-17)_MS.md,22,Consequences of disintegration of USSR : 6 23
answer_text,Political,2016-17,Political_Science_(2016-17)_MS.md,26,Three major issues in the north-eastern states of India : 3x2= 163
answer_text,Political,2016-17,Political_Science_(2016-17)_MS.md,27,Three major factors which led to the popularity of Indira Gandhi 3x2 92
answer_text,MWT,2016-17,MWT_(2016-17)_MS.md,2,Answer the following questions based on Macromedia Flash:
answer_text,MWT,2016-17,MWT_(2016-17)_MS.md,3,Answer the following questions based on HTML:
answer_text,MWT,2016-17,MWT_(2016-17)_MS.md,6,Answer the following questions based on JavaScript:
answer_text,MWT,2016-17,MWT_(2016-17)_MS.md,7,Answer the following questions based on Communication and network concepts:
mcq_key,Sociology,2016-17,Sociology_(2016-17)_MS.md,25,A
mcq_key,MS,2016-17,MS_AGRI_II_2016_17.md,11,A
mcq_key,MS,2016-17,MS_AGRI_II_2016_17.md,18,A
answer_text,MS,2016-17,MS_AGRI_II_2016_17.md,8,Reasons behind the use of thermal processing during food processing and
answer_text,MS,2016-17,MS_AGRI_II_2016_17.md,9,Main objective of packaging the processed foods are
answer_text,MS,2016-17,MS_AGRI_II_2016_17.md,10,Vermicomposting is the process of turning organic debris into worm castings. The 1+1=2
answer_text,MS,2016-17,MS_AGRI_II_2016_17.md,13,Method of pre-cooling :
answer_text,MS,2016-17,MS_AGRI_II_2016_17.md,17,"Cut flowers refers to fresh flowers harvested/cut , that have started to blossom or are 2"
mcq_key,Computer,2016-17,Computer_Science_(2016-17)_Set_MS.md,1,A
mcq_key,Computer,2016-17,Computer_Science_(2016-17)_Set_MS.md,5,A
mcq_key,Computer,2016-17,Computer_Science_(2016-17)_Set_MS.md,7,A
answer_text,Computer,2016-17,Computer_Science_(2016-17)_Set_MS.md,84,(½ Mark for each correct answer)
mcq_key,MS,2015-16,MS_AGRI_II_2016.md,14,A
mcq_key,MS,2015-16,MS_AGRI_II_2016.md,16,A
mcq_key,MS,2015-16,MS_AGRI_II_2016.md,11,A
mcq_key,MS,2015-16,MS_AGRI_II_2016.md,18,A
answer_text,MS,2015-16,MS_AGRI_II_2016.md,7,Blue green algae or cyanobacteria are photosynthetic prokaryotic microorganisms 1
answer_text,MS,2015-16,MS_AGRI_II_2016.md,8,Reasons behind the use of thermal processing during food processing and preservation
answer_text,MS,2015-16,MS_AGRI_II_2016.md,9,Major factors hampering the growth of food processing sector and holding it back. 1x2= 2
answer_text,MS,2015-16,MS_AGRI_II_2016.md,10,Chemical pesticides have proven harmful to various other species in the ecosystem 2
answer_text,MS,2015-16,MS_AGRI_II_2016.md,12,Functions of calcium: ½x3
answer_text,2016,2015-16,2016_BT_MS_2.md,10,It shows inaccuracy in gene prediction ½
answer_text,2016,2015-16,2016_BT_MS_2.md,11,Graph of batch culture Fig.5.Pg No.91 NCERT 1
answer_text,2016,2015-16,2016_BT_MS_2.md,16,Ribonuclease gene from Brassica is used as probe. ½
answer_text,2016,2015-16,2016_BT_MS_2.md,17,Protein fingerprinting/peptide mapping ½
answer_text,2016,2015-16,2016_BT_MS_2.md,25,Monoclonal antibodies are specific to a single epitope of the antigen due to which the
answer_text,2016,2015-16,2016_BT_MS_2.md,26,Basic steps should include:
mcq_key,Fashion,2015-16,Fashion_Studies_SQP__2015-16__Set_2_MS.md,15,A
mcq_key,Fashion,2015-16,Fashion_Studies_SQP__2015-16__Set_2_MS.md,16,A
mcq_key,Fashion,2015-16,Fashion_Studies_SQP__2015-16__Set_2_MS.md,17,A
mcq_key,Fashion,2015-16,Fashion_Studies_SQP__2015-16__Set_2_MS.md,18,A
mcq_key,Fashion,2015-16,Fashion_Studies_SQP__2015-16__Set_2_MS.md,19,A
mcq_key,Fashion,2015-16,Fashion_Studies_SQP__2015-16__Set_2_MS.md,20,A
mcq_key,Fashion,2015-16,Fashion_Studies_SQP__2015-16__Set_2_MS.md,26,A
mcq_key,Fashion,2015-16,Fashion_Studies_SQP__2015-16__Set_2_MS.md,27,A
mcq_key,Fashion,2015-16,Fashion_Studies_SQP__2015-16__Set_2_MS.md,28,A
mcq_key,Sociology,2015-16,Sociology_SQP_2015-16_Set_2_MS.md,25,A
mcq_key,Informatics,2015-16,Informatics_Practices_SQP_(2015-16)_Set_2_MS.md,2,A
mcq_key,Informatics,2015-16,Informatics_Practices_SQP_(2015-16)_Set_2_MS.md,4,A
mcq_key,Informatics,2015-16,Informatics_Practices_SQP_(2015-16)_Set_2_MS.md,6,A
mcq_key,Informatics,2015-16,Informatics_Practices_SQP_(2015-16)_Set_2_MS.md,7,A
answer_text,Informatics,2015-16,Informatics_Practices_SQP_(2015-16)_Set_2_MS.md,1,Enter Admission number
answer_text,Informatics,2015-16,Informatics_Practices_SQP_(2015-16)_Set_2_MS.md,3,Select Subject
answer_text,Computer,2015-16,Computer_Science_SQP_(2015-16)_Set_2_MS.md,102,Amit Mishra 12-10-1998 12000
answer_text,Computer,2015-16,Computer_Science_SQP_(2015-16)_Set_2_MS.md,103,Nitin Vyas 24-12-1994 8000
answer_text,Computer,2015-16,Computer_Science_SQP_(2015-16)_Set_2_MS.md,104,Rakshit Soni 18-5-2001 14000
answer_text,Computer,2015-16,Computer_Science_SQP_(2015-16)_Set_2_MS.md,105,Rashmi Malhotra 11-9-2004 11000
answer_text,Computer,2015-16,Computer_Science_SQP_(2015-16)_Set_2_MS.md,106,Sulekha Srivastava 5-6-2006 10000
answer_text,Computer,2015-16,Computer_Science_SQP_(2015-16)_Set_2_MS.md,3,30%41
mcq_key,2016,2015-16,2016_Biology_MS_2.md,23,A
mcq_key,2016,2015-16,2016_Biology_MS_2.md,25,A
mcq_key,2016,2015-16,2016_Biology_MS_2.md,26,A
answer_text,2016,2015-16,2016_Biology_MS_2.md,10,"Besides acting as ‘conduits’ of energy transfer across trophic levels, predators"
answer_text,2016,2015-16,2016_Biology_MS_2.md,12,After implantation interdigitation of maternal & foetal tissues results in
answer_text,2016,2015-16,2016_Biology_MS_2.md,13,The first pyramid of biomass corresponds to a terrestrial ecosystem. Second
answer_text,2016,2015-16,2016_Biology_MS_2.md,18,Transformation 1
answer_text,2016,2015-16,2016_Biology_MS_2.md,24,Oogenesis is initiated during embryonic development stage when a couple of
answer_text,History,2015-16,History_SQP__2015-16__Set_2_MS.md,9,Dalhousie’s policy towards Awadh 4 296
answer_text,History,2015-16,History_SQP__2015-16__Set_2_MS.md,10,Values cherished by KARAIKKAL AMMAIYAR 4 145
answer_text,History,2015-16,History_SQP__2015-16__Set_2_MS.md,13,Gandhiji 8 350
answer_text,History,2015-16,History_SQP__2015-16__Set_2_MS.md,16,N G Ranga has drawn attention 3+2 420
answer_text,Economics,2015-16,Economics_SQP__2015-16__Set_2_MS__S_.md,10,"Higher indifference curve represents higher level of satisfaction, in other"
answer_text,Economics,2015-16,Economics_SQP__2015-16__Set_2_MS__S_.md,11,Marginal Opportunity Cost (MOC) of a given commodity along a PPC is
answer_text,Economics,2015-16,Economics_SQP__2015-16__Set_2_MS__S_.md,16,(iii) Both (i)and (ii) 1
answer_text,Economics,2015-16,Economics_SQP__2015-16__Set_2_MS__S_.md,17,(iii)Ministry of finance 1
answer_text,Economics,2015-16,Economics_SQP__2015-16__Set_2_MS__S_.md,18,(ii) Real flow 1
answer_text,Economics,2015-16,Economics_SQP__2015-16__Set_2_MS__S_.md,19,(iv) None of the above. 1
answer_text,Economics,2015-16,Economics_SQP__2015-16__Set_2_MS__S_.md,20,(iii) Borrowing by a government represents a situation of fiscal deficit. 1
answer_text,Economics,2015-16,Economics_SQP__2015-16__Set_2_MS__S_.md,22,Yes all the given values are correct
answer_text,Economics,2015-16,Economics_SQP__2015-16__Set_2_MS__S_.md,29,Repo rate is the rate of interest at central bank lends money to commercial
answer_text,Economics,2015-16,Economics_SQP__2015-16__Set_2_MS__S_.md,30,Domestic Income = xi + ii + iv – vi + vii – x – viii 1
answer_text,824,,824_OfficeProc_MS.md,1,Equal Distribution of Work
answer_text,824,,824_OfficeProc_MS.md,2,No Duplication of Work
answer_text,824,,824_OfficeProc_MS.md,4,Specialization
answer_text,824,,824_OfficeProc_MS.md,3,Loss of Secrecy
answer_text,807,,807_BEAUTY_WELLNESS_MS.md,1,Swachh Cooperative
answer_text,414,,414_Apparel_MS.md,3,Answer any 5 out of the given 6 questions (1 x 5 = 5 marks)
answer_text,414,,414_Apparel_MS.md,6,"Hard working, Optimistic, Employability skills Unit 4 2"
answer_text,414,,414_Apparel_MS.md,7,is to show whether the message Employability skills Unit 1 2
answer_text,414,,414_Apparel_MS.md,8,"McAfee virus scan, Norton Employability skills Unit 3 2"
answer_text,414,,414_Apparel_MS.md,9,"reduces stress, improves Employability skills Unit 2 2"
answer_text,414,,414_Apparel_MS.md,10,Green skills help in reducing Employability skills Unit 5 2
answer_text,414,,414_Apparel_MS.md,11,Rhythm is the repetition or Study material Unit 1- 2
answer_text,414,,414_Apparel_MS.md,12,(1) includes intricate geometric Study material Unit 3 2
answer_text,414,,414_Apparel_MS.md,13,Gift tags are small labels attached Study material Unit 4 2
answer_text,414,,414_Apparel_MS.md,19,Fly stitch-It is also a type of loop Apparel Book- Class Unit 2 4
mcq_key,754,,754-_MS-_ADVANCED_FRONT_OFFICE_OPERATIONS_-_XII.md,29,A
answer_text,754,,754-_MS-_ADVANCED_FRONT_OFFICE_OPERATIONS_-_XII.md,1,Guest folio is considered as the master bill and it contain all transactions 1
answer_text,754,,754-_MS-_ADVANCED_FRONT_OFFICE_OPERATIONS_-_XII.md,2,Bag pull is a process to bring down guest luggage from group members 1
answer_text,754,,754-_MS-_ADVANCED_FRONT_OFFICE_OPERATIONS_-_XII.md,3,Traveller’s cheque is a cheque for a sum in a specific currency which can 1
answer_text,754,,754-_MS-_ADVANCED_FRONT_OFFICE_OPERATIONS_-_XII.md,4,City ledger is used to record all financial transactions that takes place 1
answer_text,754,,754-_MS-_ADVANCED_FRONT_OFFICE_OPERATIONS_-_XII.md,5,Skippers account is maintained to record the bills of guest who leaves the 1
answer_text,754,,754-_MS-_ADVANCED_FRONT_OFFICE_OPERATIONS_-_XII.md,6,VTL is an accounting system usually used in small hotels. It is a loose
answer_text,754,,754-_MS-_ADVANCED_FRONT_OFFICE_OPERATIONS_-_XII.md,7,"Any two of the following- Micros, Amadeus, IDS fortune, Shawman 1"
answer_text,754,,754-_MS-_ADVANCED_FRONT_OFFICE_OPERATIONS_-_XII.md,8,Occupancy% = No.of rooms occupied *100 1
answer_text,754,,754-_MS-_ADVANCED_FRONT_OFFICE_OPERATIONS_-_XII.md,9,Night auditor is the person who audits the hotel account at night time. 1
answer_text,754,,754-_MS-_ADVANCED_FRONT_OFFICE_OPERATIONS_-_XII.md,10,The hotel tariff is only for the room rent and guest is required to pay for 1
answer_text,754,,754-_MS-_ADVANCED_FRONT_OFFICE_OPERATIONS_-_XII.md,11,A person who comes to hotel without any prior reservation and requets 1
answer_text,754,,754-_MS-_ADVANCED_FRONT_OFFICE_OPERATIONS_-_XII.md,17,Advantages ( Any two)
answer_text,754,,754-_MS-_ADVANCED_FRONT_OFFICE_OPERATIONS_-_XII.md,19,Night auditor prepares high balance report on the basis of viewing guest
answer_text,754,,754-_MS-_ADVANCED_FRONT_OFFICE_OPERATIONS_-_XII.md,20,A hotel cashier collects money from guests for their lodging and any
answer_text,754,,754-_MS-_ADVANCED_FRONT_OFFICE_OPERATIONS_-_XII.md,23,If a guest vacates his room after the checkout time mentioned in the
answer_text,754,,754-_MS-_ADVANCED_FRONT_OFFICE_OPERATIONS_-_XII.md,27,Express checkout-It is speedy checkout system followed by front office
answer_text,754,,754-_MS-_ADVANCED_FRONT_OFFICE_OPERATIONS_-_XII.md,33,Night auditing is conducted by every hotel to maintain accurate and
mcq_key,777,,777-TRADITIONAL_INDIAN_TEXTILE-MS.md,11,A
answer_text,777,,777-TRADITIONAL_INDIAN_TEXTILE-MS.md,2,"A- Gabbas, Namdas"
answer_text,777,,777-TRADITIONAL_INDIAN_TEXTILE-MS.md,10,The pallu of the Baluchari sari is special as it is divided into niches
answer_text,777,,777-TRADITIONAL_INDIAN_TEXTILE-MS.md,15,Pipli appliqué Sujani
answer_text,777,,777-TRADITIONAL_INDIAN_TEXTILE-MS.md,16,"Due to high cost, the patola gujrat attracts very limited clientele and"
answer_text,777,,777-TRADITIONAL_INDIAN_TEXTILE-MS.md,18,The basic step of creating a bandhani textile are as follows.
answer_text,777,,777-TRADITIONAL_INDIAN_TEXTILE-MS.md,21,Sri kala hasti ruled by hindu rulers gave patronage to the painters. Scenes
mcq_key,747,,747-MS-_LIBRARY_SYSTEM_AND_RESOURCE_MANAGEMENT_-_XII.md,6,A
mcq_key,747,,747-MS-_LIBRARY_SYSTEM_AND_RESOURCE_MANAGEMENT_-_XII.md,7,A
mcq_key,747,,747-MS-_LIBRARY_SYSTEM_AND_RESOURCE_MANAGEMENT_-_XII.md,8,A
mcq_key,747,,747-MS-_LIBRARY_SYSTEM_AND_RESOURCE_MANAGEMENT_-_XII.md,9,B
mcq_key,747,,747-MS-_LIBRARY_SYSTEM_AND_RESOURCE_MANAGEMENT_-_XII.md,10,B
answer_text,747,,747-MS-_LIBRARY_SYSTEM_AND_RESOURCE_MANAGEMENT_-_XII.md,1,Revenue and expenditure ½+½
answer_text,747,,747-MS-_LIBRARY_SYSTEM_AND_RESOURCE_MANAGEMENT_-_XII.md,2,Policy making 1
answer_text,747,,747-MS-_LIBRARY_SYSTEM_AND_RESOURCE_MANAGEMENT_-_XII.md,3,Autonomy 1
answer_text,747,,747-MS-_LIBRARY_SYSTEM_AND_RESOURCE_MANAGEMENT_-_XII.md,4,"Library Management Committee, the Librarian and the Architect 1/3+1/3 +1/3"
answer_text,747,,747-MS-_LIBRARY_SYSTEM_AND_RESOURCE_MANAGEMENT_-_XII.md,5,"Students, Teachers and Research scholars 1"
answer_text,747,,747-MS-_LIBRARY_SYSTEM_AND_RESOURCE_MANAGEMENT_-_XII.md,11,Size of the Book card 4”x2” 1
answer_text,747,,747-MS-_LIBRARY_SYSTEM_AND_RESOURCE_MANAGEMENT_-_XII.md,12,Bits 1
answer_text,747,,747-MS-_LIBRARY_SYSTEM_AND_RESOURCE_MANAGEMENT_-_XII.md,13,Answer should be based on following points
answer_text,747,,747-MS-_LIBRARY_SYSTEM_AND_RESOURCE_MANAGEMENT_-_XII.md,14,Answer should be based on following points:
answer_text,747,,747-MS-_LIBRARY_SYSTEM_AND_RESOURCE_MANAGEMENT_-_XII.md,19,Benefits of digitisation
answer_text,747,,747-MS-_LIBRARY_SYSTEM_AND_RESOURCE_MANAGEMENT_-_XII.md,20,Answer should be based on following points
answer_text,747,,747-MS-_LIBRARY_SYSTEM_AND_RESOURCE_MANAGEMENT_-_XII.md,25,Answer should be based on following points
answer_text,747,,747-MS-_LIBRARY_SYSTEM_AND_RESOURCE_MANAGEMENT_-_XII.md,27,Answer should be based on following points
answer_text,747,,747-MS-_LIBRARY_SYSTEM_AND_RESOURCE_MANAGEMENT_-_XII.md,28,Answer should be based on following points
answer_text,747,,747-MS-_LIBRARY_SYSTEM_AND_RESOURCE_MANAGEMENT_-_XII.md,31,Answer should be based on following points
answer_text,747,,747-MS-_LIBRARY_SYSTEM_AND_RESOURCE_MANAGEMENT_-_XII.md,33,Answer should be based on following points
answer_text,788,,788-MS-Electrical_Appliances_-_XII.md,1,Vacuum cleaners (a) 1 1
answer_text,788,,788-MS-Electrical_Appliances_-_XII.md,3,Electronic timer (b) 1 1
answer_text,788,,788-MS-Electrical_Appliances_-_XII.md,4,Rectifier(c) 1 1
answer_text,788,,788-MS-Electrical_Appliances_-_XII.md,9,Shaded pole induction motor(b) 1 1
answer_text,788,,788-MS-Electrical_Appliances_-_XII.md,11,Increase(a) 1 1
answer_text,788,,788-MS-Electrical_Appliances_-_XII.md,12,Turbulence (b)
answer_text,788,,788-MS-Electrical_Appliances_-_XII.md,13,I. Desert coolers are usually kept on the window and suck air from 2 2
answer_text,788,,788-MS-Electrical_Appliances_-_XII.md,14,A mixer is a kitchen utensil which uses a gear-driven mechanism to rotate a 2 2
answer_text,788,,788-MS-Electrical_Appliances_-_XII.md,21,Steps for Repairing Washing Machine: 3 3
answer_text,788,,788-MS-Electrical_Appliances_-_XII.md,24,"A toaster, or a toast maker, is an electric small appliance designed to 3"
answer_text,788,,788-MS-Electrical_Appliances_-_XII.md,25,The purpose of artificial ventilation is to provide a method of air exchange 3 3
answer_text,788,,788-MS-Electrical_Appliances_-_XII.md,26,Voltage stabilization is a method of stabilizing the voltage against voltage 3 3
mcq_key,748,,748-MS-_INFORMATION_STORAGE_AND_RETRIEVAL_SYSTEM_-_XII.md,6,A
mcq_key,748,,748-MS-_INFORMATION_STORAGE_AND_RETRIEVAL_SYSTEM_-_XII.md,7,B
mcq_key,748,,748-MS-_INFORMATION_STORAGE_AND_RETRIEVAL_SYSTEM_-_XII.md,8,C
mcq_key,748,,748-MS-_INFORMATION_STORAGE_AND_RETRIEVAL_SYSTEM_-_XII.md,9,D
answer_text,748,,748-MS-_INFORMATION_STORAGE_AND_RETRIEVAL_SYSTEM_-_XII.md,1,Bibliographic 1
answer_text,748,,748-MS-_INFORMATION_STORAGE_AND_RETRIEVAL_SYSTEM_-_XII.md,2,Instructions 1
answer_text,748,,748-MS-_INFORMATION_STORAGE_AND_RETRIEVAL_SYSTEM_-_XII.md,3,Source Code 1
answer_text,748,,748-MS-_INFORMATION_STORAGE_AND_RETRIEVAL_SYSTEM_-_XII.md,4,Short distances 1
answer_text,748,,748-MS-_INFORMATION_STORAGE_AND_RETRIEVAL_SYSTEM_-_XII.md,5,Source 1
answer_text,748,,748-MS-_INFORMATION_STORAGE_AND_RETRIEVAL_SYSTEM_-_XII.md,11,For commercial website 1
answer_text,748,,748-MS-_INFORMATION_STORAGE_AND_RETRIEVAL_SYSTEM_-_XII.md,12,Uniform Resource Locator 1
answer_text,748,,748-MS-_INFORMATION_STORAGE_AND_RETRIEVAL_SYSTEM_-_XII.md,13,Library Automation
answer_text,748,,748-MS-_INFORMATION_STORAGE_AND_RETRIEVAL_SYSTEM_-_XII.md,14,Answer should be based on following points
answer_text,748,,748-MS-_INFORMATION_STORAGE_AND_RETRIEVAL_SYSTEM_-_XII.md,19,Answer should be based on following points
answer_text,748,,748-MS-_INFORMATION_STORAGE_AND_RETRIEVAL_SYSTEM_-_XII.md,20,Answer should be based on following points
answer_text,748,,748-MS-_INFORMATION_STORAGE_AND_RETRIEVAL_SYSTEM_-_XII.md,23,Answer should be based on followingpoints
answer_text,748,,748-MS-_INFORMATION_STORAGE_AND_RETRIEVAL_SYSTEM_-_XII.md,24,Answer should be based on following points
answer_text,748,,748-MS-_INFORMATION_STORAGE_AND_RETRIEVAL_SYSTEM_-_XII.md,27,Answer should be based on following points
answer_text,748,,748-MS-_INFORMATION_STORAGE_AND_RETRIEVAL_SYSTEM_-_XII.md,30,Answer should be based on following points
answer_text,748,,748-MS-_INFORMATION_STORAGE_AND_RETRIEVAL_SYSTEM_-_XII.md,32,Answer should be based on following points
answer_text,748,,748-MS-_INFORMATION_STORAGE_AND_RETRIEVAL_SYSTEM_-_XII.md,33,Answer should be based on following points
answer_text,627,,627-AUTOMOBILE_ENGINEERING-MS.md,1,Slow down the vehicle as it takes longer to stop or adjust in wet
answer_text,627,,627-AUTOMOBILE_ENGINEERING-MS.md,2,Stay toward the middle lanes - water tends to pool in the outside
answer_text,627,,627-AUTOMOBILE_ENGINEERING-MS.md,3,Be more alert when driving in wet or slippery conditions.
answer_text,627,,627-AUTOMOBILE_ENGINEERING-MS.md,4,"Avoid using your brakes; if possible, take your foot off the"
answer_text,607,,607-_Typography_and_Computer_Appl.-MS.md,7,What do you mean by Range in Excel?
answer_text,607,,607-_Typography_and_Computer_Appl.-MS.md,8,Why we use “CC” in an E Mail?
answer_text,607,,607-_Typography_and_Computer_Appl.-MS.md,9,What is a Search Engine?
answer_text,607,,607-_Typography_and_Computer_Appl.-MS.md,10,Mention the importance of Slide Sorter View in Power Point.
answer_text,607,,607-_Typography_and_Computer_Appl.-MS.md,11,What do you understand by the term – Spam?
answer_text,607,,607-_Typography_and_Computer_Appl.-MS.md,12,Write any two points which indicate importance of E Mail.
answer_text,607,,607-_Typography_and_Computer_Appl.-MS.md,13,Differentiate between ‘Office Order’ and ‘Office Note’.
answer_text,607,,607-_Typography_and_Computer_Appl.-MS.md,18,Discuss the utility of a PowerPoint Presentation.
answer_text,607,,607-_Typography_and_Computer_Appl.-MS.md,19,What is a Computer Virus? How are they transmitted?
answer_text,607,,607-_Typography_and_Computer_Appl.-MS.md,20,What is Chart in Excel? What are the different types of Charts in Excel?
answer_text,607,,607-_Typography_and_Computer_Appl.-MS.md,21,What is the meaning of manuscript? Write down the signs used for ‘adding a new
mcq_key,756,,756_MS-INTRODUCTION_TO_HOSPITALITY_MANAGEMENT-XII.md,22,A
answer_text,756,,756_MS-INTRODUCTION_TO_HOSPITALITY_MANAGEMENT-XII.md,23,Define Travel Desk in hotel. (3)
answer_text,756,,756_MS-INTRODUCTION_TO_HOSPITALITY_MANAGEMENT-XII.md,24,What are the duties of Bell Concierge? (3)
answer_text,756,,756_MS-INTRODUCTION_TO_HOSPITALITY_MANAGEMENT-XII.md,25,Write the difference between an excursionist and a tourist. (3)
answer_text,756,,756_MS-INTRODUCTION_TO_HOSPITALITY_MANAGEMENT-XII.md,26,What are the common sources of fire in hotel properties? (3)
answer_text,756,,756_MS-INTRODUCTION_TO_HOSPITALITY_MANAGEMENT-XII.md,31,Explain the process of Guest Cycle with diagram. (5)
answer_text,756,,756_MS-INTRODUCTION_TO_HOSPITALITY_MANAGEMENT-XII.md,32,Elaborate the steps of communication process. (5)
answer_text,756,,756_MS-INTRODUCTION_TO_HOSPITALITY_MANAGEMENT-XII.md,30,"In the lodging industry, travel agents are one of the oldest and most widely used"
answer_text,756,,756_MS-INTRODUCTION_TO_HOSPITALITY_MANAGEMENT-XII.md,33,"All equipments such as chimneys, exhausts, ventilators, grills, hoods etc. which"
answer_text,800,,800-MS-SECURITY-_XII.md,1,Organisation’s standard security procedure
answer_text,800,,800-MS-SECURITY-_XII.md,2,Inside a high security premises
answer_text,800,,800-MS-SECURITY-_XII.md,4,On receiving a positive information or input from source or security equipment
answer_text,800,,800-MS-SECURITY-_XII.md,3,Cover and dead ground along the perimeter
answer_text,800,,800-MS-SECURITY-_XII.md,5,"Security system along the perimeter – light, watch tower, CCTV camera, sensors, etc."
answer_text,800,,800-MS-SECURITY-_XII.md,6,Security personnel deployment on perimeter protection
answer_text,800,,800-MS-SECURITY-_XII.md,7,Communication system for security
answer_text,800,,800-MS-SECURITY-_XII.md,8,System of response to perimeter breech
answer_text,800,,800-MS-SECURITY-_XII.md,9,Perimeter patrolling
answer_text,735,,735-MS-FOOD_PRODUCTION_IV-_XII.md,1,Tilting pan –
answer_text,735,,735-MS-FOOD_PRODUCTION_IV-_XII.md,4,Food cost- Cost of raw material used to prepare a dish or food. 1 1
answer_text,735,,735-MS-FOOD_PRODUCTION_IV-_XII.md,5,Two popular dishes of Bengali Cuisine –
answer_text,735,,735-MS-FOOD_PRODUCTION_IV-_XII.md,7,Staple food of Punjabi cuisine-
answer_text,735,,735-MS-FOOD_PRODUCTION_IV-_XII.md,8,E-Indent - Indenting through a software which enables a single window 1 1
answer_text,735,,735-MS-FOOD_PRODUCTION_IV-_XII.md,9,Two festival dishes of South Indian cuisine -
answer_text,735,,735-MS-FOOD_PRODUCTION_IV-_XII.md,11,Two salient features of bulk food production
answer_text,735,,735-MS-FOOD_PRODUCTION_IV-_XII.md,12,Formal buying
answer_text,735,,735-MS-FOOD_PRODUCTION_IV-_XII.md,17,Four ways to control labour cost
answer_text,735,,735-MS-FOOD_PRODUCTION_IV-_XII.md,18,Four objectives of Institutional Catering
answer_text,735,,735-MS-FOOD_PRODUCTION_IV-_XII.md,25,Difference between Table d’hote and ala carte menu
answer_text,735,,735-MS-FOOD_PRODUCTION_IV-_XII.md,26,Six reasons of preparing standard recipes are-
answer_text,735,,735-MS-FOOD_PRODUCTION_IV-_XII.md,30,SPS(Standard purchase specification) is a concise description of the 1
answer_text,735,,735-MS-FOOD_PRODUCTION_IV-_XII.md,31,Five ways to control food cost
answer_text,735,,735-MS-FOOD_PRODUCTION_IV-_XII.md,32,The format of purchase order
answer_text,775,,775-Basic_Pattern_Development-MS.md,5,Individual styling is possible Individual styling is not possible.
answer_text,775,,775-Basic_Pattern_Development-MS.md,6,Intricate stitching details can Intricate stitching details are avoided as
answer_text,775,,775-Basic_Pattern_Development-MS.md,7,Grading to smaller and bigger Patterns made can be graded to smaller and
answer_text,775,,775-Basic_Pattern_Development-MS.md,8,Time consuming method if Time saving method.
answer_text,775,,775-Basic_Pattern_Development-MS.md,9,"Since no pattern is made, there The patterns are easy to store."
answer_text,775,,775-Basic_Pattern_Development-MS.md,10,Alterations are easy as the Less chances of alterations as leaving seam
answer_text,785,,785-BANKING-MS.md,2,Opportunity cost
answer_text,785,,785-BANKING-MS.md,3,Demand and supply
answer_text,785,,785-BANKING-MS.md,4,Length of time
answer_text,785,,785-BANKING-MS.md,5,Risk free interest rate
answer_text,796,,796-Web_App-MS.md,1,Don't validate your Web page with the embed tag. It won't validate because that tag is not part
answer_text,796,,796-Web_App-MS.md,2,Check out the embed tag for additional attributes. Many of them you can use as parameters on
mcq_key,763,,763-MS-OLERICULTURE_-_XII.md,1,B
mcq_key,763,,763-MS-OLERICULTURE_-_XII.md,2,D
mcq_key,763,,763-MS-OLERICULTURE_-_XII.md,3,D
mcq_key,763,,763-MS-OLERICULTURE_-_XII.md,4,C
mcq_key,763,,763-MS-OLERICULTURE_-_XII.md,5,D
mcq_key,763,,763-MS-OLERICULTURE_-_XII.md,6,C
mcq_key,763,,763-MS-OLERICULTURE_-_XII.md,7,D
mcq_key,763,,763-MS-OLERICULTURE_-_XII.md,8,C
mcq_key,763,,763-MS-OLERICULTURE_-_XII.md,9,C
mcq_key,763,,763-MS-OLERICULTURE_-_XII.md,10,A
mcq_key,763,,763-MS-OLERICULTURE_-_XII.md,11,D
mcq_key,763,,763-MS-OLERICULTURE_-_XII.md,12,A
answer_text,793,,793-MS-Capital_Market_Operation-XII.md,1,Market Capitalization Ratio
answer_text,745,,745-Beauty_and_Hair-MS-XII.md,1,Liquid Foundation
answer_text,745,,745-Beauty_and_Hair-MS-XII.md,2,Cream Foundation
answer_text,745,,745-Beauty_and_Hair-MS-XII.md,3,Stick Foundation
answer_text,745,,745-Beauty_and_Hair-MS-XII.md,4,Dual-finish compact Foundation ( liquid to powder or cream to powder)
answer_text,745,,745-Beauty_and_Hair-MS-XII.md,5,Tinted Moisturizer Foundation
answer_text,745,,745-Beauty_and_Hair-MS-XII.md,6,Mineral Powder Foundation
answer_text,765,,765-MS-FLORICULTURE_-XII.md,1,Aphids (Macrosiphum rosaeformis) Spray Metasystox @ 50
answer_text,765,,765-MS-FLORICULTURE_-XII.md,2,Red scales (Aonidiella aurantii) Spray of 0.1% Methyl
answer_text,765,,765-MS-FLORICULTURE_-XII.md,3,Thrips (Thrips maginis) Spray Metasystox (0.1%)
answer_text,765,,765-MS-FLORICULTURE_-XII.md,4,Jassids (Leaf hoppers) Spray Methyl parathion
answer_text,765,,765-MS-FLORICULTURE_-XII.md,5,Red Spider Mites (Tetranychussp.) Spray Vertimec @ 25 ml/100
answer_text,765,,765-MS-FLORICULTURE_-XII.md,6,Crown rot (Phytophthora cryptogea) Soil drenching with benomyl
answer_text,734,,734-MS-_FOOD_PRODUCTION_III_-_XII.md,2,Two important ingredients of crab meat salad are
answer_text,734,,734-MS-_FOOD_PRODUCTION_III_-_XII.md,5,Two types of Game are ½
answer_text,734,,734-MS-_FOOD_PRODUCTION_III_-_XII.md,6,Use of cutlet bat
answer_text,734,,734-MS-_FOOD_PRODUCTION_III_-_XII.md,7,Pig’s liver different from duck’s liver
answer_text,734,,734-MS-_FOOD_PRODUCTION_III_-_XII.md,8,Spread is used for making Sandwiches -
answer_text,734,,734-MS-_FOOD_PRODUCTION_III_-_XII.md,9,Two vegetables used for making a Ratatouille
answer_text,734,,734-MS-_FOOD_PRODUCTION_III_-_XII.md,19,Four points to be consider while selecting fish
answer_text,734,,734-MS-_FOOD_PRODUCTION_III_-_XII.md,20,Layout of a kitchen for a small sized hotel
answer_text,734,,734-MS-_FOOD_PRODUCTION_III_-_XII.md,21,The steps of removing the skin from the fish fillets-
answer_text,734,,734-MS-_FOOD_PRODUCTION_III_-_XII.md,22,Three features of no bake cookies
answer_text,734,,734-MS-_FOOD_PRODUCTION_III_-_XII.md,26,Layout plan for a wash up area of a large hotel
answer_text,734,,734-MS-_FOOD_PRODUCTION_III_-_XII.md,27,Two functions of larder
answer_text,734,,734-MS-_FOOD_PRODUCTION_III_-_XII.md,29,Two features of appetizer salad
answer_text,734,,734-MS-_FOOD_PRODUCTION_III_-_XII.md,33,A lamb diagram with it’s parts
answer_text,744,,744-RETAILSERVICES-MS.md,19,Write the uses of RIS. (2)
answer_text,753,,753-MS-FRONT_OFFICE_OPERATIONS_-XII.md,1,Free Independent Traveller 1
answer_text,753,,753-MS-FRONT_OFFICE_OPERATIONS_-XII.md,2,The “C” form is prepared for all foreigner guests and sent to Police 1
answer_text,753,,753-MS-FRONT_OFFICE_OPERATIONS_-XII.md,3,Property Management System 1
answer_text,753,,753-MS-FRONT_OFFICE_OPERATIONS_-XII.md,4,"Name of the guest, Number of guests, Type of room, Number of room 1"
answer_text,753,,753-MS-FRONT_OFFICE_OPERATIONS_-XII.md,5,"Porters, Bell hops. 1"
answer_text,753,,753-MS-FRONT_OFFICE_OPERATIONS_-XII.md,6,Lobby Manager/ Senior Bell Captain 1
answer_text,753,,753-MS-FRONT_OFFICE_OPERATIONS_-XII.md,7,Three copies 1
answer_text,753,,753-MS-FRONT_OFFICE_OPERATIONS_-XII.md,9,Log Book 1
answer_text,753,,753-MS-FRONT_OFFICE_OPERATIONS_-XII.md,10,In the Lobby/ Beside the bell desk 1
answer_text,753,,753-MS-FRONT_OFFICE_OPERATIONS_-XII.md,11,A room near the swimming pool of the hotel for wash and change 1
answer_text,753,,753-MS-FRONT_OFFICE_OPERATIONS_-XII.md,16,Advantages ( any two)
answer_text,753,,753-MS-FRONT_OFFICE_OPERATIONS_-XII.md,17,Electronic key card locks provides an effective method for “locking out”
answer_text,753,,753-MS-FRONT_OFFICE_OPERATIONS_-XII.md,18,(Any four points)
answer_text,753,,753-MS-FRONT_OFFICE_OPERATIONS_-XII.md,19,Guests holding confirm reservation do not check in on the expected date
answer_text,753,,753-MS-FRONT_OFFICE_OPERATIONS_-XII.md,23,"Guest paging is a process of locating a guest in the hotel, when he/she is"
answer_text,753,,753-MS-FRONT_OFFICE_OPERATIONS_-XII.md,25,(Any six points)
answer_text,753,,753-MS-FRONT_OFFICE_OPERATIONS_-XII.md,8,He may also handle room keys and does paging of guests.
answer_text,753,,753-MS-FRONT_OFFICE_OPERATIONS_-XII.md,27,The post registration activities are as follows:
answer_text,753,,753-MS-FRONT_OFFICE_OPERATIONS_-XII.md,29,(Any ten points)
answer_text,753,,753-MS-FRONT_OFFICE_OPERATIONS_-XII.md,31,Allow the guest to speak: It is important that staff give a patient ear to
answer_text,753,,753-MS-FRONT_OFFICE_OPERATIONS_-XII.md,33,(Any ten points)
mcq_key,790,,790-MS-TROUBLESHOOTING_&_MAINTENANCE_OF_ELECTRONIC_EQUIPMENT_-_XII.md,2,A
mcq_key,790,,790-MS-TROUBLESHOOTING_&_MAINTENANCE_OF_ELECTRONIC_EQUIPMENT_-_XII.md,3,A
mcq_key,790,,790-MS-TROUBLESHOOTING_&_MAINTENANCE_OF_ELECTRONIC_EQUIPMENT_-_XII.md,4,D
mcq_key,790,,790-MS-TROUBLESHOOTING_&_MAINTENANCE_OF_ELECTRONIC_EQUIPMENT_-_XII.md,5,A
mcq_key,790,,790-MS-TROUBLESHOOTING_&_MAINTENANCE_OF_ELECTRONIC_EQUIPMENT_-_XII.md,6,C
mcq_key,790,,790-MS-TROUBLESHOOTING_&_MAINTENANCE_OF_ELECTRONIC_EQUIPMENT_-_XII.md,7,B
mcq_key,790,,790-MS-TROUBLESHOOTING_&_MAINTENANCE_OF_ELECTRONIC_EQUIPMENT_-_XII.md,8,A
mcq_key,790,,790-MS-TROUBLESHOOTING_&_MAINTENANCE_OF_ELECTRONIC_EQUIPMENT_-_XII.md,9,C
mcq_key,790,,790-MS-TROUBLESHOOTING_&_MAINTENANCE_OF_ELECTRONIC_EQUIPMENT_-_XII.md,10,D
mcq_key,790,,790-MS-TROUBLESHOOTING_&_MAINTENANCE_OF_ELECTRONIC_EQUIPMENT_-_XII.md,11,B
mcq_key,790,,790-MS-TROUBLESHOOTING_&_MAINTENANCE_OF_ELECTRONIC_EQUIPMENT_-_XII.md,12,C
answer_text,790,,790-MS-TROUBLESHOOTING_&_MAINTENANCE_OF_ELECTRONIC_EQUIPMENT_-_XII.md,13,Advantages: 2 2
answer_text,790,,790-MS-TROUBLESHOOTING_&_MAINTENANCE_OF_ELECTRONIC_EQUIPMENT_-_XII.md,18,"In TV blanking means ‘going black’ as part of the video signal, the 2 2"
answer_text,790,,790-MS-TROUBLESHOOTING_&_MAINTENANCE_OF_ELECTRONIC_EQUIPMENT_-_XII.md,19,I. Print Speed. A print speed of at least 10 color pages per 2 2
answer_text,790,,790-MS-TROUBLESHOOTING_&_MAINTENANCE_OF_ELECTRONIC_EQUIPMENT_-_XII.md,20,When wire is moved within a magnetic field a current is generated 3 3
answer_text,790,,790-MS-TROUBLESHOOTING_&_MAINTENANCE_OF_ELECTRONIC_EQUIPMENT_-_XII.md,22,Optical Recording 3 3
answer_text,790,,790-MS-TROUBLESHOOTING_&_MAINTENANCE_OF_ELECTRONIC_EQUIPMENT_-_XII.md,29,Microwave Oven 5 5
answer_text,790,,790-MS-TROUBLESHOOTING_&_MAINTENANCE_OF_ELECTRONIC_EQUIPMENT_-_XII.md,30,Construction and principle of operation of Moving Coil 5 5
answer_text,739,,739-MS-THE_CREATIVE_AND_COMMERCIAL_PROCESS_IN_MASS_MEDIA_-_XII.md,1,JPEG- Joint Photographic Experts Group 1 1
answer_text,739,,739-MS-THE_CREATIVE_AND_COMMERCIAL_PROCESS_IN_MASS_MEDIA_-_XII.md,3,Celebrity endorsement is a form of advertising campaign used by 1 1
answer_text,739,,739-MS-THE_CREATIVE_AND_COMMERCIAL_PROCESS_IN_MASS_MEDIA_-_XII.md,4,The text in any form can be developed in to multimedia software. 1 1
answer_text,739,,739-MS-THE_CREATIVE_AND_COMMERCIAL_PROCESS_IN_MASS_MEDIA_-_XII.md,5,There are several places where the word “framing” appears in 1 1
answer_text,739,,739-MS-THE_CREATIVE_AND_COMMERCIAL_PROCESS_IN_MASS_MEDIA_-_XII.md,6,"Video clips are short clips of video, usually part of a longer 1 1"
answer_text,739,,739-MS-THE_CREATIVE_AND_COMMERCIAL_PROCESS_IN_MASS_MEDIA_-_XII.md,15,The possibility of incorporating sounds adds a lively dimension to 2 2
answer_text,739,,739-MS-THE_CREATIVE_AND_COMMERCIAL_PROCESS_IN_MASS_MEDIA_-_XII.md,16,Musical Instrument Digitization Interface or MIDI provides a 2 2
answer_text,739,,739-MS-THE_CREATIVE_AND_COMMERCIAL_PROCESS_IN_MASS_MEDIA_-_XII.md,17,A computer can be used to compose music and for recognition of 2 2
answer_text,739,,739-MS-THE_CREATIVE_AND_COMMERCIAL_PROCESS_IN_MASS_MEDIA_-_XII.md,18,Digital Typography is the process of setting and arranging text for a 1+1/2+ 2
answer_text,739,,739-MS-THE_CREATIVE_AND_COMMERCIAL_PROCESS_IN_MASS_MEDIA_-_XII.md,24,Institutional Advertising promotes a positive image of the company 3 3
answer_text,739,,739-MS-THE_CREATIVE_AND_COMMERCIAL_PROCESS_IN_MASS_MEDIA_-_XII.md,25,The unique selling point of a physical product can be determined by 3 3
answer_text,739,,739-MS-THE_CREATIVE_AND_COMMERCIAL_PROCESS_IN_MASS_MEDIA_-_XII.md,29,Radio Ads have the following main advantages - They deliver the 5 5
answer_text,739,,739-MS-THE_CREATIVE_AND_COMMERCIAL_PROCESS_IN_MASS_MEDIA_-_XII.md,30,"Advocacy is an activity by an individual or by a group, that seeks to 5 5"
answer_text,739,,739-MS-THE_CREATIVE_AND_COMMERCIAL_PROCESS_IN_MASS_MEDIA_-_XII.md,31,A Still Image is one of the components to be used in Multimedia. It 5 5
answer_text,739,,739-MS-THE_CREATIVE_AND_COMMERCIAL_PROCESS_IN_MASS_MEDIA_-_XII.md,33,Multimedia are the means to process and structure information 3+2 5
answer_text,787,,787-MS-Electrical_Machines_-_XII.md,2,Differential compound motor (d) 1 1
answer_text,787,,787-MS-Electrical_Machines_-_XII.md,3,Eddy current losses(b) 1 1
answer_text,787,,787-MS-Electrical_Machines_-_XII.md,4,Voltage(b) 1 1
answer_text,787,,787-MS-Electrical_Machines_-_XII.md,6,Retain Heat((b) 1 1
answer_text,787,,787-MS-Electrical_Machines_-_XII.md,7,Prevents oxide forming(d) 1 1
answer_text,787,,787-MS-Electrical_Machines_-_XII.md,8,Low(b) 1 1
answer_text,787,,787-MS-Electrical_Machines_-_XII.md,9,Which can run on ac as well as on dc(c) 1 1
answer_text,787,,787-MS-Electrical_Machines_-_XII.md,10,Single phase induction motor(d) 1 1
answer_text,787,,787-MS-Electrical_Machines_-_XII.md,11,Interchanging brush leads(c) 1 1
answer_text,787,,787-MS-Electrical_Machines_-_XII.md,12,Less than stator speed(a) 1 1
answer_text,787,,787-MS-Electrical_Machines_-_XII.md,13,Speed control of DC motor implies: 2 2
answer_text,787,,787-MS-Electrical_Machines_-_XII.md,15,The Starting capacitor value must be large. 2 2
answer_text,787,,787-MS-Electrical_Machines_-_XII.md,24,Difference between DC series and DC shunt motor 3 3
answer_text,787,,787-MS-Electrical_Machines_-_XII.md,1,Connection of field winding with Field is in series Field is in shunt
answer_text,787,,787-MS-Electrical_Machines_-_XII.md,26,A shaded-pole motor is a small squirrel-cage motor in which the auxiliary winding is 3 3
answer_text,787,,787-MS-Electrical_Machines_-_XII.md,27,Different Methods of Soldering 5 5
answer_text,757,,757-MS-TRAVEL_AGENCY_AND_TOUR_OPERATIONS_BUSINESS-XII.md,3,A concept in which customer choose their holiday from brochures on racks
answer_text,757,,757-MS-TRAVEL_AGENCY_AND_TOUR_OPERATIONS_BUSINESS-XII.md,6,POSD stands for: - (1)
answer_text,757,,757-MS-TRAVEL_AGENCY_AND_TOUR_OPERATIONS_BUSINESS-XII.md,7,Itinerary is also known as (1)
answer_text,757,,757-MS-TRAVEL_AGENCY_AND_TOUR_OPERATIONS_BUSINESS-XII.md,17,Discuss the concept of Freedom tours (2).
answer_text,757,,757-MS-TRAVEL_AGENCY_AND_TOUR_OPERATIONS_BUSINESS-XII.md,18,What do you mean by costing? Write its types. (2)
answer_text,757,,757-MS-TRAVEL_AGENCY_AND_TOUR_OPERATIONS_BUSINESS-XII.md,19,What are the benefits of professional bodies for tourism industry? (2)
answer_text,757,,757-MS-TRAVEL_AGENCY_AND_TOUR_OPERATIONS_BUSINESS-XII.md,20,Discuss the functions of travel agency. (3)
answer_text,757,,757-MS-TRAVEL_AGENCY_AND_TOUR_OPERATIONS_BUSINESS-XII.md,21,Write the importance of travel documentation (3).
answer_text,757,,757-MS-TRAVEL_AGENCY_AND_TOUR_OPERATIONS_BUSINESS-XII.md,27,What are the basis for the classification of tour operators? (5)
answer_text,757,,757-MS-TRAVEL_AGENCY_AND_TOUR_OPERATIONS_BUSINESS-XII.md,28,Explain the mechanism of operating travel agency (5).
answer_text,757,,757-MS-TRAVEL_AGENCY_AND_TOUR_OPERATIONS_BUSINESS-XII.md,29,Briefly explain the role of National highways Authority of India in Indian
answer_text,757,,757-MS-TRAVEL_AGENCY_AND_TOUR_OPERATIONS_BUSINESS-XII.md,33,Explain the role of Amadeus in integrating travel services across the world.(5)
answer_text,766,,766-MS-BUSINESS_OPERATION_AND_AMDINSITRATION-XII.md,11,Two method of payment under online transactions are:
answer_text,766,,766-MS-BUSINESS_OPERATION_AND_AMDINSITRATION-XII.md,12,Two example of products for which E-business is not suitable:- (1)
answer_text,766,,766-MS-BUSINESS_OPERATION_AND_AMDINSITRATION-XII.md,13,"According to this principle, organisations should have a chain of authority and"
answer_text,766,,766-MS-BUSINESS_OPERATION_AND_AMDINSITRATION-XII.md,14,Difference between functional Structure and Divisional Structure
answer_text,766,,766-MS-BUSINESS_OPERATION_AND_AMDINSITRATION-XII.md,18,Distinguish between Manager and Leader:
answer_text,766,,766-MS-BUSINESS_OPERATION_AND_AMDINSITRATION-XII.md,1,Focus Manager focuses on Leader focuses to satisfy
answer_text,766,,766-MS-BUSINESS_OPERATION_AND_AMDINSITRATION-XII.md,2,Scope A manager is always a A leader is not always a
answer_text,766,,766-MS-BUSINESS_OPERATION_AND_AMDINSITRATION-XII.md,3,Formal or A manager exists only A leader may exist in
answer_text,766,,766-MS-BUSINESS_OPERATION_AND_AMDINSITRATION-XII.md,4,Authority Managers have formal Leaders have only
answer_text,766,,766-MS-BUSINESS_OPERATION_AND_AMDINSITRATION-XII.md,22,Benefits of training towards the organisation :
answer_text,766,,766-MS-BUSINESS_OPERATION_AND_AMDINSITRATION-XII.md,23,Difference between Formal and Informal Communication
answer_text,766,,766-MS-BUSINESS_OPERATION_AND_AMDINSITRATION-XII.md,26,The model of E-commerce
answer_text,766,,766-MS-BUSINESS_OPERATION_AND_AMDINSITRATION-XII.md,31,Meaning of Motivation: Motivation is a process of stimulating and inspiring
answer_text,766,,766-MS-BUSINESS_OPERATION_AND_AMDINSITRATION-XII.md,33,Arguments against social responsibility are-
mcq_key,743,,743-RETAIL_OPERATIONS-MS.md,18,A
mcq_key,743,,743-RETAIL_OPERATIONS-MS.md,21,A
answer_text,743,,743-RETAIL_OPERATIONS-MS.md,16,Wholesale billing is easy in comparison of retail billing and allows a big level
answer_text,743,,743-RETAIL_OPERATIONS-MS.md,17,Important features are:
answer_text,743,,743-RETAIL_OPERATIONS-MS.md,19,The time lags present in the supply chain from supplier to user at every
answer_text,743,,743-RETAIL_OPERATIONS-MS.md,20,The three basic reasons are :
answer_text,743,,743-RETAIL_OPERATIONS-MS.md,27,Duties
answer_text,743,,743-RETAIL_OPERATIONS-MS.md,28,The types of security guards are:
answer_text,743,,743-RETAIL_OPERATIONS-MS.md,29,The seven principles of SCM are;
answer_text,743,,743-RETAIL_OPERATIONS-MS.md,33,It is a unique identifier for each distinct productand service that can
answer_text,738,,738-MS-_UNDERSTANDING_THE_EVOLUTION_AND_FORMS_OF_MASS_MEDIA_-_XII.md,4,Radio (AIR). 1 1
mcq_key,789,,789-MS-OPERATION_AND_MAINTENANCE_OF_COMMUNICATION_DEVICES_-_XII.md,28,A
answer_text,789,,789-MS-OPERATION_AND_MAINTENANCE_OF_COMMUNICATION_DEVICES_-_XII.md,1,Medium Frequency(b) 1 1
answer_text,789,,789-MS-OPERATION_AND_MAINTENANCE_OF_COMMUNICATION_DEVICES_-_XII.md,2,In the channel(c) 1 1
answer_text,789,,789-MS-OPERATION_AND_MAINTENANCE_OF_COMMUNICATION_DEVICES_-_XII.md,3,All of the above (d) 1 1
answer_text,789,,789-MS-OPERATION_AND_MAINTENANCE_OF_COMMUNICATION_DEVICES_-_XII.md,4,C/N (a) 1 1
answer_text,789,,789-MS-OPERATION_AND_MAINTENANCE_OF_COMMUNICATION_DEVICES_-_XII.md,5,Narrow Band Interference (a) 1 1
answer_text,789,,789-MS-OPERATION_AND_MAINTENANCE_OF_COMMUNICATION_DEVICES_-_XII.md,6,Double sided PCB (b) 1 1
answer_text,789,,789-MS-OPERATION_AND_MAINTENANCE_OF_COMMUNICATION_DEVICES_-_XII.md,7,Fake android apps(b) 1 1
answer_text,789,,789-MS-OPERATION_AND_MAINTENANCE_OF_COMMUNICATION_DEVICES_-_XII.md,9,Carrier Signal in analog and message signal is digital(b) 1 1
answer_text,789,,789-MS-OPERATION_AND_MAINTENANCE_OF_COMMUNICATION_DEVICES_-_XII.md,10,Wireless fidelity(a) 1 1
answer_text,789,,789-MS-OPERATION_AND_MAINTENANCE_OF_COMMUNICATION_DEVICES_-_XII.md,11,All of the above(d) 1 1
answer_text,789,,789-MS-OPERATION_AND_MAINTENANCE_OF_COMMUNICATION_DEVICES_-_XII.md,12,Soft Handoff (a)
answer_text,789,,789-MS-OPERATION_AND_MAINTENANCE_OF_COMMUNICATION_DEVICES_-_XII.md,14,IMEI is short for International Mobile Equipment Identity and is a unique 2 2
answer_text,789,,789-MS-OPERATION_AND_MAINTENANCE_OF_COMMUNICATION_DEVICES_-_XII.md,17,"Tools to repair any smart phone or mobile phone include - soldering iron, 2 2"
answer_text,789,,789-MS-OPERATION_AND_MAINTENANCE_OF_COMMUNICATION_DEVICES_-_XII.md,19,"The two functions of an antenna are: (1) For transmission of a signal, 2 2"
answer_text,789,,789-MS-OPERATION_AND_MAINTENANCE_OF_COMMUNICATION_DEVICES_-_XII.md,21,Performance criteria of Cellular system 3 3
answer_text,789,,789-MS-OPERATION_AND_MAINTENANCE_OF_COMMUNICATION_DEVICES_-_XII.md,25,"Internal noise in communication, i.e. noise which get, generated within the 3 3"
answer_text,794,,794-MS-derivate_market_operation-XII.md,2,The underlying price volatility scan range or probable volatility change of the
answer_text,794,,794-MS-derivate_market_operation-XII.md,5,CMs are provided a trading terminal for the purpose of monitoring the open
answer_text,794,,794-MS-derivate_market_operation-XII.md,1,"To trade securities, one must open a security trading account with a securities"
answer_text,779,,779-Textile_Chemical_Processing-MS-XII.md,1,Simple to apply.
answer_text,779,,779-Textile_Chemical_Processing-MS-XII.md,2,Less amount of processing.
answer_text,779,,779-Textile_Chemical_Processing-MS-XII.md,3,No after treatment is required.
answer_text,779,,779-Textile_Chemical_Processing-MS-XII.md,4,Can be applied to all fibers.
answer_text,736,,736-_MS-_FOOD_SERVICE_-II_-_XII.md,1,Coffee served with milk 1
answer_text,736,,736-_MS-_FOOD_SERVICE_-II_-_XII.md,2,"Preserve is a combination of Jam, marmalade and honey 1"
answer_text,736,,736-_MS-_FOOD_SERVICE_-II_-_XII.md,3,Aboyeur is the person who announces the order in the kitchen( Announcer/ 1
answer_text,736,,736-_MS-_FOOD_SERVICE_-II_-_XII.md,5,Room service door knob card 1
answer_text,736,,736-_MS-_FOOD_SERVICE_-II_-_XII.md,6,Function form/ Function sheet/Banquet Event Order ( Any two) 1
answer_text,736,,736-_MS-_FOOD_SERVICE_-II_-_XII.md,8,Putting everything in its place/ Pre- preparation. 1
answer_text,736,,736-_MS-_FOOD_SERVICE_-II_-_XII.md,9,Salt and pepper/ Worcestershire sauce 1
answer_text,736,,736-_MS-_FOOD_SERVICE_-II_-_XII.md,10,Hotplate area 1
answer_text,736,,736-_MS-_FOOD_SERVICE_-II_-_XII.md,11,Three tank method 1
answer_text,736,,736-_MS-_FOOD_SERVICE_-II_-_XII.md,17,A fork buffet is a meal which can be eaten standing with a plate in one hand
answer_text,736,,736-_MS-_FOOD_SERVICE_-II_-_XII.md,22,Centralized room service Decentralized room service
answer_text,736,,736-_MS-_FOOD_SERVICE_-II_-_XII.md,23,Room service Restaurant service
answer_text,736,,736-_MS-_FOOD_SERVICE_-II_-_XII.md,28,Banquet briefing is an essential feature where all staff members are informed
answer_text,736,,736-_MS-_FOOD_SERVICE_-II_-_XII.md,30,Five Areas of a Pantry.
answer_text,736,,736-_MS-_FOOD_SERVICE_-II_-_XII.md,32,Disaster management is planned steps taken to minimize the effects of a
answer_text,736,,736-_MS-_FOOD_SERVICE_-II_-_XII.md,33,Conditions needed for fire:
answer_text,783,,783-MARKETING-MS.md,2,Cost of the product
answer_text,783,,783-MARKETING-MS.md,3,Size of the Organisation
answer_text,783,,783-MARKETING-MS.md,4,Any other relevant point
answer_text,783,,783-MARKETING-MS.md,5,Type of buyer
answer_text,783,,783-MARKETING-MS.md,6,Any other relevant point
answer_text,403,,403-MS-SECURITY-X.md,1,The sleep feature of the computer conserves energy.
answer_text,403,,403-MS-SECURITY-X.md,2,It powers down the hard disc and monitor.
answer_text,403,,403-MS-SECURITY-X.md,3,In case there is a power failure during sleep all unsaved work will be lost.
answer_text,403,,403-MS-SECURITY-X.md,4,It is wise to save all work before sleep mode is used.
answer_text,403,,403-MS-SECURITY-X.md,5,It should not resemble any of the uniforms worn by the armed forces or police
answer_text,407,,407-MS-BEAUTY_AND_WELLNESS.md,15,List contraindications of pedicure. (2)
answer_text,407,,407-MS-BEAUTY_AND_WELLNESS.md,16,List the types of skin. Write the characteristics for oily (2)
answer_text,408,,408-MS-BASIC_AGRICULTURE_-X.md,4,"Toria TH68, Sangam and TL15, Bhawani"
answer_text,410,,410-MS-FRONT_OFFICE_OPERATIONS-X.md,1,One-way communication 1
answer_text,410,,410-MS-FRONT_OFFICE_OPERATIONS-X.md,2,Encoding 1
answer_text,410,,410-MS-FRONT_OFFICE_OPERATIONS-X.md,3,Jakarta 1
answer_text,410,,410-MS-FRONT_OFFICE_OPERATIONS-X.md,4,Taka 1
answer_text,410,,410-MS-FRONT_OFFICE_OPERATIONS-X.md,5,SV 1
answer_text,410,,410-MS-FRONT_OFFICE_OPERATIONS-X.md,6,Greek 1
answer_text,410,,410-MS-FRONT_OFFICE_OPERATIONS-X.md,7,Communication 1
answer_text,410,,410-MS-FRONT_OFFICE_OPERATIONS-X.md,8,Bell desk 1
answer_text,410,,410-MS-FRONT_OFFICE_OPERATIONS-X.md,9,Reception 1
answer_text,410,,410-MS-FRONT_OFFICE_OPERATIONS-X.md,10,Front office supervisor 1
answer_text,410,,410-MS-FRONT_OFFICE_OPERATIONS-X.md,16,Newspapers do provide job related information. The unemployed can look up
answer_text,410,,410-MS-FRONT_OFFICE_OPERATIONS-X.md,19,The concierge of a hotel is front office professional who coordinates guests’
answer_text,410,,410-MS-FRONT_OFFICE_OPERATIONS-X.md,23,Hygiene standards or Male and Female staff
answer_text,402,,402-Information_Tech-MS-X.md,1,What is kept on ________ table
answer_text,409,,409-MS-FOOD_PRODUCTION-X.md,13,Four objectives of cooking food are-
answer_text,409,,409-MS-FOOD_PRODUCTION-X.md,14,Effect of heat on fat – 2
answer_text,409,,409-MS-FOOD_PRODUCTION-X.md,15,Clear soups are prepared in following way-
answer_text,409,,409-MS-FOOD_PRODUCTION-X.md,16,The main purpose of filling in sandwich preparation
answer_text,409,,409-MS-FOOD_PRODUCTION-X.md,23,Mulligatawny Soup
answer_text,409,,409-MS-FOOD_PRODUCTION-X.md,26,Cold open sandwich alongwith an example
answer_text,409,,409-MS-FOOD_PRODUCTION-X.md,27,Five uses of fruits
answer_text,409,,409-MS-FOOD_PRODUCTION-X.md,31,Principles of heat transfer are-
answer_text,809,,809_FOOD_PRODUCTION_MS.md,1,Answer any 4 out of the given 6 questions on Employability Skills (1 x 4 = 4
answer_text,809,,809_FOOD_PRODUCTION_MS.md,2,Answer any 5 out of the given 7 questions (1 x 5 = 5 marks)
answer_text,809,,809_FOOD_PRODUCTION_MS.md,3,Answer any 6 out of the given 7 questions (1 x 6 = 6 marks)
answer_text,809,,809_FOOD_PRODUCTION_MS.md,4,Answer any 5 out of the given 6 questions (1 x 5 = 5 marks)
answer_text,809,,809_FOOD_PRODUCTION_MS.md,10,Four barriers in becoming entrepreneur are- 1/2x4=2
answer_text,809,,809_FOOD_PRODUCTION_MS.md,11,Four ways to make your home toxin free are- 1/2x4=2
answer_text,809,,809_FOOD_PRODUCTION_MS.md,12,Two dishes prepared using white gravy are- 1+1=2
answer_text,809,,809_FOOD_PRODUCTION_MS.md,13,Four ways to prevent contamination by pets are- 1/2x4=2
answer_text,809,,809_FOOD_PRODUCTION_MS.md,19,Two objectives of cost accounting- 1+1+1=3
answer_text,809,,809_FOOD_PRODUCTION_MS.md,20,Four reasons for following standard operating procedures are- 2+2=4
answer_text,809,,809_FOOD_PRODUCTION_MS.md,21,Four ways to create variety are- 2+2=1
answer_text,809,,809_FOOD_PRODUCTION_MS.md,24,FOOD COST 2+2=4
answer_text,818,,818_GEOSPATIAL_TECHNOLOGY_MS.md,7,"Declarative, Interrogative, Imperative, Exclamatory 2"
answer_text,818,,818_GEOSPATIAL_TECHNOLOGY_MS.md,9,"Title bar, Menu bar, Standard bar, Formatting bar, Formula bar etc. 2"
answer_text,818,,818_GEOSPATIAL_TECHNOLOGY_MS.md,10,"Taking initiative, Seeking, and acting an opportunity, persistence, information 2"
answer_text,818,,818_GEOSPATIAL_TECHNOLOGY_MS.md,11,"Urban growers, Clean car engineers, Solar cell technician, Wind energy workers 2"
answer_text,818,,818_GEOSPATIAL_TECHNOLOGY_MS.md,12,"Long wave radiation can penetrate clouds, fog and other weather disturbances. 2"
answer_text,818,,818_GEOSPATIAL_TECHNOLOGY_MS.md,13,"Depth, Suspended particles, floating vegetation, Sun angle. 2"
answer_text,818,,818_GEOSPATIAL_TECHNOLOGY_MS.md,14,Join the maps together to get a final seamless map. Explain. 2
answer_text,818,,818_GEOSPATIAL_TECHNOLOGY_MS.md,15,"Satellite geometry, Multipath, Clock offset, Orbital error. (Explain any two) 2"
answer_text,818,,818_GEOSPATIAL_TECHNOLOGY_MS.md,16,"The universal address system was developed by NAC Geographic product Inc, 2"
answer_text,818,,818_GEOSPATIAL_TECHNOLOGY_MS.md,17,"The distortions in an image due to rotation, curvature, scanner etc. Rectification is 3"
answer_text,818,,818_GEOSPATIAL_TECHNOLOGY_MS.md,18,"Easy to interpret relationship of hidden features. Easy to store, update, interpret 3"
answer_text,818,,818_GEOSPATIAL_TECHNOLOGY_MS.md,20,"Explain all the keys- Tone, shape, size, pattern, texture, shadow and association in 4"
answer_text,818,,818_GEOSPATIAL_TECHNOLOGY_MS.md,21,Longwave EMR from 0.1 to 30 cm called microwave region. Explain radar or lidar 4
answer_text,818,,818_GEOSPATIAL_TECHNOLOGY_MS.md,22,"Most widely used method to reveal spatial relationships which uses point(nodes), 4"
answer_text,818,,818_GEOSPATIAL_TECHNOLOGY_MS.md,23,This is the system which helps us in locating our self on earth. It calculates the 4
answer_text,818,,818_GEOSPATIAL_TECHNOLOGY_MS.md,24,Explain how Geospatial technology is being widely used worldwide to do risk 4
answer_text,832,,832_MUSIC_PRODUCTION_MS.md,1,Kick In SM91 yes small Gate/comp
answer_text,832,,832_MUSIC_PRODUCTION_MS.md,2,"Kick out P52 No small """
answer_text,401,,401_RETAIL_MS.md,2,He decorates the window display in such a way that the customer gets
answer_text,401,,401_RETAIL_MS.md,3,A visual merchandiser also spends a lot of time training the store staff how
answer_text,401,,401_RETAIL_MS.md,4,He also takes a call on slow-moving merchandise and makes sure it gets
answer_text,407,,407_Beauty_wellness_MS.md,2,Fear
answer_text,407,,407_Beauty_wellness_MS.md,1,"Position the client according to the area being waxed, taking into account the"
mcq_key,409,,409_FOOD_PRODUCTION_MS.md,17,A
mcq_key,409,,409_FOOD_PRODUCTION_MS.md,19,A
mcq_key,409,,409_FOOD_PRODUCTION_MS.md,21,A
answer_text,409,,409_FOOD_PRODUCTION_MS.md,1,i) b) Day dreaming 1
answer_text,409,,409_FOOD_PRODUCTION_MS.md,2,i) a) Soggy 1
answer_text,409,,409_FOOD_PRODUCTION_MS.md,3,i) d) Baking Soda 1
answer_text,409,,409_FOOD_PRODUCTION_MS.md,4,i) a) Caramelisation 1
answer_text,409,,409_FOOD_PRODUCTION_MS.md,11,"Soups are considered healthy food, two reasons are- (1+1=2)"
answer_text,409,,409_FOOD_PRODUCTION_MS.md,12,Two points difference between vegetable and protein salad- (1+1=2)
answer_text,409,,409_FOOD_PRODUCTION_MS.md,13,BOILING SIMMERING (1+1=2)
answer_text,409,,409_FOOD_PRODUCTION_MS.md,14,Two points to be kept in mind while selecting are- (½ x 4 = 2)
answer_text,409,,409_FOOD_PRODUCTION_MS.md,15,Four objectives of cooking are- (½ x 4 = 2)
answer_text,409,,409_FOOD_PRODUCTION_MS.md,16,Four importance of filling in preparation of sandwiches are to provide- (½ x 4 = 2)
answer_text,409,,409_FOOD_PRODUCTION_MS.md,18,One each role and example of various parts of a salad are- (1X4=4)
answer_text,409,,409_FOOD_PRODUCTION_MS.md,20,Four principles of heat transfer are- (1X4=4)
answer_text,403,,403_SECURITY_MS.md,1,Contact telephone operator or fire station and inform about the incident
answer_text,403,,403_SECURITY_MS.md,2,"Break the glass of the manual call box and activate fire alarm or shout Fire, Fire, Fire"
answer_text,403,,403_SECURITY_MS.md,3,Fight the fire along with co-workers by using available firefighting equipment
answer_text,403,,403_SECURITY_MS.md,4,Try to remove all combustible material from the room
answer_text,403,,403_SECURITY_MS.md,5,Monitor road works
answer_text,403,,403_SECURITY_MS.md,6,Educate road users
answer_text,414,,414_Apparel_SQP_MS.md,4,Entrepreneurs are not job seekers but they create opportunities of employment for people. (1)
answer_text,414,,414_Apparel_SQP_MS.md,5,Sustainable development includes: (1)
answer_text,414,,414_Apparel_SQP_MS.md,7,You are a manager in a company and working with a team of people. Which practices you (2)
answer_text,414,,414_Apparel_SQP_MS.md,8,What are the benefits of working independently advocate? (2)
answer_text,414,,414_Apparel_SQP_MS.md,10,Your friend wants to study Entrepreneurship subject but he is confused about the job (2)
answer_text,414,,414_Apparel_SQP_MS.md,18,Define color scheme & color wheel? (1)
answer_text,414,,414_Apparel_SQP_MS.md,19,Define Primary & Secondary colors. (1)
answer_text,414,,414_Apparel_SQP_MS.md,20,What are types of contrasting color schemes? (1)
answer_text,414,,414_Apparel_SQP_MS.md,21,Explain stem stitch. (1)
answer_text,414,,414_Apparel_SQP_MS.md,22,What is satin stitch? (1)
answer_text,414,,414_Apparel_SQP_MS.md,23,Enlist various tools & equipment used for embroidery work. (1)
answer_text,414,,414_Apparel_SQP_MS.md,24,What is applique work? Write its uses. (2)
answer_text,414,,414_Apparel_SQP_MS.md,30,"Write short notes on design & color of kantha saree, placement of design on (3)"
answer_text,414,,414_Apparel_SQP_MS.md,31,Enlist few important tips for good advanced hand embroidery stitch. (3)
answer_text,414,,414_Apparel_SQP_MS.md,32,What are the different types of thread used for machine & hand embroidery? (3)
answer_text,414,,414_Apparel_SQP_MS.md,35,What things should be taken care of while purchasing fabric? (3)
answer_text,414,,414_Apparel_SQP_MS.md,36,Write methods to perform finishing on embroidered garments. (5)
answer_text,414,,414_Apparel_SQP_MS.md,39,"What is the impact of good quality fabric, thread & needles on embroidery? (5)"
mcq_key,412,,412_MS_Marketing_&_Sales.md,5,B
mcq_key,412,,412_MS_Marketing_&_Sales.md,6,A
mcq_key,412,,412_MS_Marketing_&_Sales.md,21,C
mcq_key,412,,412_MS_Marketing_&_Sales.md,22,B
mcq_key,412,,412_MS_Marketing_&_Sales.md,23,D
mcq_key,412,,412_MS_Marketing_&_Sales.md,27,A
answer_text,413,,413_MS_HEALTH_CARE.md,7,Enumerate the principles that must be followed for effective communications. (2)
answer_text,413,,413_MS_HEALTH_CARE.md,8,Enumerate the basic importance of stress management skill. (2)
answer_text,413,,413_MS_HEALTH_CARE.md,9,How can you save a document in computer? (2)
answer_text,413,,413_MS_HEALTH_CARE.md,10,Enlist some values which make an entrepreneur successful. (2)
answer_text,413,,413_MS_HEALTH_CARE.md,11,Enumerate natural resources. (2)
answer_text,413,,413_MS_HEALTH_CARE.md,12,Write Down the full form of OPD. (1)
answer_text,413,,413_MS_HEALTH_CARE.md,25,Why the knowledge of bed making is important for patient in hospital?
answer_text,413,,413_MS_HEALTH_CARE.md,26,Write down the differences between antiseptics and disinfectants.
answer_text,413,,413_MS_HEALTH_CARE.md,27,Write down the role of a first aider in basic and emergency situation.
answer_text,413,,413_MS_HEALTH_CARE.md,28,Explain general motion on the basis of elevation and depression.
answer_text,413,,413_MS_HEALTH_CARE.md,29,Write down the roles of medical receptionist in hospital.
answer_text,413,,413_MS_HEALTH_CARE.md,35,As a staff of health care service how should you respond to patient? (3)
answer_text,413,,413_MS_HEALTH_CARE.md,36,Enumerate five main roles of GDA in health care services. (5)
answer_text,413,,413_MS_HEALTH_CARE.md,37,How can you characterize a care plan? (5)
answer_text,413,,413_MS_HEALTH_CARE.md,38,As a first aider how can you manage a patient with minor and severer burn. (5)
answer_text,413,,413_MS_HEALTH_CARE.md,39,Write down the structure and functions of nervous system. (5)
answer_text,408,,408_AGRICULTURE_MS.md,7,What are the five sources of energy available to us? (2)
answer_text,408,,408_AGRICULTURE_MS.md,8,List any four characteristics of entrepreneurship. (2)
answer_text,408,,408_AGRICULTURE_MS.md,9,List the steps to search for information using a web browser. (2)
answer_text,408,,408_AGRICULTURE_MS.md,10,What are the factors that affect self-confidence? (2)
answer_text,408,,408_AGRICULTURE_MS.md,11,Write down the different types of verbal communication. (2)
answer_text,408,,408_AGRICULTURE_MS.md,32,Enlist different processed milk products. Discuss briefly about dahi. : (3)
answer_text,408,,408_AGRICULTURE_MS.md,33,Discuss briefly about castes of honeybees : (3)
answer_text,408,,408_AGRICULTURE_MS.md,34,Enlist three major condiments and three spices of India: (3)
answer_text,408,,408_AGRICULTURE_MS.md,35,What is biofertilizer? Write some examples of biofertilizers. (3)
answer_text,408,,408_AGRICULTURE_MS.md,36,Define pollination. Write different types of pollination and mechanism which favours cross (5)
answer_text,408,,408_AGRICULTURE_MS.md,39,"Discuss cultivation of rice under the following heads: Soil and climate, major varieties, insect- (5)"
answer_text,404,,404_MS_AUTOMOTIVE.md,6,A (1)
answer_text,404,,404_MS_AUTOMOTIVE.md,7,Communication is the act of conveying meanings from one entity or group to (2)
answer_text,404,,404_MS_AUTOMOTIVE.md,9,The various benefits include the following: (2)
answer_text,404,,404_MS_AUTOMOTIVE.md,10,"(i) control unit (CU), (2)"
answer_text,404,,404_MS_AUTOMOTIVE.md,11,The skills used for promoting green economy are known as green skills. These (2)
answer_text,404,,404_MS_AUTOMOTIVE.md,12,Top Dead Center (1)
answer_text,404,,404_MS_AUTOMOTIVE.md,13,B (1)
answer_text,404,,404_MS_AUTOMOTIVE.md,14,B (1)
answer_text,404,,404_MS_AUTOMOTIVE.md,30,S.N Tube Tyre Tubeless Tyre (3)
answer_text,404,,404_MS_AUTOMOTIVE.md,1,"It encloses a tube in which air is forced There is no tube, the air"
answer_text,404,,404_MS_AUTOMOTIVE.md,2,A non-return valve is fitted to the tube A non return valve is
answer_text,404,,404_MS_AUTOMOTIVE.md,3,For repair of punctured tube the tube Without removing tyre
answer_text,404,,404_MS_AUTOMOTIVE.md,31,Screw gauge is a measuring instrument used to measure very fine and precise (3)
answer_text,404,,404_MS_AUTOMOTIVE.md,33,The innovation: Airbags have graduated from things that simply blast out of the (3)
answer_text,404,,404_MS_AUTOMOTIVE.md,34,The automobile sales person is a very important person in the sale and marketing of a (3)
answer_text,404,,404_MS_AUTOMOTIVE.md,39,One of the most important aspects of customer service is that of what is often (5)
answer_text,405,,405_MS_Introduction_to_Financial_Markets.md,7,What are the barriers of Effective Communication skill? (2)
answer_text,405,,405_MS_Introduction_to_Financial_Markets.md,8,Write the benefit to work independently? (2)
answer_text,405,,405_MS_Introduction_to_Financial_Markets.md,9,Write the keyboard shortcut for the following : (2)
answer_text,405,,405_MS_Introduction_to_Financial_Markets.md,10,Write the Characteristics of Entrepreneurship. (2)
answer_text,405,,405_MS_Introduction_to_Financial_Markets.md,11,Write the Importance of Green Economy? (2)
answer_text,405,,405_MS_Introduction_to_Financial_Markets.md,12,Define Investment? (1)
answer_text,405,,405_MS_Introduction_to_Financial_Markets.md,26,Write the analogy between Bank and Depositary? (2)
answer_text,405,,405_MS_Introduction_to_Financial_Markets.md,27,Write the benefits (Any Two) of participation in a Depositary? (2)
answer_text,405,,405_MS_Introduction_to_Financial_Markets.md,28,What do you know about Rolling Settlement of Trading? (2)
answer_text,405,,405_MS_Introduction_to_Financial_Markets.md,29,Can you define Pay-in and Pay-out of Securities? (2)
answer_text,405,,405_MS_Introduction_to_Financial_Markets.md,30,What is SEBI and write its statutory power? (3)
answer_text,405,,405_MS_Introduction_to_Financial_Markets.md,31,Write any three risks which mutual funds are exposed? (3)
answer_text,405,,405_MS_Introduction_to_Financial_Markets.md,36,Classify the Issues available in primary Market? (5)
answer_text,409,,409_FOOD_PRODUCTION_MS.md,6,What are some of the environmental changes caused due to modern methods of agriculture? (1)
answer_text,409,,409_FOOD_PRODUCTION_MS.md,7,What are the five sources of energy available to us? (2)
answer_text,409,,409_FOOD_PRODUCTION_MS.md,8,List any four characteristics of entrepreneurship. (2)
answer_text,409,,409_FOOD_PRODUCTION_MS.md,9,List the steps to search for information using a web browser. (2)
answer_text,409,,409_FOOD_PRODUCTION_MS.md,10,What are the factors that affect self-confidence? (2)
answer_text,409,,409_FOOD_PRODUCTION_MS.md,24,Broth is prepared by-
answer_text,409,,409_FOOD_PRODUCTION_MS.md,25,A Role of vitamins and minerals
answer_text,409,,409_FOOD_PRODUCTION_MS.md,26,Two salads served as appetizer are-
answer_text,409,,409_FOOD_PRODUCTION_MS.md,27,Two roles of spread in a sandwich are-
answer_text,409,,409_FOOD_PRODUCTION_MS.md,37,Five types of thick soups are-
answer_text,409,,409_FOOD_PRODUCTION_MS.md,38,"Five methods of cooking used for preparing French fries, aloo parantha and"
answer_text,409,,409_FOOD_PRODUCTION_MS.md,39,Different parts of the salads highlighting their main role-
answer_text,410,,410_FRONT_OFFICE_OPERATIONS_MS.md,5,What is the aim of entrepreneurship? (1)
answer_text,410,,410_FRONT_OFFICE_OPERATIONS_MS.md,6,What are some of the environmental changes caused due to modern methods of agriculture? (1)
answer_text,410,,410_FRONT_OFFICE_OPERATIONS_MS.md,7,What are the five sources of energy available to us? (2)
answer_text,410,,410_FRONT_OFFICE_OPERATIONS_MS.md,8,List any four characteristics of entrepreneurship. (2)
answer_text,410,,410_FRONT_OFFICE_OPERATIONS_MS.md,9,List the steps to search for information using a web browser. (2)
mcq_key,402,,402_Information_Tech_X_SQP_MS.md,39,A
answer_text,402,,402_Information_Tech_X_SQP_MS.md,5,An economy is called Green economy when it is based on the principles of _________. (1)
answer_text,402,,402_Information_Tech_X_SQP_MS.md,6,"Physical exercise in the form of ____________, ___________________to relieve stress (1)"
answer_text,402,,402_Information_Tech_X_SQP_MS.md,7,Explain any two 7Cs of Communication. (2)
answer_text,402,,402_Information_Tech_X_SQP_MS.md,3,Be Concrete - Concrete communication is about being specific and clear rather
answer_text,402,,402_Information_Tech_X_SQP_MS.md,4,Be Correct - Incorrect information doesn‟t help anyone and it does your credibility
answer_text,402,,402_Information_Tech_X_SQP_MS.md,13,Define DSL. (1)
answer_text,402,,402_Information_Tech_X_SQP_MS.md,15,Symbol option is available under _________________ group in the Insert (1)
answer_text,402,,402_Information_Tech_X_SQP_MS.md,17,"A ________ is a graphical representation of data, in which the data is represented (1)"
answer_text,402,,402_Information_Tech_X_SQP_MS.md,18,A _______________ is the visual motion when one slide changes to the next during a (1)
answer_text,402,,402_Information_Tech_X_SQP_MS.md,28,Differentiate between Flat File and Relational Database. (2)
answer_text,402,,402_Information_Tech_X_SQP_MS.md,29,Mention two points stating the effective use of animation in a presentation. (2)
answer_text,402,,402_Information_Tech_X_SQP_MS.md,1,"Do prior research, know the topic and collect the material of what you will talk about."
answer_text,401,,401_MS_RETAIL.md,5,Which factors cause ecological imbalance? (1)
answer_text,401,,401_MS_RETAIL.md,6,Define green economy. (1)
answer_text,401,,401_MS_RETAIL.md,7,How can we use facial expressions as a mode of communication? (2)
answer_text,401,,401_MS_RETAIL.md,8,How does “find and replace” feature works? (2)
answer_text,401,,401_MS_RETAIL.md,9,Describe two stress management techniques. (2)
answer_text,401,,401_MS_RETAIL.md,10,How can we conserve natural resources? (2)
answer_text,401,,401_MS_RETAIL.md,11,Why do you think green economy is important? (2)
answer_text,401,,401_MS_RETAIL.md,24,List two objectives of retail transportation? (2)
answer_text,401,,401_MS_RETAIL.md,25,What is Retail loading and unloading? (2)
answer_text,401,,401_MS_RETAIL.md,26,Define a) Merchandise b) Merchandise planning (2)
answer_text,401,,401_MS_RETAIL.md,27,Discuss two types of general merchandise retailers. (2)
answer_text,401,,401_MS_RETAIL.md,32,Elaborate on the purpose of a good store layout. (3)
answer_text,401,,401_MS_RETAIL.md,33,What are the functions of a visual merchandiser? (3)
answer_text,401,,401_MS_RETAIL.md,34,Discuss the principles of visual merchandising. (3)
answer_text,401,,401_MS_RETAIL.md,35,Elaborate on three different types of security guard. (3)
answer_text,401,,401_MS_RETAIL.md,36,Elaborate on the problems associated with retail transport. (5)
answer_text,401,,401_MS_RETAIL.md,39,What are assignment instructions? (5)
answer_text,403,,403_SECURITY_MS.md,7,What are the five sources of energy available to us? (2)
answer_text,403,,403_SECURITY_MS.md,8,List any four characteristics of entrepreneurship. (2)
answer_text,403,,403_SECURITY_MS.md,9,List the steps to search for information using a web browser. (2)
answer_text,403,,403_SECURITY_MS.md,10,What are the factors that affect self-confidence? (2)
answer_text,403,,403_SECURITY_MS.md,11,Write down the different types of verbal communication. (2)
answer_text,403,,403_SECURITY_MS.md,28,The signs of shock are as under: (2)
answer_text,403,,403_SECURITY_MS.md,29,The benefits of security lighting are as under: (2)
answer_text,403,,403_SECURITY_MS.md,30,The benefits of drill are as under: (3)
answer_text,403,,403_SECURITY_MS.md,31,Methods adopted for extinguishing a fire are as under: (3)
answer_text,403,,403_SECURITY_MS.md,32,The chapter IV of the Indian Penal Code (IPC) deals with General Exceptions (Sections (3)
answer_text,403,,403_SECURITY_MS.md,33,Major elements of the Compose Mail interface are: (3)
answer_text,403,,403_SECURITY_MS.md,34,First aid for controlling bleeding is as under: (3)
answer_text,403,,403_SECURITY_MS.md,35,Principal components of a CCTV system are: (3)
answer_text,403,,403_SECURITY_MS.md,36,The fire tetrahedron is composed of the following: (5)
answer_text,403,,403_SECURITY_MS.md,37,The Arms of the Indian Army are: (5)
answer_text,403,,403_SECURITY_MS.md,39,Assignment instructions contain the security procedure of a premise or site. The security (5)
answer_text,415,,415_MEDIA_MS.md,6,What are some of the environmental changes caused due to modern methods of (1)
answer_text,415,,415_MEDIA_MS.md,7,What are the five sources of energy available to us? (2)
answer_text,415,,415_MEDIA_MS.md,8,List any four characteristics of entrepreneurship. (2)
answer_text,415,,415_MEDIA_MS.md,9,List the steps to search for information using a web browser. (2)
answer_text,415,,415_MEDIA_MS.md,10,What are the factors that affect self-confidence? (2)
answer_text,415,,415_MEDIA_MS.md,11,Write down the different types of verbal communication. (2)
answer_text,415,,415_MEDIA_MS.md,24,"Mention the functions of Status Line hotkeys which are F2, F3, F4, F5, F6. (2)"
answer_text,415,,415_MEDIA_MS.md,25,What is Bump Maps? Explain in brief. (2)
answer_text,415,,415_MEDIA_MS.md,26,What is UV Mapping? (2)
answer_text,415,,415_MEDIA_MS.md,27,Mention the Techniques of UV mapping. (2)
answer_text,415,,415_MEDIA_MS.md,28,What is Diffuse Map? Explain in brief. (2)
answer_text,415,,415_MEDIA_MS.md,29,What is Displacement Maps? Explain in brief. (2)
answer_text,415,,415_MEDIA_MS.md,30,What are Marking Menus? (3)
answer_text,415,,415_MEDIA_MS.md,31,What is the use of Help Line? (3)
answer_text,415,,415_MEDIA_MS.md,37,How to apply Texture mapping Explain? (5)
answer_text,415,,415_MEDIA_MS.md,38,Explain the use of specular maps. (5)
answer_text,415,,415_MEDIA_MS.md,39,How to sharpen the images? Explain all its steps in brief. (5)
answer_text,406,,406_MS_INTRODUCTION_TO_TOURISM.md,5,Business is an ___________ activity. (1)
answer_text,406,,406_MS_INTRODUCTION_TO_TOURISM.md,6,The various factors causing ecological imbalance are ____________ .
answer_text,406,,406_MS_INTRODUCTION_TO_TOURISM.md,7,What are the barriers of effective Communication Skill? (2)
answer_text,406,,406_MS_INTRODUCTION_TO_TOURISM.md,8,Write the benefit of working independently? (2)
answer_text,406,,406_MS_INTRODUCTION_TO_TOURISM.md,9,Write the keyboard shortcut for the following: (2)
answer_text,406,,406_MS_INTRODUCTION_TO_TOURISM.md,10,Write the characteristics of (2)
answer_text,406,,406_MS_INTRODUCTION_TO_TOURISM.md,11,Write the importance of Green Economy? (2)
answer_text,406,,406_MS_INTRODUCTION_TO_TOURISM.md,13,Crossing of legs shows that the person is…………..? (1)
answer_text,406,,406_MS_INTRODUCTION_TO_TOURISM.md,24,Write down the attributes of a person working in Tourism industry? (2)
answer_text,406,,406_MS_INTRODUCTION_TO_TOURISM.md,25,Write about the importance of grooming in tourism industry? (2)
answer_text,406,,406_MS_INTRODUCTION_TO_TOURISM.md,26,Enlist two cultural benefits of tourism impacts ? (2)
answer_text,406,,406_MS_INTRODUCTION_TO_TOURISM.md,27,Write the Topology of tourism impact? (2)
answer_text,406,,406_MS_INTRODUCTION_TO_TOURISM.md,28,What do you understand by Passport ? (2)
answer_text,406,,406_MS_INTRODUCTION_TO_TOURISM.md,29,What do you understand by Custom/Traditions ? (2)
answer_text,406,,406_MS_INTRODUCTION_TO_TOURISM.md,34,Explain UNESCO and write any 3 world heritage sites in india? (3)
answer_text,406,,406_MS_INTRODUCTION_TO_TOURISM.md,35,Differentiate between natural tourism products and man - made tourism (3)
answer_text,406,,406_MS_INTRODUCTION_TO_TOURISM.md,39,What is Tourism Product and classify the briefly? (5)
answer_text,406,,406_MS_INTRODUCTION_TO_TOURISM.md,1,Ability to take up risks.
answer_text,411,,411_MS_BANKING_&_INSURANCE.md,4,Customer must be self ________ before buying any insurance products. (1)
answer_text,411,,411_MS_BANKING_&_INSURANCE.md,5,Financial growth is a kind of _______ for a banker which boosts his morale to work (1)
answer_text,411,,411_MS_BANKING_&_INSURANCE.md,6,Mention one quality of an entrepreneur. (1)
answer_text,411,,411_MS_BANKING_&_INSURANCE.md,7,Name the types of communication take place in Banks and financial institutions. (2)
answer_text,411,,411_MS_BANKING_&_INSURANCE.md,8,Banker wish to use keyboard shortcut for the copy text and paste in another (2)
answer_text,411,,411_MS_BANKING_&_INSURANCE.md,9,How banks and financial institutions may support green economy? (2)
answer_text,411,,411_MS_BANKING_&_INSURANCE.md,10,An employee who works in banks/financial institution /Insurance company may (2)
answer_text,411,,411_MS_BANKING_&_INSURANCE.md,18,The issue of having regular income during old age is taken care off by (1)
answer_text,411,,411_MS_BANKING_&_INSURANCE.md,19,Nomination means nominating a person to receive the benefits of Life Insurance (1)
answer_text,411,,411_MS_BANKING_&_INSURANCE.md,20,The most appropriate method to determine the financial loss due to loss of human (1)
answer_text,411,,411_MS_BANKING_&_INSURANCE.md,21,Define Underwriter. (1)
answer_text,411,,411_MS_BANKING_&_INSURANCE.md,23,The theft insurance policy would generally not cover the losses/ damages due to (1)
answer_text,411,,411_MS_BANKING_&_INSURANCE.md,24,What is meant by the term crossing on a cheque? (2)
answer_text,411,,411_MS_BANKING_&_INSURANCE.md,38,Explain the procedure for taking a Life Insurance Policy. (5)
answer_text,411,,411_MS_BANKING_&_INSURANCE.md,39,Essential features of assignment: (5)
answer_text,407,,407_Beauty_wellness_SQP_MS.md,5,The stability of ecosystem refers to balance between ________ and ___________ of each (1)
answer_text,407,,407_Beauty_wellness_SQP_MS.md,7,How are Emotional Barriers different from Attitudinal Barriers? (2)
answer_text,407,,407_Beauty_wellness_SQP_MS.md,8,What is meditation? (2)
answer_text,407,,407_Beauty_wellness_SQP_MS.md,9,Write down any two different types of operating system with one word definition. (2)
answer_text,407,,407_Beauty_wellness_SQP_MS.md,10,Saran wants to start his own business. Suggest him at least four functions of an entrepreneur. (2)
answer_text,407,,407_Beauty_wellness_SQP_MS.md,24,Explain the structure of epidermis layer of skin (2)
answer_text,407,,407_Beauty_wellness_SQP_MS.md,25,Explain the flexion body movements (2)
answer_text,407,,407_Beauty_wellness_SQP_MS.md,26,Write down the benefits of threading (2)
answer_text,407,,407_Beauty_wellness_SQP_MS.md,27,Identify the types of hair (2)
answer_text,407,,407_Beauty_wellness_SQP_MS.md,28,How you will prepare the work station before & after treatments. (2)
answer_text,407,,407_Beauty_wellness_SQP_MS.md,29,How you will provide caring environment to the clients (2)
answer_text,407,,407_Beauty_wellness_SQP_MS.md,34,Write down the application of face powder (3)
answer_text,407,,407_Beauty_wellness_SQP_MS.md,35,How you will handle telephone calls effectively. (3)
answer_text,416,,416_MULTI_SKILL_FOUNDATION_COURSE_MS.md,6,What are some of the environmental changes caused due to modern methods of (1)
answer_text,416,,416_MULTI_SKILL_FOUNDATION_COURSE_MS.md,7,What are the five sources of energy available to us? (2)
answer_text,416,,416_MULTI_SKILL_FOUNDATION_COURSE_MS.md,8,List any four characteristics of entrepreneurship. (2)
answer_text,416,,416_MULTI_SKILL_FOUNDATION_COURSE_MS.md,9,List the steps to search for information using a web browser. (2)
answer_text,416,,416_MULTI_SKILL_FOUNDATION_COURSE_MS.md,10,What are the factors that affect self-confidence? (2)
answer_text,416,,416_MULTI_SKILL_FOUNDATION_COURSE_MS.md,25,What is Ferro cement? (2)
answer_text,416,,416_MULTI_SKILL_FOUNDATION_COURSE_MS.md,30,What are the major sources of water pollution? (3)
answer_text,416,,416_MULTI_SKILL_FOUNDATION_COURSE_MS.md,36,Differentiate between Diesel engine & petrol engine? (5)
answer_text,416,,416_MULTI_SKILL_FOUNDATION_COURSE_MS.md,37,Mention the safety precaution need to be taken while working in workshop (5)
answer_text,416,,416_MULTI_SKILL_FOUNDATION_COURSE_MS.md,38,Write functions of any three soil nutrients essential for the growth of plant? (5)
answer_text,416,,416_MULTI_SKILL_FOUNDATION_COURSE_MS.md,39,Differentiate between communicable & Non communicable diseases? (5)
answer_text,833,,833_BUSINESS_ADMINISTRATION_MS.md,3,Characteristics that help an employee feel more productive in the workplace are called (1)
answer_text,833,,833_BUSINESS_ADMINISTRATION_MS.md,4,What is the intersection of a column and a row on a worksheet called? (1)
answer_text,833,,833_BUSINESS_ADMINISTRATION_MS.md,5,SBA stands for:- (1)
answer_text,833,,833_BUSINESS_ADMINISTRATION_MS.md,6,Who is responsible for the success of green economy in the country? (1)
answer_text,833,,833_BUSINESS_ADMINISTRATION_MS.md,7,How can you acquire good listing skills? (2)
answer_text,833,,833_BUSINESS_ADMINISTRATION_MS.md,8,Define any four sources of motivation and inspiration? (2)
answer_text,833,,833_BUSINESS_ADMINISTRATION_MS.md,9,What do you mean by “Slide’’. (2)
answer_text,833,,833_BUSINESS_ADMINISTRATION_MS.md,16,Centralization refers to: (1)
answer_text,833,,833_BUSINESS_ADMINISTRATION_MS.md,17,Controlling function of an organization is : (1)
answer_text,833,,833_BUSINESS_ADMINISTRATION_MS.md,18,A network of social relationship that arises spontaneously due to interaction at work is called : (1)
answer_text,833,,833_BUSINESS_ADMINISTRATION_MS.md,19,The communication network in which all subordinates under a supervisor communicate though (1)
answer_text,833,,833_BUSINESS_ADMINISTRATION_MS.md,20,"In Maslow’s hierarchy of needs, food, water and sleep are considered in: (1)"
answer_text,833,,833_BUSINESS_ADMINISTRATION_MS.md,21,The two factor theory is based on which factor? (1)
answer_text,833,,833_BUSINESS_ADMINISTRATION_MS.md,22,"Which characteristic of leadership excellence, focuses to be clear, concise, and correct: (1)"
answer_text,833,,833_BUSINESS_ADMINISTRATION_MS.md,29,How is motivation different from motivator? (2)
answer_text,833,,833_BUSINESS_ADMINISTRATION_MS.md,30,What do you understand by social responsibility of business? How is different from legal (2)
answer_text,833,,833_BUSINESS_ADMINISTRATION_MS.md,31,Write any two dis-advantages of information Technology? (2)
answer_text,833,,833_BUSINESS_ADMINISTRATION_MS.md,32,Discuss any two personal and any two organizational barrier inthe flow of communication. (2)
answer_text,833,,833_BUSINESS_ADMINISTRATION_MS.md,33,Science is a systematized body of knowledge that explains certain general truths or the operation of
answer_text,833,,833_BUSINESS_ADMINISTRATION_MS.md,38,Write short notes on: (a) Authoritative Style of leadership; (b) Laissez Faire Style of Leadership. (3)
answer_text,833,,833_BUSINESS_ADMINISTRATION_MS.md,39,Explain any three assumptions of Maslow’s need Hierarchy theory (3)
answer_text,833,,833_BUSINESS_ADMINISTRATION_MS.md,40,Give the meaning of social responsibility of business. State any 3 reasons in favors of assuming social (3)
answer_text,833,,833_BUSINESS_ADMINISTRATION_MS.md,41,State the responsibilities of business towards the shareholders.
answer_text,833,,833_BUSINESS_ADMINISTRATION_MS.md,45,The functions and performance of the supervisor are vital to an organization because he is directly
answer_text,833,,833_BUSINESS_ADMINISTRATION_MS.md,46,"The organizations which are keen on developing effective communication, should adopt suitable 1"
answer_text,833,,833_BUSINESS_ADMINISTRATION_MS.md,2,"People’s needs are in hierarchical order, starting from basic needs to other higher level needs."
answer_text,809,,809_FOOD_PRODUCTION_MS.md,7,Two points difference between listening and hearing- 2
answer_text,809,,809_FOOD_PRODUCTION_MS.md,8,Four steps to insert a text box in a slide are- 2
answer_text,809,,809_FOOD_PRODUCTION_MS.md,9,Two traits of extraversion personality- ½ 2
answer_text,809,,809_FOOD_PRODUCTION_MS.md,10,Four green jobs in building and construction field are- ½ 2
answer_text,809,,809_FOOD_PRODUCTION_MS.md,11,Chemist Shop or Pharmacy is an example for trading 2 2
answer_text,809,,809_FOOD_PRODUCTION_MS.md,22,Two ways of creating variety in the meal planning are-
answer_text,809,,809_FOOD_PRODUCTION_MS.md,23,Two ingredients used in high amount to make cookie easy to
answer_text,809,,809_FOOD_PRODUCTION_MS.md,24,Two sweet dishes prepared by using moong dal
answer_text,809,,809_FOOD_PRODUCTION_MS.md,25,Four factors on which concept of fast food outlets depends
answer_text,809,,809_FOOD_PRODUCTION_MS.md,26,Menu of kiosks Menu of reputed
answer_text,809,,809_FOOD_PRODUCTION_MS.md,27,Four accompaniments with South Indian thali
answer_text,809,,809_FOOD_PRODUCTION_MS.md,34,Two purpose of flour in baking are-
answer_text,809,,809_FOOD_PRODUCTION_MS.md,35,Two ways to prevent contamination by rodents and insects
answer_text,809,,809_FOOD_PRODUCTION_MS.md,36,Six features of fast food outlets are-
answer_text,809,,809_FOOD_PRODUCTION_MS.md,37,Six objectives of cost accounting are-
answer_text,807,,807_BEAUTY_WELLNESS_SQP_MS.md,3,The software which contains rows and columns is called _____________ (1)
answer_text,807,,807_BEAUTY_WELLNESS_SQP_MS.md,5,Who designs and develop wind farm systems? (1)
answer_text,807,,807_BEAUTY_WELLNESS_SQP_MS.md,7,Describe any two parts of speech. (2)
answer_text,807,,807_BEAUTY_WELLNESS_SQP_MS.md,8,How can we influence personality? (2)
answer_text,807,,807_BEAUTY_WELLNESS_SQP_MS.md,9,Write down the difference between Normal view and Handout view? (2)
answer_text,807,,807_BEAUTY_WELLNESS_SQP_MS.md,1,Answer-Messages will be taken and left at the reception desk. It is your
answer_text,830,,830_DESIGN_MS.md,5,How does green buildings benefit environment? (1)
answer_text,830,,830_DESIGN_MS.md,6,Grooming is important because it helps us to- (1)
answer_text,830,,830_DESIGN_MS.md,7,Why Active Listening is important? (2)
answer_text,830,,830_DESIGN_MS.md,8,What do you know about influence of personality? Explain it. (2)
answer_text,830,,830_DESIGN_MS.md,9,Write down the difference between Transition and Animation effect in digital presentation. (2)
answer_text,830,,830_DESIGN_MS.md,10,What do you mean by the term ‘customer survey’? What do entrepreneur try to find out (2)
answer_text,830,,830_DESIGN_MS.md,11,What is the key to environmental protection? (2)
answer_text,830,,830_DESIGN_MS.md,25,Why is prototype necessary in design? (2)
answer_text,830,,830_DESIGN_MS.md,26,What safety measures are required in plastic industry towards our health? (2)
answer_text,830,,830_DESIGN_MS.md,27,What is the role of safe inspection in wood industry? (2)
answer_text,830,,830_DESIGN_MS.md,28,Define Ideation in design. (2)
answer_text,830,,830_DESIGN_MS.md,29,Mention the forms and sources required in design. (2)
answer_text,830,,830_DESIGN_MS.md,30,List basic materials used in design. (2)
answer_text,830,,830_DESIGN_MS.md,35,Which is the software you have been using for images? Compare any two by giving their (3)
answer_text,830,,830_DESIGN_MS.md,36,How the design helps in dealing with emergencies? (3)
answer_text,830,,830_DESIGN_MS.md,37,How do we assess the risk control in metal and plastic industries? (3)
answer_text,830,,830_DESIGN_MS.md,38,Which basic material will you use for product for children and why? Give reasons. (5)
answer_text,830,,830_DESIGN_MS.md,42,What are the benefits of prototyping? (5)
answer_text,830,,830_DESIGN_MS.md,1,"Use of proper tagout, blockout and lockout procedures, especially when machines"
answer_text,808,,808_AGRICULTURE_MS.md,7,It helps you truly understand what people are saying (2)
answer_text,808,,808_AGRICULTURE_MS.md,8,"Extraversion, Agreeableness, Conscientiousness, Emotional stability, Openness to (2)"
answer_text,808,,808_AGRICULTURE_MS.md,9,"Built-in functions make calculations easier, faster, and more accurate. (2)"
answer_text,808,,808_AGRICULTURE_MS.md,10,Availability of funds is a major concern for starting a business. A delay in source of (2)
answer_text,808,,808_AGRICULTURE_MS.md,11,"Water treatment specialist, Water Auditor, Water policy Analyst, Water resource planning (2)"
answer_text,808,,808_AGRICULTURE_MS.md,12,"Soybean, Rapeseed & Mustard, Sunflower. (1)"
answer_text,808,,808_AGRICULTURE_MS.md,13,"Rice, wheat, maize. (1)"
answer_text,808,,808_AGRICULTURE_MS.md,14,Shimla in Himachal Pradesh (1)
answer_text,808,,808_AGRICULTURE_MS.md,15,"Iron (Fe), manganese (Mn), zinc (Zn), copper (Cu) (1)"
answer_text,808,,808_AGRICULTURE_MS.md,16,"Rice–wheat, Maize–wheat cropping system (1)"
answer_text,808,,808_AGRICULTURE_MS.md,17,"Chickpea, pigeonpea, mungbean (1)"
answer_text,808,,808_AGRICULTURE_MS.md,31,Principles of food preservation: Principles of food preservation comprise of the (2)
answer_text,808,,808_AGRICULTURE_MS.md,32,Organic farming: Organic farming is a system which avoids or largely excludes the (2)
answer_text,808,,808_AGRICULTURE_MS.md,33,Concept of safe food and important food regulations: (3)
answer_text,808,,808_AGRICULTURE_MS.md,34,Major post-harvest management steps of fruits and vegetables: (3)
answer_text,808,,808_AGRICULTURE_MS.md,35,Role of food production in national economy and national food security (3)
answer_text,808,,808_AGRICULTURE_MS.md,38,IPM: IPM is an ecosystem-based strategy that focuses on long-term prevention of (3)
answer_text,808,,808_AGRICULTURE_MS.md,43,Major Government Schemes for the food sector: (5)
mcq_key,835,,835_MASS_MEDIA_STUDIES_MS.md,6,B
answer_text,835,,835_MASS_MEDIA_STUDIES_MS.md,7,Two points difference between listening and hearing- 2
answer_text,835,,835_MASS_MEDIA_STUDIES_MS.md,8,Four steps to insert a text box in a slide are- 2
answer_text,835,,835_MASS_MEDIA_STUDIES_MS.md,9,Two traits of extraversion personality- ½ 2
answer_text,835,,835_MASS_MEDIA_STUDIES_MS.md,10,Four green jobs in building and construction field are- ½ 2
answer_text,835,,835_MASS_MEDIA_STUDIES_MS.md,11,Chemist Shop or Pharmacy is an example for trading 2 2
answer_text,835,,835_MASS_MEDIA_STUDIES_MS.md,23,Lionel Fielden was the First Director General/Controller of All India Radio (AIR). 1 (1)
answer_text,835,,835_MASS_MEDIA_STUDIES_MS.md,24,It introduces a new product in to the market. 1+1 (2)
answer_text,835,,835_MASS_MEDIA_STUDIES_MS.md,25,Differentiate between live and non-live broadcasting. 1+1 (2)
answer_text,835,,835_MASS_MEDIA_STUDIES_MS.md,26,Promotion of product and service with the help of celebrity. Celebrity 2 (2)
answer_text,835,,835_MASS_MEDIA_STUDIES_MS.md,27,"Direct mail may not have any glamour or high profile quality to it, but it is certainly 2 (2)"
answer_text,835,,835_MASS_MEDIA_STUDIES_MS.md,28,General Creative Concept 2 (2)
answer_text,835,,835_MASS_MEDIA_STUDIES_MS.md,29,Story boarding is like setting up a comic book of the production you are planning. 2 (2)
answer_text,835,,835_MASS_MEDIA_STUDIES_MS.md,36,"Advertising, Free community newspapers receive revenue through advertising. 3 (3)"
answer_text,835,,835_MASS_MEDIA_STUDIES_MS.md,37,Camera 1 (3)
answer_text,835,,835_MASS_MEDIA_STUDIES_MS.md,38,General Creative Concept 3 (3)
answer_text,835,,835_MASS_MEDIA_STUDIES_MS.md,39,General Creative Concept 3 (3)
answer_text,835,,835_MASS_MEDIA_STUDIES_MS.md,40,Three key phrases will define the importance of television to advertisers - 3 (3)
answer_text,835,,835_MASS_MEDIA_STUDIES_MS.md,41,Describe the ways that determine the unique selling point of a physical product. 3 (3)
answer_text,835,,835_MASS_MEDIA_STUDIES_MS.md,46,"A Web editor develops the content or editorial plan of a Website, working with a 5 (5)"
answer_text,819,,819_ELECTRICAL_TECHNOLOGY_MS.md,8,Four steps to insert a text box in a slide are- 2
answer_text,819,,819_ELECTRICAL_TECHNOLOGY_MS.md,9,Two traits of extraversion personality- ½ 2
answer_text,819,,819_ELECTRICAL_TECHNOLOGY_MS.md,10,Four green jobs in building and construction field are- ½ 2
answer_text,819,,819_ELECTRICAL_TECHNOLOGY_MS.md,11,Chemist Shop or Pharmacy is an example for trading 2 2
answer_text,819,,819_ELECTRICAL_TECHNOLOGY_MS.md,12,Quality factor is also known as _________ (1)
answer_text,819,,819_ELECTRICAL_TECHNOLOGY_MS.md,26,What is an auto transformer?
answer_text,819,,819_ELECTRICAL_TECHNOLOGY_MS.md,27,What are the steps to rescue a person from live wire? (2)
answer_text,819,,819_ELECTRICAL_TECHNOLOGY_MS.md,28,What is the difference between room cooler and desert cooler? (2)
answer_text,819,,819_ELECTRICAL_TECHNOLOGY_MS.md,29,What is reverse motor? (2)
answer_text,819,,819_ELECTRICAL_TECHNOLOGY_MS.md,30,What are Safety measures precautions from operational point of view of single phase (2)
answer_text,819,,819_ELECTRICAL_TECHNOLOGY_MS.md,35,Write the steps of starting of 3 phase induction motor (3)
answer_text,819,,819_ELECTRICAL_TECHNOLOGY_MS.md,36,Describe Schafer’s Method of artificial respiration. (3)
answer_text,819,,819_ELECTRICAL_TECHNOLOGY_MS.md,37,What are Common faults of electric mixer? (3)
answer_text,819,,819_ELECTRICAL_TECHNOLOGY_MS.md,40,Explain construction and working principle of immersion heater. Also explain its defects and (5)
answer_text,819,,819_ELECTRICAL_TECHNOLOGY_MS.md,41,Classify AC motors and explain them briefly. (5)
mcq_key,823,,823_COST_ACCOUNTING_MS.md,38,A
answer_text,823,,823_COST_ACCOUNTING_MS.md,7,Good communication skills helps to improve the productivity. (2)
answer_text,823,,823_COST_ACCOUNTING_MS.md,8,Listening skills helps the employees to understand the concept and the (2)
answer_text,823,,823_COST_ACCOUNTING_MS.md,9,Self-motivation is important because  It increases individual’s energy and (2)
answer_text,823,,823_COST_ACCOUNTING_MS.md,10,A presentation is a systematic display of information. (2)
answer_text,823,,823_COST_ACCOUNTING_MS.md,11,Recycling materials helps the environment by reducing wastages and improves (2)
answer_text,823,,823_COST_ACCOUNTING_MS.md,12,Prime cost (1)
answer_text,823,,823_COST_ACCOUNTING_MS.md,13,Cost of Sales (1)
answer_text,823,,823_COST_ACCOUNTING_MS.md,14,Godown Rent (1)
answer_text,823,,823_COST_ACCOUNTING_MS.md,15,Job Ticket (1)
answer_text,823,,823_COST_ACCOUNTING_MS.md,16,Profit and loss account (1)
answer_text,823,,823_COST_ACCOUNTING_MS.md,17,In certain contracts the contractee agrees to pay to the contractor the cost price (1)
answer_text,823,,823_COST_ACCOUNTING_MS.md,18,Homogeneous (1)
answer_text,823,,823_COST_ACCOUNTING_MS.md,19,Expenses (1)
answer_text,823,,823_COST_ACCOUNTING_MS.md,20,Production Cost (1)
answer_text,823,,823_COST_ACCOUNTING_MS.md,21,Standing Cost (1)
answer_text,823,,823_COST_ACCOUNTING_MS.md,29,Driver of the vehicle is provided with a log book that contains various log sheets. (2)
answer_text,823,,823_COST_ACCOUNTING_MS.md,30,Running Cost: These types of cost are incurred based on the running of the (2)
answer_text,823,,823_COST_ACCOUNTING_MS.md,32,A batch refers to the bunch of identical items of products or components. Batch (3)
answer_text,823,,823_COST_ACCOUNTING_MS.md,33,Objectives of job costing are as follows: (3)
answer_text,823,,823_COST_ACCOUNTING_MS.md,39,"Sol. In Process I, transfer to process II is RS 36,000 @ RS 1 per unit (5)"
mcq_key,812,,812_MARKETING_MS.md,7,A
mcq_key,812,,812_MARKETING_MS.md,8,A
mcq_key,812,,812_MARKETING_MS.md,12,D
mcq_key,812,,812_MARKETING_MS.md,13,B
mcq_key,812,,812_MARKETING_MS.md,16,C
mcq_key,812,,812_MARKETING_MS.md,17,D
mcq_key,812,,812_MARKETING_MS.md,18,A
mcq_key,812,,812_MARKETING_MS.md,32,A
mcq_key,812,,812_MARKETING_MS.md,41,A
answer_text,812,,812_MARKETING_MS.md,9,Select Save option from the file menu (2)
answer_text,812,,812_MARKETING_MS.md,14,A)Product Modification (1)
answer_text,812,,812_MARKETING_MS.md,15,A)High price (1)
answer_text,812,,812_MARKETING_MS.md,29,"For mass awareness advertising, sales promotion&public relations be adopted 1mark (2)"
answer_text,812,,812_MARKETING_MS.md,34,Todetermine firm’s competitive position (3)
answer_text,812,,812_MARKETING_MS.md,36,In depth coverage (3)
answer_text,836,,836_LIBRARY_INFORMATION_SCIENCE_MS.md,8,Four steps to insert a text box in a slide are- 2
answer_text,836,,836_LIBRARY_INFORMATION_SCIENCE_MS.md,9,Two traits of extraversion personality- ½ 2
answer_text,836,,836_LIBRARY_INFORMATION_SCIENCE_MS.md,10,Four green jobs in building and construction field are- ½ 2
answer_text,836,,836_LIBRARY_INFORMATION_SCIENCE_MS.md,11,Chemist Shop or Pharmacy is an example for trading 2 2
answer_text,836,,836_LIBRARY_INFORMATION_SCIENCE_MS.md,13,Job Requirement (1)
answer_text,836,,836_LIBRARY_INFORMATION_SCIENCE_MS.md,14,Expenditure (1)
answer_text,836,,836_LIBRARY_INFORMATION_SCIENCE_MS.md,27,"The directory section of a MARC Record contains the tag, starting location, and length of (2)"
answer_text,836,,836_LIBRARY_INFORMATION_SCIENCE_MS.md,33,Selection aids required to develop collection in the library (Any three from the (3)
answer_text,836,,836_LIBRARY_INFORMATION_SCIENCE_MS.md,46,"Under the category of human factors, the barriers of communication could be (5)"
answer_text,820,,820_ELECTRONICS_TECHNOLOGY_MS.md,8,Four steps to insert a text box in a slide are- 2
answer_text,820,,820_ELECTRONICS_TECHNOLOGY_MS.md,9,Two traits of extraversion personality- ½ 2
answer_text,820,,820_ELECTRONICS_TECHNOLOGY_MS.md,10,Four green jobs in building and construction field are- ½ 2
answer_text,820,,820_ELECTRONICS_TECHNOLOGY_MS.md,11,Chemist Shop or Pharmacy is an example for trading 2 2
answer_text,820,,820_ELECTRONICS_TECHNOLOGY_MS.md,12,The low frequency loudspeaker is known as _________________. (1)
answer_text,820,,820_ELECTRONICS_TECHNOLOGY_MS.md,13,What is HDTV? (1)
answer_text,820,,820_ELECTRONICS_TECHNOLOGY_MS.md,15,Draw the frequency characteristics of practical loudspeaker. (1)
answer_text,820,,820_ELECTRONICS_TECHNOLOGY_MS.md,42,Write various advantages and disadvantages of optical recording and magnetic recording (5)
answer_text,828,,828_MEDICAL_DIAGNOSITCS_MS.md,6,The key to environmental protection is to prevent the degradation of the _________ which (1)
answer_text,828,,828_MEDICAL_DIAGNOSITCS_MS.md,7,Write the differences between Hearing and listening. (2)
answer_text,828,,828_MEDICAL_DIAGNOSITCS_MS.md,8,Enumerate any four basic personality traits. (2)
answer_text,828,,828_MEDICAL_DIAGNOSITCS_MS.md,9,Name two software that can be used to create presentation. (2)
answer_text,828,,828_MEDICAL_DIAGNOSITCS_MS.md,27,Enumerate two types of process that can be done by using cell separator in blood (2)
answer_text,828,,828_MEDICAL_DIAGNOSITCS_MS.md,28,Write down the uses of incubator in blood bank. (2)
answer_text,828,,828_MEDICAL_DIAGNOSITCS_MS.md,29,Write down the properties of good cytological fixatives. (2)
answer_text,828,,828_MEDICAL_DIAGNOSITCS_MS.md,33,Enumerate the records that can be kept in blood bank. (3)
answer_text,828,,828_MEDICAL_DIAGNOSITCS_MS.md,34,Write down the uses and working principle of hot air oven. (3)
answer_text,821,,821_MEDIA_MS.md,8,Four steps to insert a text box in a slide are- 2
answer_text,821,,821_MEDIA_MS.md,9,Two traits of extraversion personality- ½ 2
answer_text,821,,821_MEDIA_MS.md,10,Four green jobs in building and construction field are- ½ 2
answer_text,821,,821_MEDIA_MS.md,11,Chemist Shop or Pharmacy is an example for trading 2 2
answer_text,821,,821_MEDIA_MS.md,12,Rendering is part of ______________process. (1)
answer_text,821,,821_MEDIA_MS.md,13,"The __________ helps to finalize the development of the storyline, and is an (1)"
answer_text,821,,821_MEDIA_MS.md,40,Describe the following (5)
answer_text,821,,821_MEDIA_MS.md,41,Describe the graph editor and mention the names of the tangents? (5)
answer_text,821,,821_MEDIA_MS.md,42,Describe the process of creating a motion path animation. (5)
answer_text,805,,805_FINANCIAL_MARKET_MANAGEMENT_MS.md,5,Entrepreneurship is a process of_______ (1)
answer_text,805,,805_FINANCIAL_MARKET_MANAGEMENT_MS.md,6,Green jobs are required to (1)
answer_text,805,,805_FINANCIAL_MARKET_MANAGEMENT_MS.md,7,Describe Active listening? (2)
answer_text,805,,805_FINANCIAL_MARKET_MANAGEMENT_MS.md,8,Why Self-Motivation is important? (2)
answer_text,805,,805_FINANCIAL_MARKET_MANAGEMENT_MS.md,9,Write the few components of Open Office Impress Window? (2)
answer_text,805,,805_FINANCIAL_MARKET_MANAGEMENT_MS.md,10,What are the key problems an Entrepreneur may face while running a business? (2)
answer_text,805,,805_FINANCIAL_MARKET_MANAGEMENT_MS.md,11,What is the role of Green Job in toxin free House? (2)
answer_text,805,,805_FINANCIAL_MARKET_MANAGEMENT_MS.md,12,Define Index? (1)
answer_text,805,,805_FINANCIAL_MARKET_MANAGEMENT_MS.md,13,Extend the term IEPF? (1)
answer_text,805,,805_FINANCIAL_MARKET_MANAGEMENT_MS.md,14,Define Open Book? (1)
answer_text,805,,805_FINANCIAL_MARKET_MANAGEMENT_MS.md,28,Whose are called Arbitrageur? (2)
answer_text,805,,805_FINANCIAL_MARKET_MANAGEMENT_MS.md,29,Define Intrinsic Value of Option? (2)
answer_text,805,,805_FINANCIAL_MARKET_MANAGEMENT_MS.md,30,Define Out of the Money? (2)
answer_text,805,,805_FINANCIAL_MARKET_MANAGEMENT_MS.md,31,Under What condition the relevant authority suspend the business of trading (3)
answer_text,805,,805_FINANCIAL_MARKET_MANAGEMENT_MS.md,32,What is Contract Note? Write the information detail mentioned on the contract Note? (3)
answer_text,805,,805_FINANCIAL_MARKET_MANAGEMENT_MS.md,33,Describe order cancellation functionality? (3)
answer_text,805,,805_FINANCIAL_MARKET_MANAGEMENT_MS.md,37,"Describe the Application “OverpricedFuture, Buy Spot, and Sell Future’. (3)"
answer_text,805,,805_FINANCIAL_MARKET_MANAGEMENT_MS.md,38,Explain Surrender of Trading Membership? (5)
answer_text,805,,805_FINANCIAL_MARKET_MANAGEMENT_MS.md,41,Explain VaR Margin in Detail? (5)
answer_text,805,,805_FINANCIAL_MARKET_MANAGEMENT_MS.md,42,Explain The Depositary Act.1996 in Detail? (5)
answer_text,818,,818_GEOSPATIAL_TECHNOLOGY_MS.md,7,"Declarative, Interrogative, Exclamatory, Imperative. (2)"
answer_text,818,,818_GEOSPATIAL_TECHNOLOGY_MS.md,8,"Enduring set of traits. These traits are made up of emotional, behavioral and mental (2)"
answer_text,818,,818_GEOSPATIAL_TECHNOLOGY_MS.md,10,Values are qualities and principles which make a person think and act in a certain (1+1=2)
answer_text,818,,818_GEOSPATIAL_TECHNOLOGY_MS.md,11,It offers new tourism paradigm. Tourist buy experience not product. This tourism (2)
answer_text,818,,818_GEOSPATIAL_TECHNOLOGY_MS.md,12,To measure the velocity of a target. (1)
answer_text,818,,818_GEOSPATIAL_TECHNOLOGY_MS.md,13,Microwave region. (1)
answer_text,818,,818_GEOSPATIAL_TECHNOLOGY_MS.md,14,Location (1)
answer_text,818,,818_GEOSPATIAL_TECHNOLOGY_MS.md,15,Legality (1)
answer_text,818,,818_GEOSPATIAL_TECHNOLOGY_MS.md,16,Overlay (1)
answer_text,818,,818_GEOSPATIAL_TECHNOLOGY_MS.md,17,Point (1)
answer_text,818,,818_GEOSPATIAL_TECHNOLOGY_MS.md,18,Locational errors. (1)
answer_text,818,,818_GEOSPATIAL_TECHNOLOGY_MS.md,20,Ephemeris or orbital error (1)
answer_text,818,,818_GEOSPATIAL_TECHNOLOGY_MS.md,21,Trilateration (1)
answer_text,818,,818_GEOSPATIAL_TECHNOLOGY_MS.md,22,"Maps, information, software, hardware, procedures, people. Any two. (1)"
answer_text,818,,818_GEOSPATIAL_TECHNOLOGY_MS.md,35,It works by cancelling out most of the natural and manmade errors. Mention its (3)
answer_text,818,,818_GEOSPATIAL_TECHNOLOGY_MS.md,36,"Enhance the quality, increases the productivity, improves accuracy, saves time etc. (3)"
answer_text,818,,818_GEOSPATIAL_TECHNOLOGY_MS.md,37,"Expansion of mobile technology from the office to the field. 1. Creates, edit, uses GIS"
answer_text,818,,818_GEOSPATIAL_TECHNOLOGY_MS.md,38,RADAR is a remote sensing sensor works in microwave range. Explain with diagram. Page (5)
answer_text,818,,818_GEOSPATIAL_TECHNOLOGY_MS.md,39,A process of automatically categorization of all pixels in an image into different land cover (5)
answer_text,818,,818_GEOSPATIAL_TECHNOLOGY_MS.md,40,"Most widely used method to reveal spatial relationships. Also known as line, arc, node data (5)"
answer_text,818,,818_GEOSPATIAL_TECHNOLOGY_MS.md,41,"Query, Dissolve, Overlay, Merge, Buffer analysis, TIN. Explain any five. Page no. 76-85, (5)"
answer_text,822,,822_TAXATION_MS.md,6,Green jobs are required to (1)
answer_text,822,,822_TAXATION_MS.md,7,Describe Active listening? (2)
answer_text,822,,822_TAXATION_MS.md,8,Why is Self-Motivation important? (2)
answer_text,822,,822_TAXATION_MS.md,9,Write the few components of Open Office Impress Window? (2)
answer_text,822,,822_TAXATION_MS.md,10,What are the key problems an Entrepreneur may face while running a business? (2)
answer_text,822,,822_TAXATION_MS.md,11,What is the role of Green Job in toxin free House? (2)
answer_text,822,,822_TAXATION_MS.md,12,What is the nature of deduction u/s 80GG? (1)
answer_text,822,,822_TAXATION_MS.md,13,On which payments is the section 194B applicable? (1)
answer_text,822,,822_TAXATION_MS.md,25,What are the conditions to claim rebate u/s 87A? (2)
answer_text,822,,822_TAXATION_MS.md,26,What are the certificates required to be issued by the deductor of TDS? (2)
answer_text,822,,822_TAXATION_MS.md,27,Compare zero rated supplies with exempted supplies. (2)
answer_text,822,,822_TAXATION_MS.md,28,Who can claim deduction u/s 80TTB? (2)
answer_text,822,,822_TAXATION_MS.md,29,Write a short note on GST council. (2)
answer_text,822,,822_TAXATION_MS.md,34,What are the due dates for the payment of advance tax? (3)
answer_text,822,,822_TAXATION_MS.md,35,Explain the Provisions of Section 194J i.e. TDS on payment for professional or technical (3)
answer_text,822,,822_TAXATION_MS.md,1,AnypersonotherthananindividualoraHUFisrequiredtodeducttax@10%on professional or
answer_text,822,,822_TAXATION_MS.md,2,The obligation to deduct TDS shall arise at the time of payment orcredit
answer_text,822,,822_TAXATION_MS.md,3,"Thisobligationshallariseiftheaggregateofsuchfeesgiventoapersonexceeds Rs. 30,000 in a"
answer_text,822,,822_TAXATION_MS.md,4,"Rate ofTax: Theprescribedrateis10%.Nosurcharge,educationcessorSHECshallbe added."
answer_text,822,,822_TAXATION_MS.md,36,"What do you mean by input Tax credit? Also explain, the manner in which it is utilized? (3)"
answer_text,822,,822_TAXATION_MS.md,40,What are the challenges that were faced during the implementation of GST? (5)
answer_text,822,,822_TAXATION_MS.md,5,Training of Officials and Trade &Industry
answer_text,816,,816_HORTICULTURE_MS.md,8,Four steps to insert a text box in a slide are- 2
answer_text,816,,816_HORTICULTURE_MS.md,9,Two traits of extraversion personality- ½ 2
answer_text,816,,816_HORTICULTURE_MS.md,10,Four green jobs in building and construction field are- ½ 2
answer_text,816,,816_HORTICULTURE_MS.md,11,Chemist Shop or Pharmacy is an example for trading 2 2
answer_text,816,,816_HORTICULTURE_MS.md,1,Pothos/Money Plant and Dieffenbachia (1)
answer_text,816,,816_HORTICULTURE_MS.md,2,Asteraceae (1)
answer_text,816,,816_HORTICULTURE_MS.md,3,Rose (1)
answer_text,816,,816_HORTICULTURE_MS.md,20,Advantages of Computer Aided Design (3)
answer_text,816,,816_HORTICULTURE_MS.md,21,Employment avenues in floriculture sector (3)
answer_text,816,,816_HORTICULTURE_MS.md,22,"Outdoor room concept: Just like the interior of our homes, these outdoor spaces reflect (3)"
answer_text,816,,816_HORTICULTURE_MS.md,23,Methods of drying flowers (3)
answer_text,816,,816_HORTICULTURE_MS.md,28,Post harvest factors affecting vase life of cut flowers are (5)
answer_text,816,,816_HORTICULTURE_MS.md,29,Different features of gardens (5)
answer_text,816,,816_HORTICULTURE_MS.md,30,Ikebana: The Japanese method of flower arrangement is known as Ikebana. (5)
answer_text,816,,816_HORTICULTURE_MS.md,31,Commercial cultivation of marigold (5)
answer_text,813,,813_HEALTH_CARE_MS.md,6,The key to environmentalprotection is to preventthe degradation of the (1)
answer_text,813,,813_HEALTH_CARE_MS.md,7,Write the differences between Hearing and listening. (2
answer_text,813,,813_HEALTH_CARE_MS.md,8,Enumerate any four basic personality traits. (2
answer_text,813,,813_HEALTH_CARE_MS.md,9,Name two software that can be used to create presentation. (2
answer_text,813,,813_HEALTH_CARE_MS.md,10,What should you keep in your mind while understanding your competitors in any (2
answer_text,813,,813_HEALTH_CARE_MS.md,24,Write down four purposes of Documentation. (2)
answer_text,813,,813_HEALTH_CARE_MS.md,25,Write short note about color coding in biomedical waste management. (2)
answer_text,813,,813_HEALTH_CARE_MS.md,26,Enumerate four zones of operation theater. (2)
answer_text,813,,813_HEALTH_CARE_MS.md,27,Enumerate four benefits of drills. (2)
answer_text,813,,813_HEALTH_CARE_MS.md,28,What is the difference between infants and toddler? (2)
answer_text,813,,813_HEALTH_CARE_MS.md,29,Enumerate four basic problems of bones in elderly. (2)
answer_text,813,,813_HEALTH_CARE_MS.md,30,Enumerate four diseases that can be caused due to stress. (2)
answer_text,813,,813_HEALTH_CARE_MS.md,35,In any emergency situation of fire how first aid can be provided? (3)
answer_text,813,,813_HEALTH_CARE_MS.md,36,Enumerate three abilities that you should have as a critical thinker. (3)
answer_text,813,,813_HEALTH_CARE_MS.md,37,Which kinds of problems can arise in gastrointestinal problems of elderly people?
answer_text,813,,813_HEALTH_CARE_MS.md,38,How the medical records can be maintained? (5)
answer_text,813,,813_HEALTH_CARE_MS.md,41,Enumerate the basic precautions that should be taken for patients before sending (5)
answer_text,813,,813_HEALTH_CARE_MS.md,42,How should you communicate with an elderly people?
answer_text,832,,832_MUSIC_PRODUCTION_MS.md,4,Customer needs and Competitive Business are the part of __________ in a business (1)
answer_text,832,,832_MUSIC_PRODUCTION_MS.md,5,"In our daily lives we do household work, that releases ________________ into the (1)"
answer_text,832,,832_MUSIC_PRODUCTION_MS.md,6,A good inspiring piece touches everybody’s heart. (1)
answer_text,832,,832_MUSIC_PRODUCTION_MS.md,8,What are expansive thoughts? (2)
answer_text,832,,832_MUSIC_PRODUCTION_MS.md,9,Give the difference between the Slide show view and Slide sorter view. (2)
answer_text,832,,832_MUSIC_PRODUCTION_MS.md,10,Why business plan is important for an entrepreneur? List down four reasons. (2)
answer_text,832,,832_MUSIC_PRODUCTION_MS.md,26,What is the other name given to the PIN 1? Why it is slightly longer than PIN2 and PIN3? (2)
answer_text,832,,832_MUSIC_PRODUCTION_MS.md,27,Write the key command to open a audio track and a software track in logic pro. (2)
answer_text,832,,832_MUSIC_PRODUCTION_MS.md,28,What is the advantage of using balanced wiring? (2)
answer_text,832,,832_MUSIC_PRODUCTION_MS.md,29,Write a key command to open vsti window and a key command to split a track in neundo. (2)
answer_text,832,,832_MUSIC_PRODUCTION_MS.md,30,What do you understand by safe work practice in O.H.S? (2)
answer_text,832,,832_MUSIC_PRODUCTION_MS.md,31,What is the function of an oscillator in console? (3)
answer_text,832,,832_MUSIC_PRODUCTION_MS.md,32,Match the following with their symbols (3)
answer_text,832,,832_MUSIC_PRODUCTION_MS.md,33,What are the general guidelines when using a soldering iron? (3)
answer_text,832,,832_MUSIC_PRODUCTION_MS.md,34,How do you find multi meter more useful comparatively to cable tester? (3)
answer_text,832,,832_MUSIC_PRODUCTION_MS.md,35,What is power? (3)
answer_text,832,,832_MUSIC_PRODUCTION_MS.md,41,How the Fuse rating is done and what are the fundamental types of fuse failure? (5)
answer_text,832,,832_MUSIC_PRODUCTION_MS.md,42,"It is not necessary that individuals need to protect themselves from 10,000 volts, even 42 (5)"
answer_text,832,,832_MUSIC_PRODUCTION_MS.md,1,The Slide Show view is used to display a presentation slide-by-slide in full screen
answer_text,801,,801_RETAIL_MS.md,6,Name any one entrepreneurial competency. (1)
answer_text,801,,801_RETAIL_MS.md,7,What are the attributes of an active listener? (2)
answer_text,801,,801_RETAIL_MS.md,8,Define paranoid and schizoid personality disorders. (2)
answer_text,801,,801_RETAIL_MS.md,9,What are the steps to insert a text box in a slide? (2)
answer_text,801,,801_RETAIL_MS.md,10,List any two barriers to entrepreneurship. (2)
answer_text,801,,801_RETAIL_MS.md,11,Who are energy auditors and chief sustainability officers? (2)
answer_text,801,,801_RETAIL_MS.md,12,The ability to recruit good sales people is one of the key traits an effective sales supervisor (1)
answer_text,801,,801_RETAIL_MS.md,13,Purchase and sale of goods between consumers and retailers using the internet is also (1)
answer_text,801,,801_RETAIL_MS.md,14,Define retail POS. (1)
answer_text,801,,801_RETAIL_MS.md,15,What is back office server? (1)
answer_text,801,,801_RETAIL_MS.md,16,What can be done by bar-code scanner? (1)
answer_text,801,,801_RETAIL_MS.md,17,Why do we need magnetic stripe readers? (1)
answer_text,801,,801_RETAIL_MS.md,29,Draw comparison between wholesale billing and retail billing. (2)
answer_text,801,,801_RETAIL_MS.md,30,Describe two considerations for preparing physical inventory.
answer_text,801,,801_RETAIL_MS.md,31,What is Telecom Retail Billing? (3)
answer_text,801,,801_RETAIL_MS.md,32,What is Swipe Card Reader Interface ? (3)
answer_text,801,,801_RETAIL_MS.md,33,What can be achieved by a well planned sale or promotion? (3)
answer_text,801,,801_RETAIL_MS.md,34,Discuss three B2C marketing strategies. (3)
answer_text,801,,801_RETAIL_MS.md,38,How can we ensure good return from telemarketing investment? (5)
answer_text,801,,801_RETAIL_MS.md,39,Describe the process of point of sale. (5)
answer_text,801,,801_RETAIL_MS.md,41,Describe the characteristics of accounting. (5)
answer_text,801,,801_RETAIL_MS.md,42,Discuss the functions of accounting.
mcq_key,810,,810_FRONT_OFFICE_OPERATIONS_MS.md,13,A
answer_text,810,,810_FRONT_OFFICE_OPERATIONS_MS.md,7,Communication is the act of conveying meanings from one 2 2
answer_text,810,,810_FRONT_OFFICE_OPERATIONS_MS.md,8,It increases individual’s energy and activity. 2 2
answer_text,810,,810_FRONT_OFFICE_OPERATIONS_MS.md,9,A presentation is a systematic display of information. It 2 2
answer_text,810,,810_FRONT_OFFICE_OPERATIONS_MS.md,10,"Entrepreneurship has been described as the ""capacity and 2 2"
answer_text,810,,810_FRONT_OFFICE_OPERATIONS_MS.md,11,Green jobs are those jobs that are done keeping the environment 2 2
answer_text,810,,810_FRONT_OFFICE_OPERATIONS_MS.md,12,The Statler hotel. 1 1
answer_text,810,,810_FRONT_OFFICE_OPERATIONS_MS.md,14,The Indian Hotel Company ( IHC)
answer_text,810,,810_FRONT_OFFICE_OPERATIONS_MS.md,15,Late Rai Bahadur Mohan Singh Oberoi
answer_text,810,,810_FRONT_OFFICE_OPERATIONS_MS.md,16,Non-guaranteed reservation is when the hotel agrees to hold a room
answer_text,810,,810_FRONT_OFFICE_OPERATIONS_MS.md,28,A guest who doesn’t arrive to pick up the reservation and for 1
answer_text,810,,810_FRONT_OFFICE_OPERATIONS_MS.md,30,Importance of security records in hotels:
answer_text,810,,810_FRONT_OFFICE_OPERATIONS_MS.md,36,Characteristics of green hotels:
answer_text,810,,810_FRONT_OFFICE_OPERATIONS_MS.md,37,Stay ahead of competition: A green hotel can gain competitive 3x1 3
answer_text,810,,810_FRONT_OFFICE_OPERATIONS_MS.md,40,Tentative Reservation: 5x1 5
answer_text,806,,806_TOURISM_MS.md,7,Describe active listening? (2)
answer_text,806,,806_TOURISM_MS.md,8,Why self motivation is important? (2)
answer_text,806,,806_TOURISM_MS.md,9,Write the few components of Open Office Impress Window? (2)
answer_text,806,,806_TOURISM_MS.md,10,What are the key Problems an Entrepreneur may face while running a business? (2)
answer_text,806,,806_TOURISM_MS.md,11,What is the role of Green Job in Toxin free House? (2)
answer_text,806,,806_TOURISM_MS.md,12,Expand the term TAAI. (1)
answer_text,806,,806_TOURISM_MS.md,13,Who is known as the father of Travel Agency Business? (1)
answer_text,806,,806_TOURISM_MS.md,14,Write two examples of Air transport? (1)
answer_text,806,,806_TOURISM_MS.md,26,Explain LCC. With suitable example. (2)
answer_text,806,,806_TOURISM_MS.md,27,Explain the term FIT? (2)
answer_text,806,,806_TOURISM_MS.md,28,Discuss the concept Ground Handling service. (2)
answer_text,806,,806_TOURISM_MS.md,29,Write the meaning of costing. List down various types of the same. (2)
answer_text,806,,806_TOURISM_MS.md,30,What are the benefits of professional bodies for tourism industry? (2)
answer_text,806,,806_TOURISM_MS.md,31,Discuss the functions of travel agency. (3)
answer_text,806,,806_TOURISM_MS.md,32,Define Travel Agents? (3)
answer_text,806,,806_TOURISM_MS.md,33,What are the pre-requirements for Itinerary Preparation? (3)
answer_text,806,,806_TOURISM_MS.md,39,Explain the different types of cruise lines. (5)
answer_text,806,,806_TOURISM_MS.md,40,Explain the components of package tours. (5)
answer_text,806,,806_TOURISM_MS.md,41,Discuss the pricing strategies in tour packages. (5)
answer_text,806,,806_TOURISM_MS.md,42,What is the procedure for establishing travel agency/tour operations as per the (5)
answer_text,806,,806_TOURISM_MS.md,1,It increases the individual’s energy and activity.
answer_text,824,,824_Office_Proc_Prac_MS.md,7,Your friend wants to apply for a Data Entry Operator Job. Suggest him the important (2)
answer_text,824,,824_Office_Proc_Prac_MS.md,8,"How many personality types, traits and disorders are there? (2)"
answer_text,824,,824_Office_Proc_Prac_MS.md,9,Write down the steps to remove Animation Effects? (2)
answer_text,824,,824_Office_Proc_Prac_MS.md,10,Write any two questions an entrepreneur often thinks while starting and running a (2)
answer_text,824,,824_Office_Proc_Prac_MS.md,15,Two characteristics of a good filing system are __________and (0.5+0.5=1)
answer_text,824,,824_Office_Proc_Prac_MS.md,16,Chronological Classification of Filing means arranging records in (1)
answer_text,824,,824_Office_Proc_Prac_MS.md,17,There are various ways to store our e-files. Name any two. (0.5+0.5=1)
answer_text,824,,824_Office_Proc_Prac_MS.md,18,An __________ is a programme of the items of the business to be discussed at a (1)
answer_text,824,,824_Office_Proc_Prac_MS.md,19,What is a “Casting Vote”? (1)
answer_text,824,,824_Office_Proc_Prac_MS.md,21,Which type of deposit account is usually maintained by a businessman to (1)
answer_text,824,,824_Office_Proc_Prac_MS.md,22,What do you understand by “Bearer Cheque”? (1)
answer_text,824,,824_Office_Proc_Prac_MS.md,23,"Banks provide _________ facility to their customers so as to keep their valuables, (1)"
answer_text,824,,824_Office_Proc_Prac_MS.md,30,Write the full form of: (1x2=2)
answer_text,824,,824_Office_Proc_Prac_MS.md,35,What documents are necessarily needed for an overseas business tour? (1x3=3)
answer_text,824,,824_Office_Proc_Prac_MS.md,42,Outline step by step procedure for booking online train reservation from Delhi to (5)
answer_text,817,,817_Typography_Comp_Appl_SQP_MS.md,2,Books are the _______________. (1)
answer_text,817,,817_Typography_Comp_Appl_SQP_MS.md,5,Engaging in positive and skill enhancing activities keeps our spirits ___________. (1)
answer_text,817,,817_Typography_Comp_Appl_SQP_MS.md,38,Define Memorandum. Explain its features. (5)
answer_text,817,,817_Typography_Comp_Appl_SQP_MS.md,39,Explain the points to be kept in view at the time of typewriting a fair copy from (5)
answer_text,817,,817_Typography_Comp_Appl_SQP_MS.md,42,Explain in detail the various „View Options‟ available in Power Point Presentation. (5)
answer_text,817,,817_Typography_Comp_Appl_SQP_MS.md,1,Select Animation tab -> Transition to this side.
answer_text,803,,803_WEB_APPLICATION_SQP_MS.md,5,Green tourism makes an optimal use of __________________. (1)
answer_text,803,,803_WEB_APPLICATION_SQP_MS.md,7,You want to join the computer course in an institute. Write an e-mail using appropriate format (2)
answer_text,803,,803_WEB_APPLICATION_SQP_MS.md,8,What is the common personality disorder? (2)
answer_text,803,,803_WEB_APPLICATION_SQP_MS.md,9,What do you mean by Handouts in presentation software? (2)
answer_text,803,,803_WEB_APPLICATION_SQP_MS.md,10,Who is entrepreneur? (2)
answer_text,803,,803_WEB_APPLICATION_SQP_MS.md,19,Variables in Java Script can be defined using_____keyword. (1)
answer_text,803,,803_WEB_APPLICATION_SQP_MS.md,20,A___________is a classification of the type of data that a variable or object can hold. (1)
answer_text,803,,803_WEB_APPLICATION_SQP_MS.md,21,Numbers in Java Script are in double precision____________ bit format. (1)
answer_text,803,,803_WEB_APPLICATION_SQP_MS.md,22,There is a built in object called ____ to handle more advanced mathematical functions and (1)
answer_text,803,,803_WEB_APPLICATION_SQP_MS.md,23,Bitwise ______ operator operates by reversing all bits in the opened. (1)
answer_text,803,,803_WEB_APPLICATION_SQP_MS.md,24,Explain two non-destructive and non-linear tools for video editing. (2)
answer_text,803,,803_WEB_APPLICATION_SQP_MS.md,25,Name and explain two views available in Windows Movie Maker while making a movie. (2)
answer_text,803,,803_WEB_APPLICATION_SQP_MS.md,26,Differentiate between spilt clips and trim clips with respect to Windows Movie Maker. (2)
answer_text,803,,803_WEB_APPLICATION_SQP_MS.md,27,Explain any two advantages of using multimedia on web pages. (2)
answer_text,803,,803_WEB_APPLICATION_SQP_MS.md,33,Explain the term Multimedia. Differentiate between raster and vector graphics. (3)
answer_text,803,,803_WEB_APPLICATION_SQP_MS.md,34,Explain the following with respect to Java script using suitable example. (3)
answer_text,803,,803_WEB_APPLICATION_SQP_MS.md,35,Explain anonymous functions in JavaScript with an example. (3)
answer_text,803,,803_WEB_APPLICATION_SQP_MS.md,39,"Give any two ways to embed flash files into a web page. Explain .mpeg, .wav and .cgm file (5)"
answer_text,803,,803_WEB_APPLICATION_SQP_MS.md,40,"Write a code in Java Script to accept a string from the user, the program should: (5)"
answer_text,803,,803_WEB_APPLICATION_SQP_MS.md,41,Write the code in JavaScript to accept a number from the user. It should display whether (5)
answer_text,803,,803_WEB_APPLICATION_SQP_MS.md,42,Give the output of the following code snippet with justification : (5)
answer_text,834,,834_FOOD_NUTRITION_DIETETICS_MS.md,9,"Plant a tree, reuse/recycle/reduce, use the off buttons, use less reconditioning.(any 2) (1+1)"
answer_text,834,,834_FOOD_NUTRITION_DIETETICS_MS.md,36,Blood Systolic blood pressure Diastolic blood pressure 1+1+1
answer_text,834,,834_FOOD_NUTRITION_DIETETICS_MS.md,46,Foods that can be used liberally and best avoided in the diet of an individual suffering from (5)
answer_text,827,,827_AIR_CON_REFRI_MS.md,4,Identify the types of Business Activities. (1)
answer_text,827,,827_AIR_CON_REFRI_MS.md,6,Personality is relatively enduring set of______________________. (1)
answer_text,827,,827_AIR_CON_REFRI_MS.md,7,How is the Active Listening important for a worker? (2)
answer_text,827,,827_AIR_CON_REFRI_MS.md,8,Describe physiological motivation? (2)
answer_text,827,,827_AIR_CON_REFRI_MS.md,9,Write down the steps to change the row height. (2)
answer_text,827,,827_AIR_CON_REFRI_MS.md,10,Discuss any two types of customer needs. (2)
answer_text,827,,827_AIR_CON_REFRI_MS.md,23,A.H.U. is used in an_________air-conditioning system. (1)
answer_text,827,,827_AIR_CON_REFRI_MS.md,24,Explain cooling with adiabatic humidification and show the process on psychrometric (2)
answer_text,827,,827_AIR_CON_REFRI_MS.md,25,What do you mean by cooling load and air-quantities? (2)
answer_text,827,,827_AIR_CON_REFRI_MS.md,26,Explain the function of a Drier used in a refrigeration system. (2)
answer_text,827,,827_AIR_CON_REFRI_MS.md,27,What is brine? Explain why it is used in refrigeration? (2)
answer_text,827,,827_AIR_CON_REFRI_MS.md,28,Explain the function of overload protector in a refrigerator. (2)
answer_text,827,,827_AIR_CON_REFRI_MS.md,33,What is a Refrigerant? Explain the properties of Ammonia (NH3 ) as refrigerant. (3)
answer_text,827,,827_AIR_CON_REFRI_MS.md,34,Explain different methods which are used for defrosting. (3)
answer_text,827,,827_AIR_CON_REFRI_MS.md,35,Explain current type starting relay with a neat sketch. Where it is commonly used. (3)
answer_text,827,,827_AIR_CON_REFRI_MS.md,39,Write the names of different refrigerant control devices. Give advantages and (5)
answer_text,827,,827_AIR_CON_REFRI_MS.md,40,Where and why a high pressure cut-out is used? Explain the working of a H.P. cut-out with (5)
answer_text,827,,827_AIR_CON_REFRI_MS.md,41,What are the different commercial applications of refrigeration? Draw a layout of an Ice- (5)
answer_text,827,,827_AIR_CON_REFRI_MS.md,42,What is an Air-conditioning system? Give classification of Air-conditioning systems. (5)
mcq_key,802,,802_INFORMATION_TECHNOLOGY_MS.md,42,A
answer_text,802,,802_INFORMATION_TECHNOLOGY_MS.md,4,"In _____________ form of business, the finished product can be directly sold to the customer. (1)"
answer_text,802,,802_INFORMATION_TECHNOLOGY_MS.md,5,Green building offers a chance to be part of the solution to ________________. (1)
answer_text,802,,802_INFORMATION_TECHNOLOGY_MS.md,6,Music is one of the source of __________________________. (1)
answer_text,802,,802_INFORMATION_TECHNOLOGY_MS.md,7,Explain the any two types of Verbal Phrases with the help of suitable examples. (2)
answer_text,802,,802_INFORMATION_TECHNOLOGY_MS.md,8,What is the source of self motivation? (2)
answer_text,802,,802_INFORMATION_TECHNOLOGY_MS.md,9,Write down the steps to insert picture from file. (2)
answer_text,802,,802_INFORMATION_TECHNOLOGY_MS.md,10,Differentiate between Manufacturing business and trading business. (2)
answer_text,802,,802_INFORMATION_TECHNOLOGY_MS.md,19,Which of the following is not an example of eGovernance? (1)
answer_text,802,,802_INFORMATION_TECHNOLOGY_MS.md,20,What are webinars? (1)
answer_text,802,,802_INFORMATION_TECHNOLOGY_MS.md,21,Finding of Bugs and Fixing them happens in ___________ . (1)
answer_text,802,,802_INFORMATION_TECHNOLOGY_MS.md,22,Choose the correct sequence to be followed while buying online. (1)
answer_text,802,,802_INFORMATION_TECHNOLOGY_MS.md,23,Predict the output of the following expression of the initial value of x is 5. (1)
answer_text,802,,802_INFORMATION_TECHNOLOGY_MS.md,29,Rewrite the following code using WHILE loop: (2)
answer_text,802,,802_INFORMATION_TECHNOLOGY_MS.md,30,Explain important phases of Web Application Development. (2)
answer_text,802,,802_INFORMATION_TECHNOLOGY_MS.md,31,What is the purpose of group by command? How is it different from Order by command? (3)
answer_text,802,,802_INFORMATION_TECHNOLOGY_MS.md,36,How are exceptions handled in Java? Explain with the help of a suitable example. (3)
answer_text,802,,802_INFORMATION_TECHNOLOGY_MS.md,37,State the potential areas of Work Integrated Learning in the field of education. (3)
answer_text,802,,802_INFORMATION_TECHNOLOGY_MS.md,1,Requirement Definition Phase: In this phase problem is identified for which the web
mcq_key,837,,837_FASHION_STUDIES_MS.md,29,A
mcq_key,837,,837_FASHION_STUDIES_MS.md,38,A
answer_text,837,,837_FASHION_STUDIES_MS.md,4,Explain any one value which makes an entrepreneur successful. (1)
answer_text,837,,837_FASHION_STUDIES_MS.md,5,Who conducts audit to determine energy efficiency in building/home? (1)
answer_text,837,,837_FASHION_STUDIES_MS.md,6,Self-motivation is important because (1)
answer_text,837,,837_FASHION_STUDIES_MS.md,7,What is the difference between Verbal and Non- Verbal Communication? (2)
answer_text,837,,837_FASHION_STUDIES_MS.md,8,What is influence of personality? Explain it. (2)
answer_text,837,,837_FASHION_STUDIES_MS.md,9,Write down the correct formula to calculate maximum marks of a student in a class. (2)
answer_text,837,,837_FASHION_STUDIES_MS.md,17,The concept of ________ ________ was introduced in corporate industry of US to relax on (1)
answer_text,837,,837_FASHION_STUDIES_MS.md,19,Give any two examples of shaped edges. (1)
answer_text,837,,837_FASHION_STUDIES_MS.md,20,An extension marked on shirt placket is: (1)
answer_text,837,,837_FASHION_STUDIES_MS.md,21,What are thermoplastic fibres? (1)
answer_text,837,,837_FASHION_STUDIES_MS.md,22,Greek Himation is a part of which category of clothes: (1)
answer_text,837,,837_FASHION_STUDIES_MS.md,23,The transfer of significant pattern notations to fabric is called as __________. (1)
answer_text,837,,837_FASHION_STUDIES_MS.md,24,"Discuss any two examples to support given statement, ‘History has instances where the (2)"
answer_text,837,,837_FASHION_STUDIES_MS.md,30,Suppose you have been asked to preshrink two fabrics with different cleaning requirements (2)
answer_text,837,,837_FASHION_STUDIES_MS.md,31,Explain the term ‘off shore manufacturing’. (2)
answer_text,837,,837_FASHION_STUDIES_MS.md,32,What are the benefits of applying underlining to a fabric? (2)
answer_text,837,,837_FASHION_STUDIES_MS.md,33,How will you take following measurements on a dress form? (3)
answer_text,837,,837_FASHION_STUDIES_MS.md,37,"Differentiate between clothing needs and preferences of new born, toddlers and teens. (3)"
answer_text,837,,837_FASHION_STUDIES_MS.md,39,Write steps of construction to prepare bias strip. (3)
answer_text,837,,837_FASHION_STUDIES_MS.md,43,Apparel fit is a complex issue but of a great importance for judging perfect clothing (5)
answer_text,837,,837_FASHION_STUDIES_MS.md,44,"By using measurement method, how will you convert two dart skirt into one dart skirt? (5)"
answer_text,829,,829_TEXTILE_DESIGN_MS.md,4,State how is adding substitutes important for the growth of any business? (1)
answer_text,829,,829_TEXTILE_DESIGN_MS.md,5,What do you mean by the term ‘prosumers’? (1)
answer_text,829,,829_TEXTILE_DESIGN_MS.md,6,Music is the language of – (1)
answer_text,829,,829_TEXTILE_DESIGN_MS.md,7,Explain any two types of sentences. (2)
answer_text,829,,829_TEXTILE_DESIGN_MS.md,8,Write in short about borderline. (2)
answer_text,829,,829_TEXTILE_DESIGN_MS.md,9,Explain conditional formatting with example? (2)
answer_text,829,,829_TEXTILE_DESIGN_MS.md,26,Write short note on Acid dyes. (2)
answer_text,829,,829_TEXTILE_DESIGN_MS.md,27,What are the specific features of Warp Print? (2)
answer_text,829,,829_TEXTILE_DESIGN_MS.md,28,Write short note on dot print and illustrate also. (2)
answer_text,829,,829_TEXTILE_DESIGN_MS.md,29,What are the precautions to be taken while doing Etching Technique? (2)
answer_text,829,,829_TEXTILE_DESIGN_MS.md,30,What are the different styles of motifs used in Kantha? (2)
answer_text,829,,829_TEXTILE_DESIGN_MS.md,34,Write a note on Animal prints and illustrate it. (3)
answer_text,829,,829_TEXTILE_DESIGN_MS.md,35,What are the differences between pigments and dyes ? (3)
answer_text,829,,829_TEXTILE_DESIGN_MS.md,36,"Write Dry Brush Technique in relevance to material required, steps, precautions and (3)"
answer_text,829,,829_TEXTILE_DESIGN_MS.md,39,Describe Bhandhani of Gujrat. What are the different textiles from Gujrat? (5)
answer_text,829,,829_TEXTILE_DESIGN_MS.md,40,What are different Block Printed Textiles of Rajasthan? Describe each of them with (5)
answer_text,829,,829_TEXTILE_DESIGN_MS.md,42,"Describe Phulkari in respect of Region, Technique, Motifs, style of embroidery and End (5)"
answer_text,811,,811_BANKING_MS.md,6,An _____determines what business activity an entrepreneur would take up to make (1)
answer_text,811,,811_BANKING_MS.md,7,State two points of difference between hearing and listening. (2)
answer_text,811,,811_BANKING_MS.md,8,List any two points of importance of self motivation. (2)
answer_text,811,,811_BANKING_MS.md,9,How can we reduce greenhouse gas emission by making some changes in our daily (2)
answer_text,811,,811_BANKING_MS.md,10,Briefly explain any two components of calc screen? (2)
answer_text,811,,811_BANKING_MS.md,11,"What values does a successful entrepreneur have? Write any two values, with examples? (2)"
answer_text,811,,811_BANKING_MS.md,14,Officers holding keys to the Drill door of the vault are called vault _____.( custodian) (1)
answer_text,811,,811_BANKING_MS.md,27,"Vishal invested Rs. 50,000 for 3 years @10% p.a. compounded annually. Find the total (2)"
answer_text,811,,811_BANKING_MS.md,31,State the difference between Bank Guarantee and letter of credit. (3)
answer_text,811,,811_BANKING_MS.md,39,What is ATM? What purpose does it serve? State any three uses of ATM.(1+2+2) (5)
answer_text,811,,811_BANKING_MS.md,40,Explain the need for adopting security measures for the protection of Bank property. State (5)
answer_text,811,,811_BANKING_MS.md,41,What are the tools used by RBI to control inflation? (5)
answer_text,811,,811_BANKING_MS.md,1,"Team building activities,2 Big and positive idea"
answer_text,831,,831_SALESMANSHIP_MS.md,8,Different kinds of Non-verbal communication:- (2)
answer_text,831,,831_SALESMANSHIP_MS.md,9,S:- Specific (2)
answer_text,831,,831_SALESMANSHIP_MS.md,11,Energy Auditors conduct hands-on tests in order to determine the source of poor (2)
answer_text,831,,831_SALESMANSHIP_MS.md,12,Production (1)
answer_text,831,,831_SALESMANSHIP_MS.md,13,Sales planning (1)
answer_text,831,,831_SALESMANSHIP_MS.md,14,Store based retailing (1)
answer_text,831,,831_SALESMANSHIP_MS.md,15,Sales Quota (1)
answer_text,831,,831_SALESMANSHIP_MS.md,16,Administrative Tasks (1)
answer_text,831,,831_SALESMANSHIP_MS.md,17,Sales Forecasting (1)
answer_text,831,,831_SALESMANSHIP_MS.md,18,India (1)
answer_text,831,,831_SALESMANSHIP_MS.md,19,Both a & b (1)
answer_text,831,,831_SALESMANSHIP_MS.md,20,All of the above (1)
answer_text,831,,831_SALESMANSHIP_MS.md,21,Departmental store (1)
answer_text,831,,831_SALESMANSHIP_MS.md,22,Sales person workload (1)
answer_text,831,,831_SALESMANSHIP_MS.md,23,Sales Management (1)
answer_text,831,,831_SALESMANSHIP_MS.md,24,Budget Sales Quota Classification:- (2)
answer_text,831,,831_SALESMANSHIP_MS.md,25,Problems faced in managing territory: (2)
answer_text,831,,831_SALESMANSHIP_MS.md,26,First two stages of Motivation:- (2)
answer_text,831,,831_SALESMANSHIP_MS.md,38,Steps in territory planning:- (5)
answer_text,831,,831_SALESMANSHIP_MS.md,39,Components of Motivation:- (5)
answer_text,831,,831_SALESMANSHIP_MS.md,40,Non compensation rewards:- (5)
answer_text,831,,831_SALESMANSHIP_MS.md,41,Factors affecting sales structure:- (5)
answer_text,831,,831_SALESMANSHIP_MS.md,42,"Sales person’s job not over even after getting an order ,reasons are:- (5)"
mcq_key,804,,804_AUTOMOTIVE_MS.md,36,A
answer_text,804,,804_AUTOMOTIVE_MS.md,7,Hearing is simply the act of perceiving the sound by ear. Listening however is something (2)
answer_text,804,,804_AUTOMOTIVE_MS.md,8,Communication is the act of conveying meanings from one entity or group to another (2)
answer_text,804,,804_AUTOMOTIVE_MS.md,9,Good self-motivation tips and techniques are: (2)
answer_text,804,,804_AUTOMOTIVE_MS.md,10,The various benefits include the following: (2)
answer_text,804,,804_AUTOMOTIVE_MS.md,11,The skills used for promoting green economy are known as green skills. These skills are (2)
answer_text,804,,804_AUTOMOTIVE_MS.md,12,Engine control Module (1)
answer_text,804,,804_AUTOMOTIVE_MS.md,13,A (1)
answer_text,804,,804_AUTOMOTIVE_MS.md,14,Slip Joint (1)
mcq_key,825,,825_Shorthand_Engish_MS.md,11,A
answer_text,814,,814_INSURANCE_MS.md,7,State any two points of importance of being good listener for insurance agent. (2)
answer_text,814,,814_INSURANCE_MS.md,8,Briefly explain any two advantages of using spreadsheet in agent‟s office? (2)
answer_text,814,,814_INSURANCE_MS.md,9,How does planting a tree helps in sustaining environment? (2)
answer_text,814,,814_INSURANCE_MS.md,10,How does dreaming big counted as a factor of one‟s inspiration? (2)
answer_text,814,,814_INSURANCE_MS.md,11,Define the meaning of a business idea. (2)
answer_text,814,,814_INSURANCE_MS.md,14,The history of Fire Insurance can be traced to the ___Century. .( XVI) (1)
answer_text,814,,814_INSURANCE_MS.md,17,"If the property is damaged or loss occurs due to fire because of ________ act of the owner, (1)"
answer_text,814,,814_INSURANCE_MS.md,27,What does the word cumulative bonus means? (2)
answer_text,814,,814_INSURANCE_MS.md,28,State the importance of Certificate of insurance in case of motor vehicle? (2)
answer_text,814,,814_INSURANCE_MS.md,30,What is the meaning of word burglary? (2)
answer_text,814,,814_INSURANCE_MS.md,31,Briefly explain the circumstances under which principle of indemnity is not strictly (3)
answer_text,814,,814_INSURANCE_MS.md,32,State appoints of difference any three points of difference between life and general (3)
answer_text,814,,814_INSURANCE_MS.md,33,"Rishabh insured his factory for Rupees 5Lakh against fire. Due to fire, he suffered a loss of (3)"
answer_text,814,,814_INSURANCE_MS.md,40,Enumerate the procedures involved in settling Third Party Liability Claims. (5)
answer_text,814,,814_INSURANCE_MS.md,41,What is meant by term Sale contract in case of Marine Insurance? Briefly explain the three types of (5)
answer_text,814,,814_INSURANCE_MS.md,42,Briefly explain the features of Health insurance?
answer_text,814,,814_INSURANCE_MS.md,1,"seeking to understand a customer‟s need, 2. provide verbal and nonverbal feedback"
mcq_key,811,,811_BANKING_MS_T1.md,17,C
mcq_key,811,,811_BANKING_MS_T1.md,18,A
mcq_key,811,,811_BANKING_MS_T1.md,19,A
mcq_key,811,,811_BANKING_MS_T1.md,21,A
mcq_key,811,,811_BANKING_MS_T1.md,22,A
mcq_key,811,,811_BANKING_MS_T1.md,23,C
mcq_key,811,,811_BANKING_MS_T1.md,24,C
mcq_key,811,,811_BANKING_MS_T1.md,25,C
mcq_key,811,,811_BANKING_MS_T1.md,26,B
mcq_key,811,,811_BANKING_MS_T1.md,20,C
mcq_key,811,,811_BANKING_MS_T1.md,27,B
mcq_key,811,,811_BANKING_MS_T1.md,28,C
mcq_key,811,,811_BANKING_MS_T1.md,29,C
mcq_key,811,,811_BANKING_MS_T1.md,30,B
mcq_key,811,,811_BANKING_MS_T1.md,31,C
mcq_key,811,,811_BANKING_MS_T1.md,32,C
mcq_key,811,,811_BANKING_MS_T1.md,33,D
mcq_key,811,,811_BANKING_MS_T1.md,34,D
mcq_key,811,,811_BANKING_MS_T1.md,35,B
mcq_key,811,,811_BANKING_MS_T1.md,36,C
mcq_key,811,,811_BANKING_MS_T1.md,37,A
mcq_key,811,,811_BANKING_MS_T1.md,38,C
answer_text,825,,825_Shorthand_Engish_MS_T1.md,13,(iii)Recognition 1
answer_text,825,,825_Shorthand_Engish_MS_T1.md,14,(ii)For Ing 1
answer_text,825,,825_Shorthand_Engish_MS_T1.md,15,(iii)Disjoining the upward dash 1
answer_text,825,,825_Shorthand_Engish_MS_T1.md,16,(ii) N 1
answer_text,825,,825_Shorthand_Engish_MS_T1.md,17,(iii)Self 1
answer_text,825,,825_Shorthand_Engish_MS_T1.md,18,(i)Ings 1
answer_text,825,,825_Shorthand_Engish_MS_T1.md,19,(ii) Disjoined M 1
answer_text,825,,825_Shorthand_Engish_MS_T1.md,20,(ii)Fullness 1
answer_text,825,,825_Shorthand_Engish_MS_T1.md,21,(ii) Lessness 1
answer_text,825,,825_Shorthand_Engish_MS_T1.md,22,(iii) Ward 1
answer_text,825,,825_Shorthand_Engish_MS_T1.md,23,(ii) Sleeplessness 1
answer_text,825,,825_Shorthand_Engish_MS_T1.md,24,(iii) Ment 1
answer_text,825,,825_Shorthand_Engish_MS_T1.md,25,(i)Consonant J disjoined 1
answer_text,825,,825_Shorthand_Engish_MS_T1.md,26,(iii)On 1
answer_text,825,,825_Shorthand_Engish_MS_T1.md,27,"(i)A contraction is a short form containing not less than two strokes, in which one 1"
answer_text,825,,825_Shorthand_Engish_MS_T1.md,28,(iii)Dollar 1
answer_text,825,,825_Shorthand_Engish_MS_T1.md,29,(ii)Five per cent 1
answer_text,825,,825_Shorthand_Engish_MS_T1.md,30,(iii)Writing all the consonants/syllables 1
answer_text,825,,825_Shorthand_Engish_MS_T1.md,31,(iv)T 1
answer_text,825,,825_Shorthand_Engish_MS_T1.md,32,(ii) Having a varying vowel 1
answer_text,825,,825_Shorthand_Engish_MS_T1.md,33,(ii) To the opposite side of initial attachment 1
answer_text,825,,825_Shorthand_Engish_MS_T1.md,34,(iv) Attached N hook 1
answer_text,825,,825_Shorthand_Engish_MS_T1.md,35,(ii) Joined Stroke n 1
answer_text,825,,825_Shorthand_Engish_MS_T1.md,36,(ii) com 1
answer_text,825,,825_Shorthand_Engish_MS_T1.md,37,"(iii) ‘p’ halved for ‘d’, ‘n’ hook and ‘s’ circle 1"
answer_text,825,,825_Shorthand_Engish_MS_T1.md,38,(iii) Employing logogram finally 1
answer_text,807,,807_BEAUTY_WELLNESS_SQP_MS_T2.md,1,Show respect and courtesy to others.
answer_text,836,,836_LIBRARY_INFORMATION_SCIENCE_MS_T1.md,14,ANSWER: (C) Classification by Department 1
answer_text,836,,836_LIBRARY_INFORMATION_SCIENCE_MS_T1.md,15,ANSWER: (d) Number of Staff in the Library 1
answer_text,836,,836_LIBRARY_INFORMATION_SCIENCE_MS_T1.md,16,ANSWER: (c ) Revenue and Expenditure 1
answer_text,836,,836_LIBRARY_INFORMATION_SCIENCE_MS_T1.md,17,ANSWER: (a)Acquisition section 1
answer_text,836,,836_LIBRARY_INFORMATION_SCIENCE_MS_T1.md,18,ANSWER: (d)Staff 1
answer_text,836,,836_LIBRARY_INFORMATION_SCIENCE_MS_T1.md,19,"ANSWER: (d) Purchase, Gift and Exchange 1"
answer_text,836,,836_LIBRARY_INFORMATION_SCIENCE_MS_T1.md,20,ANSWER: (b) Common communication format
answer_text,836,,836_LIBRARY_INFORMATION_SCIENCE_MS_T1.md,21,ANSWER: (b)Semi colon (;) 1
answer_text,836,,836_LIBRARY_INFORMATION_SCIENCE_MS_T1.md,22,ANSWER: (d) Colon (:) 1
answer_text,836,,836_LIBRARY_INFORMATION_SCIENCE_MS_T1.md,23,ANSWER: (a)Feeding 1
answer_text,836,,836_LIBRARY_INFORMATION_SCIENCE_MS_T1.md,24,"ANSWER: (c) Class number, Book Number and Collection number 1"
answer_text,836,,836_LIBRARY_INFORMATION_SCIENCE_MS_T1.md,25,ANSWER(a) Author’s name 1
answer_text,836,,836_LIBRARY_INFORMATION_SCIENCE_MS_T1.md,26,ANSWER (b)Over line Book Number
answer_text,836,,836_LIBRARY_INFORMATION_SCIENCE_MS_T1.md,27,ANSWER: (a)Address 1
answer_text,836,,836_LIBRARY_INFORMATION_SCIENCE_MS_T1.md,28,ANSWER: (c )Both Author and Title are Known 1
answer_text,836,,836_LIBRARY_INFORMATION_SCIENCE_MS_T1.md,29,ANSWER: (a)Sears list of subject heading 1
answer_text,836,,836_LIBRARY_INFORMATION_SCIENCE_MS_T1.md,30,ANSWER: (a)Rule 21.6 1
answer_text,836,,836_LIBRARY_INFORMATION_SCIENCE_MS_T1.md,31,ANSWER: (b)Library of congress subject heading 1
answer_text,836,,836_LIBRARY_INFORMATION_SCIENCE_MS_T1.md,32,"ANSWER: (d) Specific entry, Common usage and Uniformity 1"
answer_text,836,,836_LIBRARY_INFORMATION_SCIENCE_MS_T1.md,33,ANSWER: (b)Notes field 1
answer_text,836,,836_LIBRARY_INFORMATION_SCIENCE_MS_T1.md,34,ANSWER: (c )24 characters 1
answer_text,836,,836_LIBRARY_INFORMATION_SCIENCE_MS_T1.md,35,ANSWER: (a)Weeded out 1
answer_text,836,,836_LIBRARY_INFORMATION_SCIENCE_MS_T1.md,36,ANSWER: (b)Stock verification 1
answer_text,836,,836_LIBRARY_INFORMATION_SCIENCE_MS_T1.md,37,ANSWER: (d) 20000 Volumes 1
answer_text,836,,836_LIBRARY_INFORMATION_SCIENCE_MS_T1.md,38,ANSWER: (a)5 Volumes per 1000 volumes of books consulted 1
answer_text,836,,836_LIBRARY_INFORMATION_SCIENCE_MS_T1.md,39,ANSWER: (b) 6” ×4” 1
answer_text,836,,836_LIBRARY_INFORMATION_SCIENCE_MS_T1.md,40,ANSWER: (d) Acquisition by exchange 1
answer_text,836,,836_LIBRARY_INFORMATION_SCIENCE_MS_T1.md,41,ANSWER: (a) 1923 1
answer_text,836,,836_LIBRARY_INFORMATION_SCIENCE_MS_T1.md,42,ANSWER: (b) 2XX 1
answer_text,836,,836_LIBRARY_INFORMATION_SCIENCE_MS_T1.md,43,ANSWER: (c) 12
answer_text,827,,827_AIR_CON_REFRI_MS_T2.md,14,Overload protection relays prevent motor damage by monitoring the current in the 1+1=2
answer_text,827,,827_AIR_CON_REFRI_MS_T2.md,15,A high pressure control is a switch which controls the high side pressure within certain 1+1=2
answer_text,827,,827_AIR_CON_REFRI_MS_T2.md,16,Relay is an electrical operated switch used to disconnect the starting winding or 1+1=2
answer_text,827,,827_AIR_CON_REFRI_MS_T2.md,17,Desirable properties of ideal refrigerant. 1/2X4=2
answer_text,827,,827_AIR_CON_REFRI_MS_T2.md,18,It is a switch which disconnects the electric supply when the oil pressure goes below 2
answer_text,827,,827_AIR_CON_REFRI_MS_T2.md,24,Gas Charging in the Machine follows the following steps. Before charging the machine 1/2X8=4
answer_text,834,,834_FOOD_NUTRITION_DIETETICS_MS_T1.md,1,O O O O 2 O O O O 3 O O O O
answer_text,834,,834_FOOD_NUTRITION_DIETETICS_MS_T1.md,7,O O O O 8 O O O O 9 O O O O
answer_text,834,,834_FOOD_NUTRITION_DIETETICS_MS_T1.md,28,O O O O 29 O O O O 30 O O O O
answer_text,834,,834_FOOD_NUTRITION_DIETETICS_MS_T1.md,37,O O O O 38 O O O O 39 O O O O
mcq_key,817,,817_Typography_Comp_Appl_SQP_MS_T1.md,13,B
mcq_key,817,,817_Typography_Comp_Appl_SQP_MS_T1.md,14,B
mcq_key,817,,817_Typography_Comp_Appl_SQP_MS_T1.md,15,C
mcq_key,817,,817_Typography_Comp_Appl_SQP_MS_T1.md,16,B
mcq_key,817,,817_Typography_Comp_Appl_SQP_MS_T1.md,17,C
mcq_key,817,,817_Typography_Comp_Appl_SQP_MS_T1.md,18,C
mcq_key,817,,817_Typography_Comp_Appl_SQP_MS_T1.md,19,B
mcq_key,817,,817_Typography_Comp_Appl_SQP_MS_T1.md,20,B
mcq_key,817,,817_Typography_Comp_Appl_SQP_MS_T1.md,21,A
mcq_key,817,,817_Typography_Comp_Appl_SQP_MS_T1.md,22,D
mcq_key,817,,817_Typography_Comp_Appl_SQP_MS_T1.md,23,B
mcq_key,817,,817_Typography_Comp_Appl_SQP_MS_T1.md,24,A
mcq_key,817,,817_Typography_Comp_Appl_SQP_MS_T1.md,25,B
mcq_key,817,,817_Typography_Comp_Appl_SQP_MS_T1.md,26,D
mcq_key,817,,817_Typography_Comp_Appl_SQP_MS_T1.md,27,A
mcq_key,817,,817_Typography_Comp_Appl_SQP_MS_T1.md,28,C
mcq_key,817,,817_Typography_Comp_Appl_SQP_MS_T1.md,29,B
mcq_key,817,,817_Typography_Comp_Appl_SQP_MS_T1.md,30,D
mcq_key,817,,817_Typography_Comp_Appl_SQP_MS_T1.md,31,B
mcq_key,817,,817_Typography_Comp_Appl_SQP_MS_T1.md,32,C
mcq_key,817,,817_Typography_Comp_Appl_SQP_MS_T1.md,33,D
mcq_key,817,,817_Typography_Comp_Appl_SQP_MS_T1.md,34,B
mcq_key,817,,817_Typography_Comp_Appl_SQP_MS_T1.md,35,C
mcq_key,817,,817_Typography_Comp_Appl_SQP_MS_T1.md,36,B
mcq_key,817,,817_Typography_Comp_Appl_SQP_MS_T1.md,37,B
mcq_key,817,,817_Typography_Comp_Appl_SQP_MS_T1.md,38,D
mcq_key,823,,823_COST_ACCOUNTING_MS_T1.md,15,B
mcq_key,823,,823_COST_ACCOUNTING_MS_T1.md,16,C
mcq_key,823,,823_COST_ACCOUNTING_MS_T1.md,18,B
mcq_key,823,,823_COST_ACCOUNTING_MS_T1.md,20,A
mcq_key,823,,823_COST_ACCOUNTING_MS_T1.md,21,D
mcq_key,823,,823_COST_ACCOUNTING_MS_T1.md,22,C
mcq_key,823,,823_COST_ACCOUNTING_MS_T1.md,23,A
mcq_key,823,,823_COST_ACCOUNTING_MS_T1.md,24,A
mcq_key,823,,823_COST_ACCOUNTING_MS_T1.md,25,D
mcq_key,823,,823_COST_ACCOUNTING_MS_T1.md,26,B
mcq_key,823,,823_COST_ACCOUNTING_MS_T1.md,27,C
mcq_key,823,,823_COST_ACCOUNTING_MS_T1.md,28,B
mcq_key,823,,823_COST_ACCOUNTING_MS_T1.md,29,B
mcq_key,823,,823_COST_ACCOUNTING_MS_T1.md,30,A
mcq_key,823,,823_COST_ACCOUNTING_MS_T1.md,31,C
mcq_key,823,,823_COST_ACCOUNTING_MS_T1.md,32,A
mcq_key,823,,823_COST_ACCOUNTING_MS_T1.md,33,A
mcq_key,823,,823_COST_ACCOUNTING_MS_T1.md,34,B
mcq_key,823,,823_COST_ACCOUNTING_MS_T1.md,35,C
mcq_key,823,,823_COST_ACCOUNTING_MS_T1.md,36,A
mcq_key,823,,823_COST_ACCOUNTING_MS_T1.md,37,A
mcq_key,823,,823_COST_ACCOUNTING_MS_T1.md,38,B
answer_text,824,,824_OfficeProc_MS_T1.md,13,Ans. (c) personality 1
answer_text,824,,824_OfficeProc_MS_T1.md,14,Ans. (c) Interpersonal 1
answer_text,824,,824_OfficeProc_MS_T1.md,15,Ans. (c) written 1
answer_text,824,,824_OfficeProc_MS_T1.md,16,Ans. (a) Inter- Departmental 1
answer_text,824,,824_OfficeProc_MS_T1.md,17,Ans. (b) sort 1
answer_text,824,,824_OfficeProc_MS_T1.md,18,Ans. (c) opening 1
answer_text,824,,824_OfficeProc_MS_T1.md,19,Ans. (c) date- stamped 1
answer_text,824,,824_OfficeProc_MS_T1.md,20,Ans. (a) record 1
answer_text,824,,824_OfficeProc_MS_T1.md,21,Ans. (c) Business Reply Service 1
answer_text,824,,824_OfficeProc_MS_T1.md,22,Ans. (a) Speed Post 1
answer_text,824,,824_OfficeProc_MS_T1.md,23,Ans. (c) Value Payable System 1
answer_text,824,,824_OfficeProc_MS_T1.md,24,Ans. (d) Record 1
answer_text,824,,824_OfficeProc_MS_T1.md,25,Ans. (c) Filing 1
answer_text,824,,824_OfficeProc_MS_T1.md,26,Ans. (b) Compactness 1
answer_text,824,,824_OfficeProc_MS_T1.md,27,Ans. (d) Chronological 1
answer_text,824,,824_OfficeProc_MS_T1.md,28,Ans. (b) Horizontal Filing 1
answer_text,824,,824_OfficeProc_MS_T1.md,29,Ans. (b) Microfilming 1
answer_text,824,,824_OfficeProc_MS_T1.md,30,Ans. (a) Indexing 1
answer_text,824,,824_OfficeProc_MS_T1.md,31,"Ans. (a) The cards may spoil because of frequent handling and, therefore, have to 1"
answer_text,824,,824_OfficeProc_MS_T1.md,32,Ans. (c) Tactfulness 1
answer_text,824,,824_OfficeProc_MS_T1.md,33,Ans. (a) Expressing his feelings about the stressful situation to the concerned 1
answer_text,824,,824_OfficeProc_MS_T1.md,34,Ans. (b) Franking Machine 1
answer_text,824,,824_OfficeProc_MS_T1.md,35,Ans. (a) Special Messenger 1
answer_text,824,,824_OfficeProc_MS_T1.md,36,Ans. (c) Geographical Classification 1
answer_text,824,,824_OfficeProc_MS_T1.md,37,Ans. (b) the dead records should be weeded out after completing the specific 1
answer_text,824,,824_OfficeProc_MS_T1.md,38,Ans. (c) Card Indexing 1
mcq_key,806,,806_TOURISM_MS_T1.md,32,D
mcq_key,806,,806_TOURISM_MS_T1.md,24,A
mcq_key,806,,806_TOURISM_MS_T1.md,25,A
mcq_key,806,,806_TOURISM_MS_T1.md,26,A
mcq_key,806,,806_TOURISM_MS_T1.md,27,A
mcq_key,806,,806_TOURISM_MS_T1.md,28,B
mcq_key,806,,806_TOURISM_MS_T1.md,29,A
mcq_key,806,,806_TOURISM_MS_T1.md,30,C
mcq_key,806,,806_TOURISM_MS_T1.md,31,A
mcq_key,806,,806_TOURISM_MS_T1.md,33,A
mcq_key,806,,806_TOURISM_MS_T1.md,34,B
mcq_key,806,,806_TOURISM_MS_T1.md,35,C
mcq_key,806,,806_TOURISM_MS_T1.md,36,B
mcq_key,806,,806_TOURISM_MS_T1.md,37,A
mcq_key,806,,806_TOURISM_MS_T1.md,38,D
answer_text,819,,819_ELECTRICAL_TECHNOLOGY_MS_T1.md,13,Ans- (B) Electromagnetic Induction. 1
answer_text,819,,819_ELECTRICAL_TECHNOLOGY_MS_T1.md,14,Ans- (A) Root mean square. 1
answer_text,819,,819_ELECTRICAL_TECHNOLOGY_MS_T1.md,15,Ans- (B) Step down transformer 1
answer_text,819,,819_ELECTRICAL_TECHNOLOGY_MS_T1.md,16,Ans- (C) Oil Forced Air Forced (OFAF) 1
answer_text,819,,819_ELECTRICAL_TECHNOLOGY_MS_T1.md,17,Ans- (B) In secondary coil 1
answer_text,819,,819_ELECTRICAL_TECHNOLOGY_MS_T1.md,18,Ans- (C) Auto transformer. 1
answer_text,819,,819_ELECTRICAL_TECHNOLOGY_MS_T1.md,19,Ans- (C) Electro Motive Force 1
answer_text,819,,819_ELECTRICAL_TECHNOLOGY_MS_T1.md,20,Ans- (A) Electrical to Mechanical 1
answer_text,819,,819_ELECTRICAL_TECHNOLOGY_MS_T1.md,21,Ans- (D) 1
answer_text,819,,819_ELECTRICAL_TECHNOLOGY_MS_T1.md,22,Ans- (C) To control the starting current up to safe value. 1
answer_text,819,,819_ELECTRICAL_TECHNOLOGY_MS_T1.md,23,Ans- (C) Induction Motor 1
answer_text,819,,819_ELECTRICAL_TECHNOLOGY_MS_T1.md,24,Ans- (B) Stator is stationary while the rotor is moving. 1
answer_text,819,,819_ELECTRICAL_TECHNOLOGY_MS_T1.md,25,Ans- (C) Directly proportional. 1
answer_text,819,,819_ELECTRICAL_TECHNOLOGY_MS_T1.md,26,Ans- (B) Couple forces. 1
answer_text,819,,819_ELECTRICAL_TECHNOLOGY_MS_T1.md,27,Ans- (A) Mechanical to Electrical 1
answer_text,819,,819_ELECTRICAL_TECHNOLOGY_MS_T1.md,28,Ans- (D) Shunt Motor 1
answer_text,819,,819_ELECTRICAL_TECHNOLOGY_MS_T1.md,29,Ans- (D) Both A and B. 1
answer_text,819,,819_ELECTRICAL_TECHNOLOGY_MS_T1.md,30,Ans- (D) Sine wave 1
answer_text,819,,819_ELECTRICAL_TECHNOLOGY_MS_T1.md,31,Ans- (D) Both A and B. 1
answer_text,819,,819_ELECTRICAL_TECHNOLOGY_MS_T1.md,32,Ans- (B) Step Down transformer 1
answer_text,819,,819_ELECTRICAL_TECHNOLOGY_MS_T1.md,33,Ans- (A) Faraday’s law 1
answer_text,819,,819_ELECTRICAL_TECHNOLOGY_MS_T1.md,34,Ans- (C) 1 Volt 1
answer_text,819,,819_ELECTRICAL_TECHNOLOGY_MS_T1.md,35,Ans- (A) 5 ohm 1
answer_text,819,,819_ELECTRICAL_TECHNOLOGY_MS_T1.md,36,Ans- (C) Zero 1
answer_text,819,,819_ELECTRICAL_TECHNOLOGY_MS_T1.md,37,Ans- (A) It will convert to step up transformer 1
answer_text,819,,819_ELECTRICAL_TECHNOLOGY_MS_T1.md,38,Ans- (D) Primary coil 1
answer_text,820,,820_ELECTRONICS_TECHNOLOGY_MS_T1.md,13,Ans- (A) Cardiopulmonary resuscitation. 1
answer_text,820,,820_ELECTRONICS_TECHNOLOGY_MS_T1.md,14,Ans- (B) Light amplification by stimulated emission of radiation. 1
answer_text,820,,820_ELECTRONICS_TECHNOLOGY_MS_T1.md,15,Ans- (A) High radiation zone. 1
answer_text,820,,820_ELECTRONICS_TECHNOLOGY_MS_T1.md,16,Ans- (C) Laser hazard 1
answer_text,820,,820_ELECTRONICS_TECHNOLOGY_MS_T1.md,17,Ans- (A) Hand-to-hand. 1
answer_text,820,,820_ELECTRONICS_TECHNOLOGY_MS_T1.md,18,Ans- (C) Carbon Microphone 1
answer_text,820,,820_ELECTRONICS_TECHNOLOGY_MS_T1.md,19,Ans- (D) Both B and C 1
answer_text,820,,820_ELECTRONICS_TECHNOLOGY_MS_T1.md,20,Ans- (C) Piezo-electric effect 1
answer_text,820,,820_ELECTRONICS_TECHNOLOGY_MS_T1.md,21,Ans- (B) Decibel 1
answer_text,820,,820_ELECTRONICS_TECHNOLOGY_MS_T1.md,22,Ans- (C) I is inversely proportional to Z 1
answer_text,820,,820_ELECTRONICS_TECHNOLOGY_MS_T1.md,23,Ans- (B) Reproduction of highest frequencies. 1
answer_text,820,,820_ELECTRONICS_TECHNOLOGY_MS_T1.md,24,Ans- (B) 500Hz-5kHz. 1
answer_text,820,,820_ELECTRONICS_TECHNOLOGY_MS_T1.md,25,Ans- (C) Magnetic Tape 1
answer_text,820,,820_ELECTRONICS_TECHNOLOGY_MS_T1.md,26,Ans- (A) Audio frequency signal. 1
answer_text,820,,820_ELECTRONICS_TECHNOLOGY_MS_T1.md,27,"Ans- (A) Erase the tape, Record the new signal, and reproduce the signal 1"
answer_text,820,,820_ELECTRONICS_TECHNOLOGY_MS_T1.md,28,Ans- (D) High frequency signal. 1
answer_text,820,,820_ELECTRONICS_TECHNOLOGY_MS_T1.md,29,Ans- (B) Digital Versatile Disc. 1
answer_text,820,,820_ELECTRONICS_TECHNOLOGY_MS_T1.md,30,Ans- (C) Analog to digital converter. 1
answer_text,820,,820_ELECTRONICS_TECHNOLOGY_MS_T1.md,31,Ans- (D) Software is required for the write operation of the disc. 1
answer_text,820,,820_ELECTRONICS_TECHNOLOGY_MS_T1.md,32,Ans- (D) Iron 1
answer_text,820,,820_ELECTRONICS_TECHNOLOGY_MS_T1.md,33,Ans- (D) Both A and C 1
answer_text,820,,820_ELECTRONICS_TECHNOLOGY_MS_T1.md,34,Ans- (C) Both A and B 1
answer_text,820,,820_ELECTRONICS_TECHNOLOGY_MS_T1.md,35,Ans- (D) Diarrhoea 1
answer_text,820,,820_ELECTRONICS_TECHNOLOGY_MS_T1.md,36,Ans- (D) Manufacturing 1
answer_text,820,,820_ELECTRONICS_TECHNOLOGY_MS_T1.md,37,Ans- (C) Both A and D 1
answer_text,820,,820_ELECTRONICS_TECHNOLOGY_MS_T1.md,38,Ans- (D) Occupational 1
mcq_key,812,,812_MARKETING_MS_T1.md,13,C
mcq_key,812,,812_MARKETING_MS_T1.md,14,A
mcq_key,812,,812_MARKETING_MS_T1.md,15,B
mcq_key,812,,812_MARKETING_MS_T1.md,16,D
mcq_key,812,,812_MARKETING_MS_T1.md,17,A
mcq_key,812,,812_MARKETING_MS_T1.md,18,D
mcq_key,812,,812_MARKETING_MS_T1.md,19,D
mcq_key,812,,812_MARKETING_MS_T1.md,20,B
mcq_key,812,,812_MARKETING_MS_T1.md,21,C
mcq_key,812,,812_MARKETING_MS_T1.md,22,A
mcq_key,812,,812_MARKETING_MS_T1.md,23,B
mcq_key,812,,812_MARKETING_MS_T1.md,24,B
mcq_key,812,,812_MARKETING_MS_T1.md,25,D
mcq_key,812,,812_MARKETING_MS_T1.md,26,C
mcq_key,812,,812_MARKETING_MS_T1.md,27,A
mcq_key,812,,812_MARKETING_MS_T1.md,28,C
mcq_key,812,,812_MARKETING_MS_T1.md,29,B
mcq_key,812,,812_MARKETING_MS_T1.md,30,D
mcq_key,812,,812_MARKETING_MS_T1.md,31,C
mcq_key,812,,812_MARKETING_MS_T1.md,32,A
mcq_key,812,,812_MARKETING_MS_T1.md,33,D
mcq_key,812,,812_MARKETING_MS_T1.md,34,B
mcq_key,812,,812_MARKETING_MS_T1.md,35,A
mcq_key,812,,812_MARKETING_MS_T1.md,36,D
mcq_key,812,,812_MARKETING_MS_T1.md,37,B
mcq_key,812,,812_MARKETING_MS_T1.md,38,A
mcq_key,801,,801_RETAIL_MS_T2.md,23,A
mcq_key,801,,801_RETAIL_MS_T2.md,24,A
answer_text,843,,843_AI_MS_T1.md,15,"Ans. d. 1, 2 and 3 1"
answer_text,843,,843_AI_MS_T1.md,16,Ans. a. 1 1
answer_text,843,,843_AI_MS_T1.md,17,Ans. a. Data Requirements >> Data Collection >> Data understanding >> Data preparation 1
answer_text,843,,843_AI_MS_T1.md,18,Ans. b. Get more training data 1
answer_text,843,,843_AI_MS_T1.md,19,Ans. b Empathies 1
answer_text,843,,843_AI_MS_T1.md,20,Ans. c. It makes the cost function faster to optimize 1
answer_text,843,,843_AI_MS_T1.md,21,Ans. a Scikit-learn 1
answer_text,843,,843_AI_MS_T1.md,22,Ans. c. Point estimate for population standard deviation is 3.5 1
answer_text,843,,843_AI_MS_T1.md,23,Ans. c. KNN is used only for classification problem statements. 1
answer_text,843,,843_AI_MS_T1.md,24,Ans. d. 28.956 1
answer_text,843,,843_AI_MS_T1.md,25,Ans. c. Reinforcement Learning. 1
answer_text,843,,843_AI_MS_T1.md,26,Ans. c Python 1
answer_text,843,,843_AI_MS_T1.md,27,Ans. c iii) 1
answer_text,843,,843_AI_MS_T1.md,28,Ans. b. Correlation and covariance values are the same. 1
answer_text,843,,843_AI_MS_T1.md,29,Ans. d Data evaluation 1
answer_text,843,,843_AI_MS_T1.md,30,Ans. b ii) 1
answer_text,843,,843_AI_MS_T1.md,31,Ans. b. Feature Extraction needs to be done manually in both ML and DL 1
answer_text,843,,843_AI_MS_T1.md,32,Ans. a Predictive Model 1
answer_text,843,,843_AI_MS_T1.md,33,Ans. a. Artificial neurons are similar in operation to biological neurons. 1
answer_text,833,,833_BUSINESS_ADMINISTRATION_MS_T2.md,7,Conciseness and concreteness 1
answer_text,833,,833_BUSINESS_ADMINISTRATION_MS_T2.md,8,Content theories 1
answer_text,833,,833_BUSINESS_ADMINISTRATION_MS_T2.md,9,Maslow 1
answer_text,833,,833_BUSINESS_ADMINISTRATION_MS_T2.md,10,"Protection of environment can be done by the efforts of corporate, people 1"
answer_text,833,,833_BUSINESS_ADMINISTRATION_MS_T2.md,11,Counsel the employees to reduce their stress 1
answer_text,833,,833_BUSINESS_ADMINISTRATION_MS_T2.md,12,Free-rein leadership 1
answer_text,833,,833_BUSINESS_ADMINISTRATION_MS_T2.md,14,A communication barrier that inhibits the communication process. It could be 1
answer_text,833,,833_BUSINESS_ADMINISTRATION_MS_T2.md,15,Leadership may be defined as the process by which a manager guides and 1
answer_text,833,,833_BUSINESS_ADMINISTRATION_MS_T2.md,16,Characteristics of a good leader: ½+
answer_text,833,,833_BUSINESS_ADMINISTRATION_MS_T2.md,17,Advantages of information technology (IT) in a business: ½
answer_text,833,,833_BUSINESS_ADMINISTRATION_MS_T2.md,18,Employees should be motivated due to the following reasons: ½
answer_text,833,,833_BUSINESS_ADMINISTRATION_MS_T2.md,24,Difference between Autocratic Leaders and Democratic Leaders
answer_text,833,,833_BUSINESS_ADMINISTRATION_MS_T2.md,1,Autocratic leaders dominate and A democratic leader acts
answer_text,833,,833_BUSINESS_ADMINISTRATION_MS_T2.md,2,These leaders don’t take inputs The leader encourages group 1
answer_text,833,,833_BUSINESS_ADMINISTRATION_MS_T2.md,3,Autocratic leadership is This type of leadership is
answer_text,833,,833_BUSINESS_ADMINISTRATION_MS_T2.md,27,Following is the detailed discussion on theories of motivation:
answer_text,805,,805_FINANCIAL_MARKET_MANAGEMENT_MS_T2.md,9,Answer: The closing price on the day previous to the day of valuation. 1
answer_text,805,,805_FINANCIAL_MARKET_MANAGEMENT_MS_T2.md,10,Answer: Seller of the Option Contract 1
answer_text,805,,805_FINANCIAL_MARKET_MANAGEMENT_MS_T2.md,11,Answer: An option can be exercised at the expiry of the contract period. 1
answer_text,805,,805_FINANCIAL_MARKET_MANAGEMENT_MS_T2.md,12,Answer: Forward Contract 1
answer_text,805,,805_FINANCIAL_MARKET_MANAGEMENT_MS_T2.md,24,(1) 4
mcq_key,810,,810_FRONT_OFFICE_OPERATIONS_MS_T1.md,26,A
mcq_key,810,,810_FRONT_OFFICE_OPERATIONS_MS_T1.md,27,A
mcq_key,810,,810_FRONT_OFFICE_OPERATIONS_MS_T1.md,28,A
mcq_key,810,,810_FRONT_OFFICE_OPERATIONS_MS_T1.md,29,D
mcq_key,810,,810_FRONT_OFFICE_OPERATIONS_MS_T1.md,30,C
mcq_key,810,,810_FRONT_OFFICE_OPERATIONS_MS_T1.md,31,B
mcq_key,810,,810_FRONT_OFFICE_OPERATIONS_MS_T1.md,32,B
mcq_key,810,,810_FRONT_OFFICE_OPERATIONS_MS_T1.md,33,B
mcq_key,810,,810_FRONT_OFFICE_OPERATIONS_MS_T1.md,34,C
mcq_key,810,,810_FRONT_OFFICE_OPERATIONS_MS_T1.md,35,D
mcq_key,810,,810_FRONT_OFFICE_OPERATIONS_MS_T1.md,36,A
mcq_key,810,,810_FRONT_OFFICE_OPERATIONS_MS_T1.md,37,B
mcq_key,810,,810_FRONT_OFFICE_OPERATIONS_MS_T1.md,38,C
answer_text,837,,837_FASHION_STUDIES_MS_T1.md,15,Answer- c. Draping method
answer_text,837,,837_FASHION_STUDIES_MS_T1.md,16,Answer- c. Anthropologists
answer_text,837,,837_FASHION_STUDIES_MS_T1.md,17,Answer- a. Ease
answer_text,837,,837_FASHION_STUDIES_MS_T1.md,18,Answer- c. Knits
answer_text,837,,837_FASHION_STUDIES_MS_T1.md,19,Answer- d. ease allowance
answer_text,837,,837_FASHION_STUDIES_MS_T1.md,20,Answer- a. Strength and Vigour
answer_text,837,,837_FASHION_STUDIES_MS_T1.md,21,Answer- a. ½ inch
answer_text,837,,837_FASHION_STUDIES_MS_T1.md,22,Answer- a. Fibula
answer_text,837,,837_FASHION_STUDIES_MS_T1.md,23,Answer- a. Neeta Lulla
answer_text,837,,837_FASHION_STUDIES_MS_T1.md,24,Answer- b. 2 inches
answer_text,837,,837_FASHION_STUDIES_MS_T1.md,25,Answer- b. In sleeveless bodice armhole level goes up by ½ inch
answer_text,837,,837_FASHION_STUDIES_MS_T1.md,26,Answer – a. Kichepo women
answer_text,837,,837_FASHION_STUDIES_MS_T1.md,27,Answer- a. garment is tight in the hip or abdomen area
answer_text,837,,837_FASHION_STUDIES_MS_T1.md,28,Answer- a. status and tribal identification
answer_text,837,,837_FASHION_STUDIES_MS_T1.md,29,Answer- c. L-square
answer_text,837,,837_FASHION_STUDIES_MS_T1.md,30,Answer- Neckline Edge
answer_text,837,,837_FASHION_STUDIES_MS_T1.md,31,Answer- c. ¼ inch
answer_text,837,,837_FASHION_STUDIES_MS_T1.md,32,"Answer- c. The seams, darts and other seam lines are clearly visible on it."
answer_text,837,,837_FASHION_STUDIES_MS_T1.md,33,Answer- a. Sumerian costume
answer_text,837,,837_FASHION_STUDIES_MS_T1.md,34,Answer- a. system for apparel for a country is based ideally on the body measurements taken
answer_text,837,,837_FASHION_STUDIES_MS_T1.md,35,Answer- a. Chintz
answer_text,837,,837_FASHION_STUDIES_MS_T1.md,36,Answer- a. Parallel
answer_text,837,,837_FASHION_STUDIES_MS_T1.md,37,Answer- a. Domestic Sewing Machine
answer_text,837,,837_FASHION_STUDIES_MS_T1.md,38,Answer -c. Isaac Singer
answer_text,837,,837_FASHION_STUDIES_MS_T1.md,39,Answer –c. Readymade clothing industry
answer_text,837,,837_FASHION_STUDIES_MS_T1.md,40,Answer- b. 1851
answer_text,837,,837_FASHION_STUDIES_MS_T1.md,41,Answer- a. people feared that machines which could do the work of several men would result
answer_text,837,,837_FASHION_STUDIES_MS_T1.md,42,Answer- b. people’s home
answer_text,837,,837_FASHION_STUDIES_MS_T1.md,43,Answer-d. separating cottonseed from short staple cotton fibre.
answer_text,829,,829_TEXTILE_DESIGN_MS_T1.md,14,ANSWER- c. Chintz
answer_text,829,,829_TEXTILE_DESIGN_MS_T1.md,15,ANSWER- a. Scorching
answer_text,829,,829_TEXTILE_DESIGN_MS_T1.md,16,ANSWER - a. to reduce the breakage of yarn during the weaving operation
answer_text,829,,829_TEXTILE_DESIGN_MS_T1.md,17,ANSWER- a. strong alkali solution
answer_text,829,,829_TEXTILE_DESIGN_MS_T1.md,18,ANSWER- a. Gharcholu
answer_text,829,,829_TEXTILE_DESIGN_MS_T1.md,19,ANSWER- a. Stock dyeing
answer_text,829,,829_TEXTILE_DESIGN_MS_T1.md,20,"Answer- a. Jamnagar, Bhavnagar"
answer_text,829,,829_TEXTILE_DESIGN_MS_T1.md,21,Answer- a. Hydrogen peroxide
answer_text,829,,829_TEXTILE_DESIGN_MS_T1.md,22,ANSWER- c. Yarn dyeing
answer_text,829,,829_TEXTILE_DESIGN_MS_T1.md,23,ANSWER – a. in order to differentiate between a bandhani textile and a printed imitation
answer_text,829,,829_TEXTILE_DESIGN_MS_T1.md,24,ANSWER-b. Diagonally
answer_text,829,,829_TEXTILE_DESIGN_MS_T1.md,25,"Answer- a. Robin blue, Ujala"
answer_text,829,,829_TEXTILE_DESIGN_MS_T1.md,26,ANSWER- a. Chandrokhani
answer_text,829,,829_TEXTILE_DESIGN_MS_T1.md,27,ANSWER- d. before a manmade fiber is extruded through the spinneret.
answer_text,829,,829_TEXTILE_DESIGN_MS_T1.md,28,ANSWER-a. Azoic dyes
answer_text,829,,829_TEXTILE_DESIGN_MS_T1.md,29,ANSWER- c. Raw/unfinished
answer_text,829,,829_TEXTILE_DESIGN_MS_T1.md,30,"ANSWER-a. largely yellow in colour with red appearing in borders, big central circular motif"
answer_text,829,,829_TEXTILE_DESIGN_MS_T1.md,31,"ANSWER-a. 1856, coal tar"
answer_text,829,,829_TEXTILE_DESIGN_MS_T1.md,32,ANSWER-a. Bagru
answer_text,829,,829_TEXTILE_DESIGN_MS_T1.md,33,"Answer- a. suraj ka phool, chakri, anguthi, gende ka phool."
answer_text,829,,829_TEXTILE_DESIGN_MS_T1.md,34,Answer- c. to resist the penetration of dyes
answer_text,829,,829_TEXTILE_DESIGN_MS_T1.md,35,Answer- a. by resisting and mordanting.
answer_text,829,,829_TEXTILE_DESIGN_MS_T1.md,36,Answer- b. Block printing
answer_text,829,,829_TEXTILE_DESIGN_MS_T1.md,37,Answer- a. clay and gum
answer_text,829,,829_TEXTILE_DESIGN_MS_T1.md,38,Answer- a. colourful block printed fabrics
mcq_key,833,,833_BUSINESS_ADMINISTRATION_MS_T1.md,25,B
mcq_key,808,,808_AGRICULTURE_MS_T1.md,26,C
mcq_key,808,,808_AGRICULTURE_MS_T1.md,27,A
mcq_key,808,,808_AGRICULTURE_MS_T1.md,28,B
mcq_key,808,,808_AGRICULTURE_MS_T1.md,29,B
mcq_key,808,,808_AGRICULTURE_MS_T1.md,30,C
mcq_key,808,,808_AGRICULTURE_MS_T1.md,31,D
mcq_key,808,,808_AGRICULTURE_MS_T1.md,32,A
mcq_key,808,,808_AGRICULTURE_MS_T1.md,33,B
mcq_key,808,,808_AGRICULTURE_MS_T1.md,34,C
mcq_key,808,,808_AGRICULTURE_MS_T1.md,35,D
mcq_key,808,,808_AGRICULTURE_MS_T1.md,36,A
mcq_key,808,,808_AGRICULTURE_MS_T1.md,37,B
mcq_key,808,,808_AGRICULTURE_MS_T1.md,38,A
mcq_key,808,,808_AGRICULTURE_MS_T1.md,39,A
mcq_key,808,,808_AGRICULTURE_MS_T1.md,40,B
mcq_key,808,,808_AGRICULTURE_MS_T1.md,41,A
mcq_key,808,,808_AGRICULTURE_MS_T1.md,42,C
mcq_key,808,,808_AGRICULTURE_MS_T1.md,43,A
answer_text,805,,805_FINANCIAL_MARKET_MANAGEMENT_MS_T1.md,1,O O O 2 O O O 3 O O O
answer_text,805,,805_FINANCIAL_MARKET_MANAGEMENT_MS_T1.md,4,O O O 5 O O O 6 O O O
answer_text,805,,805_FINANCIAL_MARKET_MANAGEMENT_MS_T1.md,7,O O O 8 O O O 9 O O O
answer_text,805,,805_FINANCIAL_MARKET_MANAGEMENT_MS_T1.md,10,O O O 11 O O O 12 O O O
answer_text,805,,805_FINANCIAL_MARKET_MANAGEMENT_MS_T1.md,13,O O O 14 O O O 15 O O O
answer_text,805,,805_FINANCIAL_MARKET_MANAGEMENT_MS_T1.md,19,O O O 20 O O O 21 O O O
answer_text,805,,805_FINANCIAL_MARKET_MANAGEMENT_MS_T1.md,22,O O O 23 O O O 24 O O O
answer_text,805,,805_FINANCIAL_MARKET_MANAGEMENT_MS_T1.md,31,O O O
answer_text,805,,805_FINANCIAL_MARKET_MANAGEMENT_MS_T1.md,32,O O O 33 O O O 34 O O O
answer_text,805,,805_FINANCIAL_MARKET_MANAGEMENT_MS_T1.md,35,O O O 36 O O O 37 O O O
answer_text,803,,803_WEB_APPLICATION_SQP_MS_T1.md,32,"Ans : d)i),ii) and iv) are correct 1"
answer_text,803,,803_WEB_APPLICATION_SQP_MS_T1.md,33,Ans : c) 4) ->3) -> 2) –> 5) -> 1) 1
answer_text,803,,803_WEB_APPLICATION_SQP_MS_T1.md,34,"Ans : b) 2-A, 1-C, 3-B"
answer_text,803,,803_WEB_APPLICATION_SQP_MS_T1.md,35,Ans : c) ii) is correct 1
answer_text,803,,803_WEB_APPLICATION_SQP_MS_T1.md,36,"Ans : b) i)- B, ii)- C, iii) – A 1"
answer_text,803,,803_WEB_APPLICATION_SQP_MS_T1.md,37,Ans : c) both 1 and 2 are correct
answer_text,803,,803_WEB_APPLICATION_SQP_MS_T1.md,38,"Ans : c) i)-Arithmetic operators, ii) Bitwise operators iii) comparison operators 1"
mcq_key,835,,835_MASS_MEDIA_STUDIES_MS_T1.md,22,B
mcq_key,835,,835_MASS_MEDIA_STUDIES_MS_T1.md,23,D
mcq_key,835,,835_MASS_MEDIA_STUDIES_MS_T1.md,24,B
mcq_key,835,,835_MASS_MEDIA_STUDIES_MS_T1.md,25,D
mcq_key,835,,835_MASS_MEDIA_STUDIES_MS_T1.md,26,C
mcq_key,835,,835_MASS_MEDIA_STUDIES_MS_T1.md,27,D
mcq_key,835,,835_MASS_MEDIA_STUDIES_MS_T1.md,28,B
mcq_key,835,,835_MASS_MEDIA_STUDIES_MS_T1.md,29,B
mcq_key,835,,835_MASS_MEDIA_STUDIES_MS_T1.md,30,A
mcq_key,835,,835_MASS_MEDIA_STUDIES_MS_T1.md,31,A
mcq_key,835,,835_MASS_MEDIA_STUDIES_MS_T1.md,32,A
mcq_key,835,,835_MASS_MEDIA_STUDIES_MS_T1.md,33,C
mcq_key,835,,835_MASS_MEDIA_STUDIES_MS_T1.md,34,B
mcq_key,835,,835_MASS_MEDIA_STUDIES_MS_T1.md,35,B
mcq_key,835,,835_MASS_MEDIA_STUDIES_MS_T1.md,36,A
mcq_key,835,,835_MASS_MEDIA_STUDIES_MS_T1.md,37,B
mcq_key,835,,835_MASS_MEDIA_STUDIES_MS_T1.md,38,C
mcq_key,835,,835_MASS_MEDIA_STUDIES_MS_T1.md,39,A
mcq_key,835,,835_MASS_MEDIA_STUDIES_MS_T1.md,40,D
mcq_key,835,,835_MASS_MEDIA_STUDIES_MS_T1.md,41,D
mcq_key,835,,835_MASS_MEDIA_STUDIES_MS_T1.md,42,C
mcq_key,835,,835_MASS_MEDIA_STUDIES_MS_T1.md,43,C
answer_text,830,,830_DESIGN_MS_T1.md,12,Ans: a) The tangibility rule 1
answer_text,830,,830_DESIGN_MS_T1.md,13,Ans: b) Roll forming 1
answer_text,830,,830_DESIGN_MS_T1.md,14,Ans: b) Forest industry 1
answer_text,830,,830_DESIGN_MS_T1.md,15,Ans: c) Law of closure 1
answer_text,830,,830_DESIGN_MS_T1.md,16,Ans: c) Birch wood 1
answer_text,830,,830_DESIGN_MS_T1.md,17,"Ans: b) Fiber, yarn, fabric 1"
answer_text,830,,830_DESIGN_MS_T1.md,18,Ans: a) Human psychology and user perception in mind 1
answer_text,830,,830_DESIGN_MS_T1.md,19,"Ans: c) A-iv, B-iii, C-ii, D-i 1"
answer_text,830,,830_DESIGN_MS_T1.md,20,Ans: c) Polyethylene Terephthalate 1
answer_text,830,,830_DESIGN_MS_T1.md,21,Ans: b) Ceramics 1
answer_text,830,,830_DESIGN_MS_T1.md,22,Ans: b) Flax 1
answer_text,830,,830_DESIGN_MS_T1.md,23,Ans: b) Stress required to cause deformation is less than the hot working of metals. 1
answer_text,830,,830_DESIGN_MS_T1.md,24,Ans: a) Observing 1
answer_text,830,,830_DESIGN_MS_T1.md,25,Ans: b) You allow consumers to test a product or service. 1
answer_text,830,,830_DESIGN_MS_T1.md,26,Ans: c) Blow moulding 1
answer_text,830,,830_DESIGN_MS_T1.md,27,Ans: c) Ideate 1
answer_text,830,,830_DESIGN_MS_T1.md,28,Ans: b) Burning test 1
answer_text,830,,830_DESIGN_MS_T1.md,29,Ans: b) Cotton 1
answer_text,830,,830_DESIGN_MS_T1.md,30,Ans: d) Pop-up survey on how to make the experience enjoyable 1
answer_text,830,,830_DESIGN_MS_T1.md,31,Ans: c) Disability while standing 1
answer_text,830,,830_DESIGN_MS_T1.md,32,Ans: a) Empathise 1
answer_text,830,,830_DESIGN_MS_T1.md,33,Ans: a) Statement i and ii are correct 1
mcq_key,816,,816_HORTICULTURE_MS_T1.md,14,A
mcq_key,816,,816_HORTICULTURE_MS_T1.md,15,A
mcq_key,816,,816_HORTICULTURE_MS_T1.md,16,A
mcq_key,816,,816_HORTICULTURE_MS_T1.md,17,C
mcq_key,816,,816_HORTICULTURE_MS_T1.md,18,A
mcq_key,816,,816_HORTICULTURE_MS_T1.md,19,C
mcq_key,816,,816_HORTICULTURE_MS_T1.md,20,A
mcq_key,816,,816_HORTICULTURE_MS_T1.md,21,B
mcq_key,816,,816_HORTICULTURE_MS_T1.md,22,B
mcq_key,816,,816_HORTICULTURE_MS_T1.md,23,D
mcq_key,816,,816_HORTICULTURE_MS_T1.md,24,C
mcq_key,816,,816_HORTICULTURE_MS_T1.md,25,B
mcq_key,816,,816_HORTICULTURE_MS_T1.md,26,B
mcq_key,816,,816_HORTICULTURE_MS_T1.md,27,B
mcq_key,816,,816_HORTICULTURE_MS_T1.md,29,B
mcq_key,816,,816_HORTICULTURE_MS_T1.md,30,C
mcq_key,816,,816_HORTICULTURE_MS_T1.md,31,A
mcq_key,816,,816_HORTICULTURE_MS_T1.md,32,B
mcq_key,816,,816_HORTICULTURE_MS_T1.md,33,C
mcq_key,816,,816_HORTICULTURE_MS_T1.md,34,B
mcq_key,816,,816_HORTICULTURE_MS_T1.md,35,A
mcq_key,816,,816_HORTICULTURE_MS_T1.md,36,A
mcq_key,816,,816_HORTICULTURE_MS_T1.md,37,A
mcq_key,816,,816_HORTICULTURE_MS_T1.md,38,B
answer_text,801,,801_RETAIL_MS_T1.md,1,O O O O 2 O O O O 3 O O O O
answer_text,801,,801_RETAIL_MS_T1.md,4,O O O O 5 O O O O 6 O O O O
answer_text,801,,801_RETAIL_MS_T1.md,7,O O O O 8 O O O O 9 O O O O
answer_text,801,,801_RETAIL_MS_T1.md,10,O O O O 11 O O O O 12 O O O O
answer_text,801,,801_RETAIL_MS_T1.md,13,O O O O 14 O O O O 15 O O O O
answer_text,801,,801_RETAIL_MS_T1.md,16,O O O O 17 O O O O 18 O O O O
answer_text,801,,801_RETAIL_MS_T1.md,19,O O O O 20 O O O O 21 O O O O
answer_text,801,,801_RETAIL_MS_T1.md,22,O O O O 23 O O O O 24 O O O O
answer_text,801,,801_RETAIL_MS_T1.md,25,O O O O 26 O O O O 27 O O O O
answer_text,801,,801_RETAIL_MS_T1.md,28,O O O O 29 O O O O 30 O O O O
answer_text,801,,801_RETAIL_MS_T1.md,32,O O O O 33 O O O O 34 O O O O
answer_text,801,,801_RETAIL_MS_T1.md,35,O O O O 36 O O O O 37 O O O O
mcq_key,831,,831_SALESMANSHIP_MS_T1.md,26,D
mcq_key,831,,831_SALESMANSHIP_MS_T1.md,27,C
mcq_key,831,,831_SALESMANSHIP_MS_T1.md,28,B
mcq_key,831,,831_SALESMANSHIP_MS_T1.md,29,C
mcq_key,831,,831_SALESMANSHIP_MS_T1.md,30,D
mcq_key,831,,831_SALESMANSHIP_MS_T1.md,31,B
mcq_key,831,,831_SALESMANSHIP_MS_T1.md,32,A
mcq_key,831,,831_SALESMANSHIP_MS_T1.md,33,A
mcq_key,831,,831_SALESMANSHIP_MS_T1.md,34,B
mcq_key,831,,831_SALESMANSHIP_MS_T1.md,35,D
mcq_key,831,,831_SALESMANSHIP_MS_T1.md,36,C
mcq_key,831,,831_SALESMANSHIP_MS_T1.md,37,D
mcq_key,831,,831_SALESMANSHIP_MS_T1.md,38,B
answer_text,827,,827_AIR_CON_REFRI_MS_T1.md,13,ANSWER-(b)Below the D.P.T. of air 1
answer_text,827,,827_AIR_CON_REFRI_MS_T1.md,14,ANSWER-(c)Chilling of milk 1
answer_text,827,,827_AIR_CON_REFRI_MS_T1.md,15,ANSWER-(c)Automatic expansion valve 1
answer_text,827,,827_AIR_CON_REFRI_MS_T1.md,16,ANSWER-(c)Ducts 1
answer_text,827,,827_AIR_CON_REFRI_MS_T1.md,17,ANSWER-(d)Natural convection condenser 1
answer_text,827,,827_AIR_CON_REFRI_MS_T1.md,18,ANSWER-(b)Increase the heat transfer rate 1
answer_text,827,,827_AIR_CON_REFRI_MS_T1.md,19,ANSWER-(b)Dry expansion evaporator 1
answer_text,827,,827_AIR_CON_REFRI_MS_T1.md,20,"ANSWER-(d)Air cleaning, Humidification and Dehumidification 1"
answer_text,827,,827_AIR_CON_REFRI_MS_T1.md,21,ANSWER-(c)Plate type natural convection evaporator 1
answer_text,827,,827_AIR_CON_REFRI_MS_T1.md,22,ANSWER-(d)Capillary tube 1
answer_text,827,,827_AIR_CON_REFRI_MS_T1.md,23,ANSWER-(c)Right to left 1
answer_text,827,,827_AIR_CON_REFRI_MS_T1.md,24,ANSWER-(a)Loop perimeter system 1
answer_text,827,,827_AIR_CON_REFRI_MS_T1.md,25,ANSWER-(c)Expansion device 1
answer_text,827,,827_AIR_CON_REFRI_MS_T1.md,26,ANSWER-(b)Stream 1
answer_text,827,,827_AIR_CON_REFRI_MS_T1.md,27,ANSWER-(c)Liquid refrigerant 1
answer_text,827,,827_AIR_CON_REFRI_MS_T1.md,28,ANSWER-(a)Left to right 1
answer_text,827,,827_AIR_CON_REFRI_MS_T1.md,29,"ANSWER-(b)Dirt, Moisture and Foreign particles 1"
answer_text,827,,827_AIR_CON_REFRI_MS_T1.md,30,ANSWER-(b) Thermal conductivity 1
answer_text,827,,827_AIR_CON_REFRI_MS_T1.md,31,ANSWER-(d) D.B.T. of air 1
answer_text,827,,827_AIR_CON_REFRI_MS_T1.md,32,ANSWER-(c) Sensible and latent heat both 1
answer_text,827,,827_AIR_CON_REFRI_MS_T1.md,33,ANSWER-(b) D.B.T. of air 1
answer_text,827,,827_AIR_CON_REFRI_MS_T1.md,34,ANSWER-(c) Radiation 1
answer_text,827,,827_AIR_CON_REFRI_MS_T1.md,35,ANSWER-(d) Specific humidity 1
answer_text,827,,827_AIR_CON_REFRI_MS_T1.md,36,ANSWER-(b) Anemometer 1
answer_text,827,,827_AIR_CON_REFRI_MS_T1.md,37,ANSWER-(d) Fe 1
answer_text,827,,827_AIR_CON_REFRI_MS_T1.md,38,ANSWER-(b) Diameter of the capillary tube 1
mcq_key,817,,817_Typography_Comp_Appl_SQP_MS_T2.md,2,B
mcq_key,817,,817_Typography_Comp_Appl_SQP_MS_T2.md,3,C
mcq_key,822,,822_TAXATION_MS_T1.md,12,B
mcq_key,822,,822_TAXATION_MS_T1.md,13,C
mcq_key,822,,822_TAXATION_MS_T1.md,14,B
mcq_key,822,,822_TAXATION_MS_T1.md,15,D
mcq_key,822,,822_TAXATION_MS_T1.md,16,C
mcq_key,822,,822_TAXATION_MS_T1.md,17,D
mcq_key,822,,822_TAXATION_MS_T1.md,18,A
mcq_key,822,,822_TAXATION_MS_T1.md,19,B
mcq_key,822,,822_TAXATION_MS_T1.md,20,B
mcq_key,822,,822_TAXATION_MS_T1.md,21,A
mcq_key,822,,822_TAXATION_MS_T1.md,22,C
mcq_key,822,,822_TAXATION_MS_T1.md,23,D
mcq_key,822,,822_TAXATION_MS_T1.md,24,C
mcq_key,822,,822_TAXATION_MS_T1.md,25,A
mcq_key,822,,822_TAXATION_MS_T1.md,26,D
mcq_key,822,,822_TAXATION_MS_T1.md,27,D
mcq_key,822,,822_TAXATION_MS_T1.md,28,A
mcq_key,822,,822_TAXATION_MS_T1.md,29,B
mcq_key,822,,822_TAXATION_MS_T1.md,30,D
mcq_key,822,,822_TAXATION_MS_T1.md,31,C
mcq_key,822,,822_TAXATION_MS_T1.md,32,C
mcq_key,822,,822_TAXATION_MS_T1.md,33,B
mcq_key,822,,822_TAXATION_MS_T1.md,34,B
mcq_key,822,,822_TAXATION_MS_T1.md,35,D
mcq_key,822,,822_TAXATION_MS_T1.md,36,C
mcq_key,822,,822_TAXATION_MS_T1.md,37,C
mcq_key,822,,822_TAXATION_MS_T1.md,38,A
mcq_key,821,,821_MEDIA_MS_T1.md,14,A
mcq_key,821,,821_MEDIA_MS_T1.md,15,A
mcq_key,821,,821_MEDIA_MS_T1.md,16,B
mcq_key,821,,821_MEDIA_MS_T1.md,17,B
mcq_key,821,,821_MEDIA_MS_T1.md,18,B
mcq_key,821,,821_MEDIA_MS_T1.md,19,C
mcq_key,821,,821_MEDIA_MS_T1.md,20,A
mcq_key,821,,821_MEDIA_MS_T1.md,21,C
mcq_key,821,,821_MEDIA_MS_T1.md,22,D
mcq_key,821,,821_MEDIA_MS_T1.md,23,C
mcq_key,821,,821_MEDIA_MS_T1.md,24,A
mcq_key,821,,821_MEDIA_MS_T1.md,25,C
mcq_key,821,,821_MEDIA_MS_T1.md,26,A
mcq_key,821,,821_MEDIA_MS_T1.md,27,C
mcq_key,821,,821_MEDIA_MS_T1.md,28,C
mcq_key,821,,821_MEDIA_MS_T1.md,29,B
mcq_key,821,,821_MEDIA_MS_T1.md,30,B
mcq_key,821,,821_MEDIA_MS_T1.md,31,B
mcq_key,821,,821_MEDIA_MS_T1.md,32,C
mcq_key,821,,821_MEDIA_MS_T1.md,33,B
mcq_key,809,,809_FOOD_PRODUCTION_MS_T1.md,26,C
mcq_key,809,,809_FOOD_PRODUCTION_MS_T1.md,27,D
mcq_key,809,,809_FOOD_PRODUCTION_MS_T1.md,28,B
mcq_key,809,,809_FOOD_PRODUCTION_MS_T1.md,29,D
mcq_key,809,,809_FOOD_PRODUCTION_MS_T1.md,30,A
mcq_key,809,,809_FOOD_PRODUCTION_MS_T1.md,31,C
mcq_key,809,,809_FOOD_PRODUCTION_MS_T1.md,32,A
mcq_key,809,,809_FOOD_PRODUCTION_MS_T1.md,33,B
mcq_key,809,,809_FOOD_PRODUCTION_MS_T1.md,34,C
mcq_key,809,,809_FOOD_PRODUCTION_MS_T1.md,35,C
mcq_key,809,,809_FOOD_PRODUCTION_MS_T1.md,36,B
mcq_key,809,,809_FOOD_PRODUCTION_MS_T1.md,37,A
mcq_key,809,,809_FOOD_PRODUCTION_MS_T1.md,38,C
answer_text,807,,807_BEAUTY_WELLNESS_SQP_MS_T1.md,12,Ans (c). Damp cotton wool pads
answer_text,807,,807_BEAUTY_WELLNESS_SQP_MS_T1.md,13,Ans- (b). Cream
answer_text,807,,807_BEAUTY_WELLNESS_SQP_MS_T1.md,14,Ans (a). Warm
answer_text,807,,807_BEAUTY_WELLNESS_SQP_MS_T1.md,15,Ans (c). Vein
answer_text,807,,807_BEAUTY_WELLNESS_SQP_MS_T1.md,16,Ans (c). Tinted
answer_text,807,,807_BEAUTY_WELLNESS_SQP_MS_T1.md,17,Ans –(c). Mascara
answer_text,807,,807_BEAUTY_WELLNESS_SQP_MS_T1.md,18,Ans-(d). Dirt
answer_text,807,,807_BEAUTY_WELLNESS_SQP_MS_T1.md,19,Ans –(d).Secondary
answer_text,807,,807_BEAUTY_WELLNESS_SQP_MS_T1.md,20,Ans- (c). Bindi
answer_text,807,,807_BEAUTY_WELLNESS_SQP_MS_T1.md,21,Ans-(a). Cleansing Milk
answer_text,807,,807_BEAUTY_WELLNESS_SQP_MS_T1.md,22,Ans-(d).The sun
answer_text,807,,807_BEAUTY_WELLNESS_SQP_MS_T1.md,23,Ans- (a). 5.5 to 5.8
answer_text,807,,807_BEAUTY_WELLNESS_SQP_MS_T1.md,24,Ans-(b). Electric current
answer_text,807,,807_BEAUTY_WELLNESS_SQP_MS_T1.md,25,Ans-(c). Facial Steaming
answer_text,807,,807_BEAUTY_WELLNESS_SQP_MS_T1.md,26,Ans- (a). Galvanic
answer_text,807,,807_BEAUTY_WELLNESS_SQP_MS_T1.md,27,Ans-(a).Vascular or hypersensitive Skin
answer_text,807,,807_BEAUTY_WELLNESS_SQP_MS_T1.md,28,Ans- (c). Dead
answer_text,807,,807_BEAUTY_WELLNESS_SQP_MS_T1.md,29,Ans- (a). skin infection
answer_text,807,,807_BEAUTY_WELLNESS_SQP_MS_T1.md,30,Ans- (b). Direct current
answer_text,807,,807_BEAUTY_WELLNESS_SQP_MS_T1.md,31,Ans- (a). Matte Eye Shadow
answer_text,807,,807_BEAUTY_WELLNESS_SQP_MS_T1.md,32,Ans-(d) Analyze the skin
answer_text,807,,807_BEAUTY_WELLNESS_SQP_MS_T1.md,33,Ans. (a) Green color
answer_text,807,,807_BEAUTY_WELLNESS_SQP_MS_T1.md,34,"Ans –(b) Cleansing, toning, moisturizing"
answer_text,807,,807_BEAUTY_WELLNESS_SQP_MS_T1.md,35,Ans – (d) Concealer
answer_text,807,,807_BEAUTY_WELLNESS_SQP_MS_T1.md,36,Ans. (c) Blush-on
answer_text,807,,807_BEAUTY_WELLNESS_SQP_MS_T1.md,37,Ans.(c). Camouflage
answer_text,807,,807_BEAUTY_WELLNESS_SQP_MS_T1.md,38,Ans.(c) Matured skin
mcq_key,811,,811_BANKING_MS_T1.md,12,C
mcq_key,811,,811_BANKING_MS_T1.md,13,A
mcq_key,811,,811_BANKING_MS_T1.md,14,C
mcq_key,811,,811_BANKING_MS_T1.md,16,C
mcq_key,811,,811_BANKING_MS_T1.md,17,B
mcq_key,811,,811_BANKING_MS_T1.md,18,B
mcq_key,811,,811_BANKING_MS_T1.md,19,B
mcq_key,811,,811_BANKING_MS_T1.md,20,A
mcq_key,811,,811_BANKING_MS_T1.md,21,D
mcq_key,811,,811_BANKING_MS_T1.md,22,C
mcq_key,811,,811_BANKING_MS_T1.md,23,D
mcq_key,811,,811_BANKING_MS_T1.md,24,B
mcq_key,811,,811_BANKING_MS_T1.md,26,B
mcq_key,811,,811_BANKING_MS_T1.md,28,A
mcq_key,811,,811_BANKING_MS_T1.md,29,B
mcq_key,811,,811_BANKING_MS_T1.md,30,C
mcq_key,811,,811_BANKING_MS_T1.md,31,D
mcq_key,811,,811_BANKING_MS_T1.md,33,B
mcq_key,811,,811_BANKING_MS_T1.md,34,B
mcq_key,811,,811_BANKING_MS_T1.md,35,C
mcq_key,811,,811_BANKING_MS_T1.md,36,D
mcq_key,811,,811_BANKING_MS_T1.md,37,B
mcq_key,811,,811_BANKING_MS_T1.md,38,A
mcq_key,825,,825_Shorthand_Engish_MS_T1.md,13,A
mcq_key,825,,825_Shorthand_Engish_MS_T1.md,15,A
mcq_key,825,,825_Shorthand_Engish_MS_T1.md,17,A
mcq_key,825,,825_Shorthand_Engish_MS_T1.md,18,B
mcq_key,825,,825_Shorthand_Engish_MS_T1.md,19,A
mcq_key,825,,825_Shorthand_Engish_MS_T1.md,20,A
mcq_key,825,,825_Shorthand_Engish_MS_T1.md,21,C
mcq_key,825,,825_Shorthand_Engish_MS_T1.md,22,B
mcq_key,825,,825_Shorthand_Engish_MS_T1.md,23,A
mcq_key,825,,825_Shorthand_Engish_MS_T1.md,24,A
mcq_key,825,,825_Shorthand_Engish_MS_T1.md,25,A
mcq_key,825,,825_Shorthand_Engish_MS_T1.md,27,B
mcq_key,825,,825_Shorthand_Engish_MS_T1.md,28,D
mcq_key,825,,825_Shorthand_Engish_MS_T1.md,29,C
mcq_key,825,,825_Shorthand_Engish_MS_T1.md,30,B
mcq_key,825,,825_Shorthand_Engish_MS_T1.md,31,D
answer_text,825,,825_Shorthand_Engish_MS_T1.md,12,(c ) Three 1
answer_text,836,,836_LIBRARY_INFORMATION_SCIENCE_MS_T1.md,7,What kind of library helps in informal self-education? 1
answer_text,836,,836_LIBRARY_INFORMATION_SCIENCE_MS_T1.md,8,UNESCO’s Public Library Manifesto was first formulated in the year_____________. 1
answer_text,836,,836_LIBRARY_INFORMATION_SCIENCE_MS_T1.md,9,The library which serves all the members of the society without distinction of 1
answer_text,836,,836_LIBRARY_INFORMATION_SCIENCE_MS_T1.md,10,Virtual library is a library without _____________. 1
answer_text,836,,836_LIBRARY_INFORMATION_SCIENCE_MS_T1.md,11,The arrangement of main entries in the classified catalogue is based on 1
answer_text,836,,836_LIBRARY_INFORMATION_SCIENCE_MS_T1.md,12,"The fourth law of library science states, “Save the ______________of the user.” 1"
answer_text,836,,836_LIBRARY_INFORMATION_SCIENCE_MS_T1.md,13,"The first edition of DDC, entitled “A classification and subject index for 1"
answer_text,836,,836_LIBRARY_INFORMATION_SCIENCE_MS_T1.md,14,According to Colon Classification the main class “J’ is known as _____________. 1
answer_text,836,,836_LIBRARY_INFORMATION_SCIENCE_MS_T1.md,15,The arrangement of books on the library stacks is ____________. 1
answer_text,836,,836_LIBRARY_INFORMATION_SCIENCE_MS_T1.md,16,"According to C.C.C., the main entry has_____________ number of sections. 1"
answer_text,836,,836_LIBRARY_INFORMATION_SCIENCE_MS_T1.md,17,What is the standard size of the catalogue card used in libraries? 1
answer_text,836,,836_LIBRARY_INFORMATION_SCIENCE_MS_T1.md,18,Which section of AACR – II (R) deals with serial publications? 1
answer_text,836,,836_LIBRARY_INFORMATION_SCIENCE_MS_T1.md,19,The processing of book is done by ____________. 1
answer_text,836,,836_LIBRARY_INFORMATION_SCIENCE_MS_T1.md,20,"While shelving, the spines of books are kept ________________. 1"
answer_text,836,,836_LIBRARY_INFORMATION_SCIENCE_MS_T1.md,21,Location of library building is an implication of which law of library science? 1
answer_text,836,,836_LIBRARY_INFORMATION_SCIENCE_MS_T1.md,22,"The classification which arranges knowledge itself, its substances tangible and 1"
answer_text,836,,836_LIBRARY_INFORMATION_SCIENCE_MS_T1.md,23,Melvil Dewey divided the universe of knowledge into _________ main classes. 1
answer_text,836,,836_LIBRARY_INFORMATION_SCIENCE_MS_T1.md,24,"A scheme for classification that is based on some characteristics of the books, 1"
answer_text,836,,836_LIBRARY_INFORMATION_SCIENCE_MS_T1.md,25,The word Classification comes from the ________ word. 1
answer_text,836,,836_LIBRARY_INFORMATION_SCIENCE_MS_T1.md,26,Knowledge is an organized body of ______________. 1
answer_text,836,,836_LIBRARY_INFORMATION_SCIENCE_MS_T1.md,27,"The digital library is a library which select, collect, store, retrieve and 1"
answer_text,836,,836_LIBRARY_INFORMATION_SCIENCE_MS_T1.md,29,APUPA stands for ______________________. 1
answer_text,836,,836_LIBRARY_INFORMATION_SCIENCE_MS_T1.md,30,DDC stands for ______________________. 1
answer_text,836,,836_LIBRARY_INFORMATION_SCIENCE_MS_T1.md,31,PMEST stands for __________________. 1
answer_text,836,,836_LIBRARY_INFORMATION_SCIENCE_MS_T1.md,32,One Library in India procures all the literary output of India through delivery of 1
answer_text,836,,836_LIBRARY_INFORMATION_SCIENCE_MS_T1.md,33,The people of a village are regularly attending the cultural programme organized 1
answer_text,836,,836_LIBRARY_INFORMATION_SCIENCE_MS_T1.md,34,A library has no building. Its collection are available online. Users may access it 1
answer_text,836,,836_LIBRARY_INFORMATION_SCIENCE_MS_T1.md,35,An academic institution has opened its library in the basement. Its surroundings 1
answer_text,836,,836_LIBRARY_INFORMATION_SCIENCE_MS_T1.md,36,The 19th edition and 20th edition of DDC have_____ 1
answer_text,836,,836_LIBRARY_INFORMATION_SCIENCE_MS_T1.md,37,The 19th edition and 20th edition of DDC have_____ 1
answer_text,836,,836_LIBRARY_INFORMATION_SCIENCE_MS_T1.md,38,Dewey and Ranganathan had divided the universe of knowledge into __________ 1
answer_text,836,,836_LIBRARY_INFORMATION_SCIENCE_MS_T1.md,39,The size of standard catalogue card is _____________ 1
answer_text,802,,802_INFORMATION_TECHNOLOGY_MS_T1.md,14,Ans d) network interface card 1
answer_text,802,,802_INFORMATION_TECHNOLOGY_MS_T1.md,15,Ans b) MAC 1
answer_text,802,,802_INFORMATION_TECHNOLOGY_MS_T1.md,16,Ans c) Domain Name Resolution 1
answer_text,802,,802_INFORMATION_TECHNOLOGY_MS_T1.md,17,Ans. c) Hypertext transfer protocol 1
answer_text,802,,802_INFORMATION_TECHNOLOGY_MS_T1.md,18,Ans b) Mesh 1
answer_text,802,,802_INFORMATION_TECHNOLOGY_MS_T1.md,19,Ans b) link layer 1
answer_text,802,,802_INFORMATION_TECHNOLOGY_MS_T1.md,20,Ans. b) Plagiarism 1
answer_text,802,,802_INFORMATION_TECHNOLOGY_MS_T1.md,21,Ans. b) A new page 1
answer_text,802,,802_INFORMATION_TECHNOLOGY_MS_T1.md,22,Ans. b) Cell 1
answer_text,802,,802_INFORMATION_TECHNOLOGY_MS_T1.md,23,Ans. a) Landscape 1
answer_text,802,,802_INFORMATION_TECHNOLOGY_MS_T1.md,24,"Ans b) ii, iv 1"
answer_text,802,,802_INFORMATION_TECHNOLOGY_MS_T1.md,25,Ans d) iii vertical and horizontal lines that you can see in a Calc spreadsheet 1
answer_text,802,,802_INFORMATION_TECHNOLOGY_MS_T1.md,26,Ans. c) transitions 1
answer_text,802,,802_INFORMATION_TECHNOLOGY_MS_T1.md,27,Ans. d) Both can be inserted 1
answer_text,802,,802_INFORMATION_TECHNOLOGY_MS_T1.md,28,Ans b)create a macro 1
answer_text,802,,802_INFORMATION_TECHNOLOGY_MS_T1.md,29,Ans. c) Center 1
answer_text,802,,802_INFORMATION_TECHNOLOGY_MS_T1.md,30,Ans. d) all of the above 1
answer_text,802,,802_INFORMATION_TECHNOLOGY_MS_T1.md,31,Ans d) View -> Handout Page 1
answer_text,802,,802_INFORMATION_TECHNOLOGY_MS_T1.md,32,Ans. d) Phishing 1
answer_text,802,,802_INFORMATION_TECHNOLOGY_MS_T1.md,33,"Ans a) i, ii, iii 1"
answer_text,802,,802_INFORMATION_TECHNOLOGY_MS_T1.md,34,Ans. c) WAN 1
answer_text,802,,802_INFORMATION_TECHNOLOGY_MS_T1.md,35,Ans. c) Change Case 1
answer_text,802,,802_INFORMATION_TECHNOLOGY_MS_T1.md,36,Ans a)Absolute address 1
answer_text,802,,802_INFORMATION_TECHNOLOGY_MS_T1.md,37,Ans c) Slide master 1
answer_text,802,,802_INFORMATION_TECHNOLOGY_MS_T1.md,38,Ans b) File -> Page Preview 1
mcq_key,823,,823_COST_ACCOUNTING_MS_T1.md,13,B
mcq_key,823,,823_COST_ACCOUNTING_MS_T1.md,14,D
mcq_key,823,,823_COST_ACCOUNTING_MS_T1.md,15,B
mcq_key,823,,823_COST_ACCOUNTING_MS_T1.md,16,C
mcq_key,823,,823_COST_ACCOUNTING_MS_T1.md,17,D
mcq_key,823,,823_COST_ACCOUNTING_MS_T1.md,18,C
mcq_key,823,,823_COST_ACCOUNTING_MS_T1.md,19,A
mcq_key,823,,823_COST_ACCOUNTING_MS_T1.md,20,B
mcq_key,823,,823_COST_ACCOUNTING_MS_T1.md,21,B
mcq_key,823,,823_COST_ACCOUNTING_MS_T1.md,22,A
mcq_key,823,,823_COST_ACCOUNTING_MS_T1.md,23,D
mcq_key,823,,823_COST_ACCOUNTING_MS_T1.md,24,B
mcq_key,823,,823_COST_ACCOUNTING_MS_T1.md,25,B
mcq_key,823,,823_COST_ACCOUNTING_MS_T1.md,26,D
mcq_key,823,,823_COST_ACCOUNTING_MS_T1.md,27,B
mcq_key,823,,823_COST_ACCOUNTING_MS_T1.md,28,A
mcq_key,823,,823_COST_ACCOUNTING_MS_T1.md,29,A
mcq_key,823,,823_COST_ACCOUNTING_MS_T1.md,30,C
mcq_key,823,,823_COST_ACCOUNTING_MS_T1.md,31,C
mcq_key,823,,823_COST_ACCOUNTING_MS_T1.md,32,C
mcq_key,823,,823_COST_ACCOUNTING_MS_T1.md,33,A
mcq_key,823,,823_COST_ACCOUNTING_MS_T1.md,34,A
mcq_key,823,,823_COST_ACCOUNTING_MS_T1.md,35,D
mcq_key,823,,823_COST_ACCOUNTING_MS_T1.md,36,A
mcq_key,823,,823_COST_ACCOUNTING_MS_T1.md,37,B
mcq_key,823,,823_COST_ACCOUNTING_MS_T1.md,38,C
answer_text,824,,824_OfficeProc_MS_T1.md,13,Ans. b. Office Manual 1
answer_text,824,,824_OfficeProc_MS_T1.md,14,Ans. c. Possibilities of error 1
answer_text,824,,824_OfficeProc_MS_T1.md,15,Ans. d. Reception 1
answer_text,824,,824_OfficeProc_MS_T1.md,16,Ans. b. Efficiency 1
answer_text,824,,824_OfficeProc_MS_T1.md,17,Ans. d. Centralization 1
answer_text,824,,824_OfficeProc_MS_T1.md,18,Ans. a Lowers the efficiency 1
answer_text,824,,824_OfficeProc_MS_T1.md,19,Ans. b. Internal and external 1
answer_text,824,,824_OfficeProc_MS_T1.md,20,Ans. b. Secrecy 1
answer_text,824,,824_OfficeProc_MS_T1.md,21,Ans. d. Reduces the possibility of fraud 1
answer_text,824,,824_OfficeProc_MS_T1.md,22,Ans. c. Open Office 1
answer_text,824,,824_OfficeProc_MS_T1.md,23,Ans. d. Open 1
answer_text,824,,824_OfficeProc_MS_T1.md,24,Ans. a. Stock Register 1
answer_text,824,,824_OfficeProc_MS_T1.md,25,Ans. c. Bin Card 1
answer_text,824,,824_OfficeProc_MS_T1.md,26,Ans. b. Permanent Stock Register 1
answer_text,824,,824_OfficeProc_MS_T1.md,27,Ans. c. Stock 1
answer_text,824,,824_OfficeProc_MS_T1.md,28,Ans. a. Principles 1
answer_text,824,,824_OfficeProc_MS_T1.md,29,Ans. b. Electronic 1
answer_text,824,,824_OfficeProc_MS_T1.md,30,Ans. c. Systematic 1
answer_text,824,,824_OfficeProc_MS_T1.md,31,Ans. b. Communis 1
answer_text,824,,824_OfficeProc_MS_T1.md,32,Ans. a. e-form 1
answer_text,824,,824_OfficeProc_MS_T1.md,33,Ans. c. Functional organization chart 1
answer_text,824,,824_OfficeProc_MS_T1.md,34,Ans. c. Near reception 1
answer_text,824,,824_OfficeProc_MS_T1.md,35,Ans. c. Private 1
answer_text,824,,824_OfficeProc_MS_T1.md,36,Ans. a. Fixing responsibility 1
answer_text,824,,824_OfficeProc_MS_T1.md,37,Ans. c. Start the purchasing process 1
answer_text,824,,824_OfficeProc_MS_T1.md,38,Ans. b. Informal Communication 1
mcq_key,806,,806_TOURISM_MS_T1.md,13,D
mcq_key,806,,806_TOURISM_MS_T1.md,14,B
mcq_key,806,,806_TOURISM_MS_T1.md,15,A
mcq_key,806,,806_TOURISM_MS_T1.md,16,C
mcq_key,806,,806_TOURISM_MS_T1.md,17,B
mcq_key,806,,806_TOURISM_MS_T1.md,18,C
mcq_key,806,,806_TOURISM_MS_T1.md,19,C
mcq_key,806,,806_TOURISM_MS_T1.md,20,A
mcq_key,806,,806_TOURISM_MS_T1.md,21,D
mcq_key,806,,806_TOURISM_MS_T1.md,22,A
mcq_key,806,,806_TOURISM_MS_T1.md,23,D
mcq_key,806,,806_TOURISM_MS_T1.md,24,C
mcq_key,806,,806_TOURISM_MS_T1.md,25,A
mcq_key,806,,806_TOURISM_MS_T1.md,26,B
mcq_key,806,,806_TOURISM_MS_T1.md,27,D
mcq_key,806,,806_TOURISM_MS_T1.md,28,C
mcq_key,806,,806_TOURISM_MS_T1.md,29,D
mcq_key,806,,806_TOURISM_MS_T1.md,30,C
mcq_key,806,,806_TOURISM_MS_T1.md,31,B
mcq_key,806,,806_TOURISM_MS_T1.md,32,D
mcq_key,806,,806_TOURISM_MS_T1.md,33,B
mcq_key,806,,806_TOURISM_MS_T1.md,34,A
mcq_key,806,,806_TOURISM_MS_T1.md,35,C
mcq_key,806,,806_TOURISM_MS_T1.md,36,A
mcq_key,806,,806_TOURISM_MS_T1.md,37,C
mcq_key,806,,806_TOURISM_MS_T1.md,38,A
mcq_key,812,,812_MARKETING_MS_T1.md,13,B
mcq_key,812,,812_MARKETING_MS_T1.md,14,D
mcq_key,812,,812_MARKETING_MS_T1.md,15,C
mcq_key,812,,812_MARKETING_MS_T1.md,16,D
mcq_key,812,,812_MARKETING_MS_T1.md,17,B
mcq_key,812,,812_MARKETING_MS_T1.md,18,B
mcq_key,812,,812_MARKETING_MS_T1.md,19,B
mcq_key,812,,812_MARKETING_MS_T1.md,20,C
mcq_key,812,,812_MARKETING_MS_T1.md,21,D
mcq_key,812,,812_MARKETING_MS_T1.md,22,C
mcq_key,812,,812_MARKETING_MS_T1.md,23,B
mcq_key,812,,812_MARKETING_MS_T1.md,24,B
mcq_key,812,,812_MARKETING_MS_T1.md,25,D
mcq_key,812,,812_MARKETING_MS_T1.md,26,B
mcq_key,812,,812_MARKETING_MS_T1.md,27,B
mcq_key,812,,812_MARKETING_MS_T1.md,28,A
mcq_key,812,,812_MARKETING_MS_T1.md,29,B
mcq_key,812,,812_MARKETING_MS_T1.md,30,B
mcq_key,812,,812_MARKETING_MS_T1.md,31,D
mcq_key,812,,812_MARKETING_MS_T1.md,32,B
mcq_key,812,,812_MARKETING_MS_T1.md,33,D
mcq_key,812,,812_MARKETING_MS_T1.md,34,C
mcq_key,812,,812_MARKETING_MS_T1.md,35,A
mcq_key,812,,812_MARKETING_MS_T1.md,36,C
mcq_key,812,,812_MARKETING_MS_T1.md,37,A
mcq_key,812,,812_MARKETING_MS_T1.md,38,A
mcq_key,833,,833_BUSINESS_ADMINISTRATION_MS_T2.md,7,A
mcq_key,833,,833_BUSINESS_ADMINISTRATION_MS_T2.md,8,D
mcq_key,833,,833_BUSINESS_ADMINISTRATION_MS_T2.md,9,B
mcq_key,833,,833_BUSINESS_ADMINISTRATION_MS_T2.md,10,C
mcq_key,833,,833_BUSINESS_ADMINISTRATION_MS_T2.md,11,A
mcq_key,833,,833_BUSINESS_ADMINISTRATION_MS_T2.md,12,B
mcq_key,833,,833_BUSINESS_ADMINISTRATION_MS_T2.md,13,C
answer_text,833,,833_BUSINESS_ADMINISTRATION_MS_T2.md,14,Formal communication is the communication in which the information is 2
answer_text,833,,833_BUSINESS_ADMINISTRATION_MS_T2.md,20,There should be clarity in thoughts as well as expression while 3
answer_text,833,,833_BUSINESS_ADMINISTRATION_MS_T2.md,21,Information technology has a pivotal role in an organization’s operations. It 3
answer_text,833,,833_BUSINESS_ADMINISTRATION_MS_T2.md,22,The formation of informal groups is quite helpful for the management. They 3
answer_text,833,,833_BUSINESS_ADMINISTRATION_MS_T2.md,27,A public company has to undergo four stages before commencing the 4
mcq_key,810,,810_FRONT_OFFICE_OPERATIONS_MS_T1.md,26,B
mcq_key,810,,810_FRONT_OFFICE_OPERATIONS_MS_T1.md,27,D
mcq_key,810,,810_FRONT_OFFICE_OPERATIONS_MS_T1.md,28,A
mcq_key,810,,810_FRONT_OFFICE_OPERATIONS_MS_T1.md,29,B
mcq_key,810,,810_FRONT_OFFICE_OPERATIONS_MS_T1.md,30,B
mcq_key,810,,810_FRONT_OFFICE_OPERATIONS_MS_T1.md,31,D
mcq_key,810,,810_FRONT_OFFICE_OPERATIONS_MS_T1.md,32,D
mcq_key,810,,810_FRONT_OFFICE_OPERATIONS_MS_T1.md,33,C
mcq_key,810,,810_FRONT_OFFICE_OPERATIONS_MS_T1.md,34,A
mcq_key,810,,810_FRONT_OFFICE_OPERATIONS_MS_T1.md,35,B
mcq_key,810,,810_FRONT_OFFICE_OPERATIONS_MS_T1.md,36,C
mcq_key,810,,810_FRONT_OFFICE_OPERATIONS_MS_T1.md,37,A
mcq_key,810,,810_FRONT_OFFICE_OPERATIONS_MS_T1.md,38,C
answer_text,837,,837_FASHION_STUDIES_MS_T1.md,14,Answer- b. Shedding
answer_text,837,,837_FASHION_STUDIES_MS_T1.md,15,Answer- c. By adding black to pure hue
answer_text,837,,837_FASHION_STUDIES_MS_T1.md,16,Answer- d. Issey Miyake
answer_text,837,,837_FASHION_STUDIES_MS_T1.md,17,Answer- a. China
answer_text,837,,837_FASHION_STUDIES_MS_T1.md,18,"Answer- a. Conscious, logical"
answer_text,837,,837_FASHION_STUDIES_MS_T1.md,19,Answer- a. Mass Market theory
answer_text,837,,837_FASHION_STUDIES_MS_T1.md,20,Answer- c. High performance fibres
answer_text,837,,837_FASHION_STUDIES_MS_T1.md,21,Answer- d. Point
answer_text,837,,837_FASHION_STUDIES_MS_T1.md,22,Answer- c. Fashion Victims
answer_text,837,,837_FASHION_STUDIES_MS_T1.md,23,Answer- a. horizontal line is passive and relaxed; a vertical line is strong and energetic.
answer_text,837,,837_FASHION_STUDIES_MS_T1.md,24,Answer- c. Violet
answer_text,837,,837_FASHION_STUDIES_MS_T1.md,25,Answer- a. Ritu Kumar
answer_text,837,,837_FASHION_STUDIES_MS_T1.md,26,Answer- a. Jute
answer_text,837,,837_FASHION_STUDIES_MS_T1.md,27,Answer- b. Geometric shapes
answer_text,837,,837_FASHION_STUDIES_MS_T1.md,28,"Answer- a. To test in the market for responses to its visual appeal, practicality and"
answer_text,837,,837_FASHION_STUDIES_MS_T1.md,29,Answer- c. To coordinate between the company and retailer to provide a wider platform for
answer_text,837,,837_FASHION_STUDIES_MS_T1.md,30,Answer- a. Advisory Board
answer_text,837,,837_FASHION_STUDIES_MS_T1.md,31,Answer- c. Recurring fashion
answer_text,837,,837_FASHION_STUDIES_MS_T1.md,32,Answer- a. Silk Gum
answer_text,837,,837_FASHION_STUDIES_MS_T1.md,33,Answer- d. To give silk a smooth handle and bright lustre.
answer_text,837,,837_FASHION_STUDIES_MS_T1.md,34,Answer- a. Silk is easily degraded by alkalis and cannot be washed by normal detergents.
answer_text,837,,837_FASHION_STUDIES_MS_T1.md,35,Answer- a. Mulberry silk
answer_text,837,,837_FASHION_STUDIES_MS_T1.md,36,"Answer- b. raw silk is coarse in handle and lacks lustre, but degummed silk is soft and"
answer_text,837,,837_FASHION_STUDIES_MS_T1.md,37,Answer- b. Bhagalpur
answer_text,837,,837_FASHION_STUDIES_MS_T1.md,38,Answer- a. 700-1200 meters
answer_text,829,,829_TEXTILE_DESIGN_MS_T1.md,13,Answer- b. 1 Hank = 840 yards
answer_text,829,,829_TEXTILE_DESIGN_MS_T1.md,14,Answer- d. cotton like or wool-like fabrics
answer_text,829,,829_TEXTILE_DESIGN_MS_T1.md,15,Answer- a. 1040
answer_text,829,,829_TEXTILE_DESIGN_MS_T1.md,16,Answer- b. to add texture and aesthetic value
answer_text,829,,829_TEXTILE_DESIGN_MS_T1.md,17,Answer- a. Chenille Yarn
answer_text,829,,829_TEXTILE_DESIGN_MS_T1.md,18,Answer- d. Large fibers that resist crushing
answer_text,829,,829_TEXTILE_DESIGN_MS_T1.md,19,Answer- b. right hand direction
answer_text,829,,829_TEXTILE_DESIGN_MS_T1.md,20,Answer- a. Corkscrew Yarn
answer_text,829,,829_TEXTILE_DESIGN_MS_T1.md,21,Answer- b. Oriented and crystalline fibers
answer_text,829,,829_TEXTILE_DESIGN_MS_T1.md,22,Answer- a. Spun yarn
answer_text,829,,829_TEXTILE_DESIGN_MS_T1.md,23,Answer- a. The shape of the orifice through which the fiber is extruded. The shape of
answer_text,829,,829_TEXTILE_DESIGN_MS_T1.md,24,Answer- b.Turns per inch
answer_text,829,,829_TEXTILE_DESIGN_MS_T1.md,25,Answer- a. Roving frame
answer_text,829,,829_TEXTILE_DESIGN_MS_T1.md,26,Answer- c. Spandex
answer_text,829,,829_TEXTILE_DESIGN_MS_T1.md,27,Answer- c. Multi filament yarn
answer_text,829,,829_TEXTILE_DESIGN_MS_T1.md,28,Answer- a. Metric count-Nm
answer_text,829,,829_TEXTILE_DESIGN_MS_T1.md,29,Answer- b. Wet Spinning Process
answer_text,829,,829_TEXTILE_DESIGN_MS_T1.md,30,Answer- a. Hydrophilic fibers absorb moisture readily. Hydrophobic fibers have little or no
answer_text,829,,829_TEXTILE_DESIGN_MS_T1.md,31,Answer- c. 1s -20s
answer_text,829,,829_TEXTILE_DESIGN_MS_T1.md,32,Answer- b. Wool
answer_text,829,,829_TEXTILE_DESIGN_MS_T1.md,33,Answer- a. Because it traps air and has insulating behaviour.
answer_text,829,,829_TEXTILE_DESIGN_MS_T1.md,34,Answer- c. Because it results in progressive shrinkage when subjected to the tumbling
answer_text,829,,829_TEXTILE_DESIGN_MS_T1.md,35,"Answer-a. In apparel, it is used in outer wear for its warmth and durability."
answer_text,829,,829_TEXTILE_DESIGN_MS_T1.md,36,"Answer- c. White, gray, brown and black"
answer_text,829,,829_TEXTILE_DESIGN_MS_T1.md,37,Answer- b. strong yarns can be produced due to long staple fibers
answer_text,829,,829_TEXTILE_DESIGN_MS_T1.md,38,Answer- a. Acrylic
mcq_key,808,,808_AGRICULTURE_MS_T1.md,16,C
mcq_key,808,,808_AGRICULTURE_MS_T1.md,17,B
mcq_key,808,,808_AGRICULTURE_MS_T1.md,18,A
mcq_key,808,,808_AGRICULTURE_MS_T1.md,19,D
mcq_key,808,,808_AGRICULTURE_MS_T1.md,20,A
mcq_key,808,,808_AGRICULTURE_MS_T1.md,21,B
mcq_key,808,,808_AGRICULTURE_MS_T1.md,22,A
mcq_key,808,,808_AGRICULTURE_MS_T1.md,23,A
mcq_key,808,,808_AGRICULTURE_MS_T1.md,24,D
mcq_key,808,,808_AGRICULTURE_MS_T1.md,25,C
mcq_key,808,,808_AGRICULTURE_MS_T1.md,26,B
mcq_key,808,,808_AGRICULTURE_MS_T1.md,27,D
mcq_key,808,,808_AGRICULTURE_MS_T1.md,28,A
mcq_key,808,,808_AGRICULTURE_MS_T1.md,29,B
mcq_key,808,,808_AGRICULTURE_MS_T1.md,30,A
mcq_key,808,,808_AGRICULTURE_MS_T1.md,31,B
mcq_key,808,,808_AGRICULTURE_MS_T1.md,32,D
mcq_key,808,,808_AGRICULTURE_MS_T1.md,33,C
mcq_key,808,,808_AGRICULTURE_MS_T1.md,34,B
mcq_key,808,,808_AGRICULTURE_MS_T1.md,35,C
mcq_key,808,,808_AGRICULTURE_MS_T1.md,36,B
mcq_key,808,,808_AGRICULTURE_MS_T1.md,37,B
mcq_key,808,,808_AGRICULTURE_MS_T1.md,38,C
answer_text,837,,837_FASHION_STUDIES_MS_T2.md,1,Please read the instructions carefully
answer_text,837,,837_FASHION_STUDIES_MS_T2.md,2,"This Question Paper is divided into 03 sections, viz., Section A, Section B and Section C."
answer_text,837,,837_FASHION_STUDIES_MS_T2.md,3,Section A is of 05 marks and has 06 questions on Employability Skills.
answer_text,837,,837_FASHION_STUDIES_MS_T2.md,4,Section B is of 17 marks and has 16 questions on Subject specific Skills.
answer_text,837,,837_FASHION_STUDIES_MS_T2.md,5,Section C is of 08 marks and has 03 competency-based questions.
answer_text,837,,837_FASHION_STUDIES_MS_T2.md,6,Do as per the instructions given in the respective sections.
answer_text,837,,837_FASHION_STUDIES_MS_T2.md,7,Marks allotted are mentioned against each section/question.
answer_text,835,,835_MASS_MEDIA_STUDIES_MS_T1.md,15,D A and C 1
answer_text,835,,835_MASS_MEDIA_STUDIES_MS_T1.md,16,C AVM Studios 1
answer_text,835,,835_MASS_MEDIA_STUDIES_MS_T1.md,17,B Language Barrier 1
answer_text,835,,835_MASS_MEDIA_STUDIES_MS_T1.md,18,D Humlog 1
answer_text,835,,835_MASS_MEDIA_STUDIES_MS_T1.md,19,D All of the above 1
answer_text,835,,835_MASS_MEDIA_STUDIES_MS_T1.md,20,A Johannes Gutenberg 1
answer_text,835,,835_MASS_MEDIA_STUDIES_MS_T1.md,21,C 3 1
answer_text,835,,835_MASS_MEDIA_STUDIES_MS_T1.md,22,C Hyper Text Transfer Protocol 1
answer_text,835,,835_MASS_MEDIA_STUDIES_MS_T1.md,23,A A brief description about photo 1
answer_text,835,,835_MASS_MEDIA_STUDIES_MS_T1.md,24,B Mind Set 1
answer_text,835,,835_MASS_MEDIA_STUDIES_MS_T1.md,25,B Daily 1
answer_text,835,,835_MASS_MEDIA_STUDIES_MS_T1.md,26,C Nukkad Natak 1
answer_text,835,,835_MASS_MEDIA_STUDIES_MS_T1.md,27,D Movie Trailor 1
answer_text,835,,835_MASS_MEDIA_STUDIES_MS_T1.md,28,C To put into scene 1
answer_text,835,,835_MASS_MEDIA_STUDIES_MS_T1.md,29,A video Home Service 1
answer_text,835,,835_MASS_MEDIA_STUDIES_MS_T1.md,30,C Singing 1
answer_text,835,,835_MASS_MEDIA_STUDIES_MS_T1.md,31,B Macro Structure 1
answer_text,835,,835_MASS_MEDIA_STUDIES_MS_T1.md,32,B Market 1
answer_text,835,,835_MASS_MEDIA_STUDIES_MS_T1.md,33,A Warm-up new conversations with small talk. 1
answer_text,835,,835_MASS_MEDIA_STUDIES_MS_T1.md,34,A Video tape in videotape recorder 1
answer_text,835,,835_MASS_MEDIA_STUDIES_MS_T1.md,35,C Shaving kit 1
answer_text,835,,835_MASS_MEDIA_STUDIES_MS_T1.md,36,A Open ended Questions 1
answer_text,835,,835_MASS_MEDIA_STUDIES_MS_T1.md,37,D Whatsapp 1
answer_text,835,,835_MASS_MEDIA_STUDIES_MS_T1.md,38,B Producer 1
answer_text,807,,807_BEAUTY_WELLNESS_MS_T2.md,1,Bruising in or around the area to be treated.
mcq_key,816,,816_HORTICULTURE_MS_T1.md,13,C
mcq_key,816,,816_HORTICULTURE_MS_T1.md,14,B
mcq_key,816,,816_HORTICULTURE_MS_T1.md,15,B
mcq_key,816,,816_HORTICULTURE_MS_T1.md,16,D
mcq_key,816,,816_HORTICULTURE_MS_T1.md,17,A
mcq_key,816,,816_HORTICULTURE_MS_T1.md,18,C
mcq_key,816,,816_HORTICULTURE_MS_T1.md,19,A
mcq_key,816,,816_HORTICULTURE_MS_T1.md,20,D
mcq_key,816,,816_HORTICULTURE_MS_T1.md,21,A
mcq_key,816,,816_HORTICULTURE_MS_T1.md,22,A
mcq_key,816,,816_HORTICULTURE_MS_T1.md,23,C
mcq_key,816,,816_HORTICULTURE_MS_T1.md,24,D
mcq_key,816,,816_HORTICULTURE_MS_T1.md,25,C
mcq_key,816,,816_HORTICULTURE_MS_T1.md,26,B
mcq_key,816,,816_HORTICULTURE_MS_T1.md,27,A
mcq_key,816,,816_HORTICULTURE_MS_T1.md,28,A
mcq_key,816,,816_HORTICULTURE_MS_T1.md,29,C
mcq_key,816,,816_HORTICULTURE_MS_T1.md,30,C
mcq_key,816,,816_HORTICULTURE_MS_T1.md,31,A
mcq_key,816,,816_HORTICULTURE_MS_T1.md,32,D
mcq_key,816,,816_HORTICULTURE_MS_T1.md,33,D
mcq_key,816,,816_HORTICULTURE_MS_T1.md,34,B
mcq_key,816,,816_HORTICULTURE_MS_T1.md,35,D
mcq_key,816,,816_HORTICULTURE_MS_T1.md,38,C
mcq_key,831,,831_SALESMANSHIP_MS_T1.md,25,D
mcq_key,831,,831_SALESMANSHIP_MS_T1.md,26,A
mcq_key,831,,831_SALESMANSHIP_MS_T1.md,27,C
mcq_key,831,,831_SALESMANSHIP_MS_T1.md,28,D
mcq_key,831,,831_SALESMANSHIP_MS_T1.md,29,B
mcq_key,831,,831_SALESMANSHIP_MS_T1.md,30,C
mcq_key,831,,831_SALESMANSHIP_MS_T1.md,31,D
mcq_key,831,,831_SALESMANSHIP_MS_T1.md,32,B
mcq_key,831,,831_SALESMANSHIP_MS_T1.md,33,C
mcq_key,831,,831_SALESMANSHIP_MS_T1.md,34,A
mcq_key,831,,831_SALESMANSHIP_MS_T1.md,35,B
mcq_key,831,,831_SALESMANSHIP_MS_T1.md,36,C
mcq_key,831,,831_SALESMANSHIP_MS_T1.md,37,A
mcq_key,831,,831_SALESMANSHIP_MS_T1.md,38,B
answer_text,827,,827_AIR_CON_REFRI_MS_T1.md,11,Ans. (c) 1
answer_text,827,,827_AIR_CON_REFRI_MS_T1.md,12,Ans. (d) 1
answer_text,827,,827_AIR_CON_REFRI_MS_T1.md,13,Ans. (c) 1
answer_text,827,,827_AIR_CON_REFRI_MS_T1.md,14,Ans. (c) 1
answer_text,827,,827_AIR_CON_REFRI_MS_T1.md,15,Ans. (a) 1
answer_text,827,,827_AIR_CON_REFRI_MS_T1.md,16,Ans. (a) 1
answer_text,827,,827_AIR_CON_REFRI_MS_T1.md,17,Ans. (d) 1
answer_text,827,,827_AIR_CON_REFRI_MS_T1.md,18,Ans. (a) 1
answer_text,827,,827_AIR_CON_REFRI_MS_T1.md,19,Ans. (c) 1
answer_text,827,,827_AIR_CON_REFRI_MS_T1.md,20,Ans. (d) 1
answer_text,827,,827_AIR_CON_REFRI_MS_T1.md,21,Ans. (b) 1
answer_text,827,,827_AIR_CON_REFRI_MS_T1.md,22,Ans. (d) 1
answer_text,827,,827_AIR_CON_REFRI_MS_T1.md,23,Ans. (b) 1
answer_text,827,,827_AIR_CON_REFRI_MS_T1.md,24,Ans. (d) 1
answer_text,827,,827_AIR_CON_REFRI_MS_T1.md,25,Ans. (a) 1
answer_text,827,,827_AIR_CON_REFRI_MS_T1.md,26,Ans. (a) 1
answer_text,827,,827_AIR_CON_REFRI_MS_T1.md,27,Ans. (d) 1
answer_text,827,,827_AIR_CON_REFRI_MS_T1.md,28,Ans. (d) 1
answer_text,827,,827_AIR_CON_REFRI_MS_T1.md,29,Ans. (b) 1
answer_text,827,,827_AIR_CON_REFRI_MS_T1.md,30,Ans. (d) 1
answer_text,827,,827_AIR_CON_REFRI_MS_T1.md,31,Ans. (c) 1
answer_text,827,,827_AIR_CON_REFRI_MS_T1.md,32,Ans. (b) 1
answer_text,827,,827_AIR_CON_REFRI_MS_T1.md,33,Ans. (d) 1
answer_text,827,,827_AIR_CON_REFRI_MS_T1.md,34,Ans. (c) 1
answer_text,827,,827_AIR_CON_REFRI_MS_T1.md,35,Ans. (c) 1
answer_text,827,,827_AIR_CON_REFRI_MS_T1.md,36,Ans. (c) 1
answer_text,827,,827_AIR_CON_REFRI_MS_T1.md,37,Ans. (d) 1
answer_text,827,,827_AIR_CON_REFRI_MS_T1.md,38,Ans. (a) 1
answer_text,804,,804_AUTOMOTIVE_MS_T2.md,1,"Glass jar, fresh hydraulic fluid, flexible plastic pipe of ½ meter length"
answer_text,804,,804_AUTOMOTIVE_MS_T2.md,2,Double ended spanner of size 10mm
answer_text,804,,804_AUTOMOTIVE_MS_T2.md,3,Dry cotton waste.
mcq_key,821,,821_MEDIA_MS_T1.md,14,A
mcq_key,821,,821_MEDIA_MS_T1.md,15,D
mcq_key,821,,821_MEDIA_MS_T1.md,16,C
mcq_key,821,,821_MEDIA_MS_T1.md,17,A
mcq_key,821,,821_MEDIA_MS_T1.md,18,C
mcq_key,821,,821_MEDIA_MS_T1.md,19,B
mcq_key,821,,821_MEDIA_MS_T1.md,20,C
mcq_key,821,,821_MEDIA_MS_T1.md,21,B
mcq_key,821,,821_MEDIA_MS_T1.md,22,B
mcq_key,821,,821_MEDIA_MS_T1.md,23,B
mcq_key,821,,821_MEDIA_MS_T1.md,24,B
mcq_key,821,,821_MEDIA_MS_T1.md,25,B
mcq_key,821,,821_MEDIA_MS_T1.md,26,B
mcq_key,821,,821_MEDIA_MS_T1.md,27,B
mcq_key,821,,821_MEDIA_MS_T1.md,28,A
mcq_key,821,,821_MEDIA_MS_T1.md,29,D
mcq_key,821,,821_MEDIA_MS_T1.md,30,B
mcq_key,821,,821_MEDIA_MS_T1.md,31,B
mcq_key,821,,821_MEDIA_MS_T1.md,32,B
mcq_key,821,,821_MEDIA_MS_T1.md,33,A
mcq_key,809,,809_FOOD_PRODUCTION_MS_T1.md,32,A
mcq_key,809,,809_FOOD_PRODUCTION_MS_T1.md,33,D
mcq_key,809,,809_FOOD_PRODUCTION_MS_T1.md,34,C
mcq_key,809,,809_FOOD_PRODUCTION_MS_T1.md,36,D
mcq_key,809,,809_FOOD_PRODUCTION_MS_T1.md,37,A
mcq_key,809,,809_FOOD_PRODUCTION_MS_T1.md,38,A
mcq_key,406,,406_INTRODUCTION_TOURISM_MS_T1.md,27,A
mcq_key,406,,406_INTRODUCTION_TOURISM_MS_T1.md,28,C
mcq_key,406,,406_INTRODUCTION_TOURISM_MS_T1.md,29,B
mcq_key,406,,406_INTRODUCTION_TOURISM_MS_T1.md,30,A
mcq_key,406,,406_INTRODUCTION_TOURISM_MS_T1.md,31,A
mcq_key,406,,406_INTRODUCTION_TOURISM_MS_T1.md,32,A
mcq_key,406,,406_INTRODUCTION_TOURISM_MS_T1.md,33,D
mcq_key,410,,410_FRONT_OFFICE_OPERATIONS_MS_T1.md,29,B
mcq_key,410,,410_FRONT_OFFICE_OPERATIONS_MS_T1.md,31,A
mcq_key,410,,410_FRONT_OFFICE_OPERATIONS_MS_T1.md,32,C
mcq_key,410,,410_FRONT_OFFICE_OPERATIONS_MS_T1.md,33,D
answer_text,418,,418_PAT_MS_T1.md,27,Ans: (b) Divide the class into smaller groups 1
answer_text,418,,418_PAT_MS_T1.md,28,Ans: (a) 19 1
answer_text,418,,418_PAT_MS_T1.md,29,"Ans: (a) Football, Basketball, Hockey 1"
answer_text,418,,418_PAT_MS_T1.md,30,"Ans: (b) Aim, Props & Equipment selection, Activity, Warm-up, Cool-down 1"
answer_text,418,,418_PAT_MS_T1.md,31,Ans: (b) Heat stroke 1
answer_text,418,,418_PAT_MS_T1.md,32,Ans: (a) Perform CPR immediately 1
answer_text,418,,418_PAT_MS_T1.md,33,"Ans: (c) Other physical activity like dace, aerobics, yoga which are possible in limited 1"
answer_text,416,,416_MULTI_SKILL_FOUNDATION_COURSE_MS_T1.md,10,Ans: (a) Watt
answer_text,416,,416_MULTI_SKILL_FOUNDATION_COURSE_MS_T1.md,11,Ans: (b) T Joint
answer_text,416,,416_MULTI_SKILL_FOUNDATION_COURSE_MS_T1.md,12,Ans: (a) 1 KW
answer_text,416,,416_MULTI_SKILL_FOUNDATION_COURSE_MS_T1.md,13,Ans: (c) Voltage
answer_text,416,,416_MULTI_SKILL_FOUNDATION_COURSE_MS_T1.md,14,Ans: (d) Cable
answer_text,416,,416_MULTI_SKILL_FOUNDATION_COURSE_MS_T1.md,15,Ans: (c) Plier
answer_text,416,,416_MULTI_SKILL_FOUNDATION_COURSE_MS_T1.md,16,Ans: (b) File
answer_text,416,,416_MULTI_SKILL_FOUNDATION_COURSE_MS_T1.md,18,"Ans: (a) Used to hold the job firmly during filing, cutting, chiseling."
answer_text,416,,416_MULTI_SKILL_FOUNDATION_COURSE_MS_T1.md,19,Ans: (b) The process of joining by metals having lower melting point than that of metal sheet.
answer_text,416,,416_MULTI_SKILL_FOUNDATION_COURSE_MS_T1.md,20,Ans: (c) Tri square
answer_text,416,,416_MULTI_SKILL_FOUNDATION_COURSE_MS_T1.md,21,Ans: (b) Metal surface
answer_text,416,,416_MULTI_SKILL_FOUNDATION_COURSE_MS_T1.md,22,Ans: (c) Welding
answer_text,416,,416_MULTI_SKILL_FOUNDATION_COURSE_MS_T1.md,23,Ans: (b) Welding
answer_text,416,,416_MULTI_SKILL_FOUNDATION_COURSE_MS_T1.md,24,Ans: (d) Jack plane
answer_text,416,,416_MULTI_SKILL_FOUNDATION_COURSE_MS_T1.md,25,Ans: (a) Mortar
answer_text,416,,416_MULTI_SKILL_FOUNDATION_COURSE_MS_T1.md,26,Ans: (b) Hand drilling Machine
answer_text,416,,416_MULTI_SKILL_FOUNDATION_COURSE_MS_T1.md,28,Ans: (d) Simple circuit
answer_text,416,,416_MULTI_SKILL_FOUNDATION_COURSE_MS_T1.md,29,Ans: (b) Cement and bricks
answer_text,416,,416_MULTI_SKILL_FOUNDATION_COURSE_MS_T1.md,30,Ans: (b) Spirit level
answer_text,416,,416_MULTI_SKILL_FOUNDATION_COURSE_MS_T1.md,31,Ans: (d) Meter tape
answer_text,416,,416_MULTI_SKILL_FOUNDATION_COURSE_MS_T1.md,32,"Ans: (c) Helmet, safety shoes, hand gloves"
answer_text,416,,416_MULTI_SKILL_FOUNDATION_COURSE_MS_T1.md,33,Ans: (a) Tester
answer_text,414,,414_Apparel_MS_T1.md,16,Answer- b. Narrow ribbon or strip is attached for decorating the fabrics.
answer_text,414,,414_Apparel_MS_T1.md,17,Answer- c. Twill weave
answer_text,414,,414_Apparel_MS_T1.md,18,Answer- b. Scale
answer_text,414,,414_Apparel_MS_T1.md,19,ANSWER- a. Satin
answer_text,414,,414_Apparel_MS_T1.md,20,Answer- c. Khaka
answer_text,414,,414_Apparel_MS_T1.md,21,Answer- b. stains the fabric because of the rusting.
answer_text,414,,414_Apparel_MS_T1.md,22,Answer- a. Pinking shears
answer_text,414,,414_Apparel_MS_T1.md,23,"Answer- a. Natural designs are inspired from nature, like birds, trees etc. and Abstract designs"
answer_text,414,,414_Apparel_MS_T1.md,24,Answer-c. The strands can be separated and recombined in any number to achieve differing
answer_text,414,,414_Apparel_MS_T1.md,25,Answer- a. Aari
answer_text,414,,414_Apparel_MS_T1.md,26,Answer- a. 3-5 inches
answer_text,414,,414_Apparel_MS_T1.md,27,Answer- a. Tapestery needle
answer_text,414,,414_Apparel_MS_T1.md,28,Answer- a. Metallic thread.
answer_text,414,,414_Apparel_MS_T1.md,29,Answer- a. gives the embroidery pattern a totally different look because of changes of colour at
answer_text,414,,414_Apparel_MS_T1.md,30,Answer- a. Chenille needle
answer_text,414,,414_Apparel_MS_T1.md,31,"Answer- a. the higher the number, the finer would be the needle"
answer_text,414,,414_Apparel_MS_T1.md,32,Answer- c. needle threader
answer_text,414,,414_Apparel_MS_T1.md,33,Answer- a. Sharp needle is mainly used as a sewing needle and has a small eye. It may also be
answer_text,417,,417_AI_MS_T1.md,14,Ans : b 1
answer_text,417,,417_AI_MS_T1.md,15,Ans : d 1
answer_text,417,,417_AI_MS_T1.md,16,Ans : a 1
answer_text,417,,417_AI_MS_T1.md,17,Ans : c 1
answer_text,417,,417_AI_MS_T1.md,18,Ans : a 1
answer_text,417,,417_AI_MS_T1.md,19,Ans : d 1
answer_text,417,,417_AI_MS_T1.md,20,Ans : b 1
answer_text,417,,417_AI_MS_T1.md,21,Ans : c 1
answer_text,417,,417_AI_MS_T1.md,22,Ans : d 1
answer_text,417,,417_AI_MS_T1.md,23,Ans : a 1
answer_text,417,,417_AI_MS_T1.md,24,Ans : c 1
answer_text,417,,417_AI_MS_T1.md,25,Ans : b 1
answer_text,417,,417_AI_MS_T1.md,26,Ans : d 1
answer_text,417,,417_AI_MS_T1.md,27,Ans : b 1
answer_text,417,,417_AI_MS_T1.md,28,Ans : c 1
answer_text,417,,417_AI_MS_T1.md,29,Ans : d 1
answer_text,417,,417_AI_MS_T1.md,30,Ans: c 1
answer_text,417,,417_AI_MS_T1.md,31,Ans : d 1
answer_text,417,,417_AI_MS_T1.md,32,Ans : a 1
answer_text,417,,417_AI_MS_T1.md,33,Ans : c 1
answer_text,407,,407_Beauty_wellness_MS_T2.md,1,Do back combing. 2. Apply hair mousse. 3. Use artificial aids. 4. Do crimping.
mcq_key,411,,411_BANKING_INSURANCE_MS_T1.md,14,A
mcq_key,411,,411_BANKING_INSURANCE_MS_T1.md,15,B
mcq_key,411,,411_BANKING_INSURANCE_MS_T1.md,16,A
mcq_key,411,,411_BANKING_INSURANCE_MS_T1.md,17,A
mcq_key,411,,411_BANKING_INSURANCE_MS_T1.md,18,B
mcq_key,411,,411_BANKING_INSURANCE_MS_T1.md,19,A
mcq_key,411,,411_BANKING_INSURANCE_MS_T1.md,20,C
mcq_key,411,,411_BANKING_INSURANCE_MS_T1.md,21,B
mcq_key,411,,411_BANKING_INSURANCE_MS_T1.md,22,A
mcq_key,411,,411_BANKING_INSURANCE_MS_T1.md,23,B
mcq_key,411,,411_BANKING_INSURANCE_MS_T1.md,24,A
mcq_key,411,,411_BANKING_INSURANCE_MS_T1.md,25,A
mcq_key,411,,411_BANKING_INSURANCE_MS_T1.md,26,A
mcq_key,411,,411_BANKING_INSURANCE_MS_T1.md,27,C
mcq_key,411,,411_BANKING_INSURANCE_MS_T1.md,28,B
mcq_key,411,,411_BANKING_INSURANCE_MS_T1.md,29,D
mcq_key,411,,411_BANKING_INSURANCE_MS_T1.md,30,B
mcq_key,411,,411_BANKING_INSURANCE_MS_T1.md,31,C
mcq_key,411,,411_BANKING_INSURANCE_MS_T1.md,32,C
mcq_key,411,,411_BANKING_INSURANCE_MS_T1.md,33,D
mcq_key,415,,415_MEDIA_MS_T1.md,14,A
mcq_key,415,,415_MEDIA_MS_T1.md,15,C
mcq_key,415,,415_MEDIA_MS_T1.md,16,A
mcq_key,415,,415_MEDIA_MS_T1.md,17,B
mcq_key,415,,415_MEDIA_MS_T1.md,18,B
mcq_key,415,,415_MEDIA_MS_T1.md,19,C
mcq_key,415,,415_MEDIA_MS_T1.md,20,A
mcq_key,415,,415_MEDIA_MS_T1.md,21,A
mcq_key,415,,415_MEDIA_MS_T1.md,22,A
mcq_key,415,,415_MEDIA_MS_T1.md,23,D
mcq_key,415,,415_MEDIA_MS_T1.md,24,C
mcq_key,415,,415_MEDIA_MS_T1.md,25,D
mcq_key,415,,415_MEDIA_MS_T1.md,26,B
mcq_key,415,,415_MEDIA_MS_T1.md,27,B
mcq_key,415,,415_MEDIA_MS_T1.md,28,B
mcq_key,415,,415_MEDIA_MS_T1.md,29,C
mcq_key,415,,415_MEDIA_MS_T1.md,30,C
mcq_key,415,,415_MEDIA_MS_T1.md,31,A
mcq_key,415,,415_MEDIA_MS_T1.md,32,C
mcq_key,415,,415_MEDIA_MS_T1.md,33,C
mcq_key,408,,408_AGRICULTURE_MS_T1.md,13,D
mcq_key,408,,408_AGRICULTURE_MS_T1.md,14,B
mcq_key,408,,408_AGRICULTURE_MS_T1.md,15,B
mcq_key,408,,408_AGRICULTURE_MS_T1.md,16,B
mcq_key,408,,408_AGRICULTURE_MS_T1.md,17,B
mcq_key,408,,408_AGRICULTURE_MS_T1.md,18,D
mcq_key,408,,408_AGRICULTURE_MS_T1.md,19,D
mcq_key,408,,408_AGRICULTURE_MS_T1.md,20,A
mcq_key,408,,408_AGRICULTURE_MS_T1.md,22,B
mcq_key,408,,408_AGRICULTURE_MS_T1.md,23,A
mcq_key,408,,408_AGRICULTURE_MS_T1.md,24,C
mcq_key,408,,408_AGRICULTURE_MS_T1.md,25,A
mcq_key,408,,408_AGRICULTURE_MS_T1.md,26,B
mcq_key,408,,408_AGRICULTURE_MS_T1.md,27,C
mcq_key,408,,408_AGRICULTURE_MS_T1.md,28,A
mcq_key,408,,408_AGRICULTURE_MS_T1.md,29,B
mcq_key,408,,408_AGRICULTURE_MS_T1.md,30,A
mcq_key,408,,408_AGRICULTURE_MS_T1.md,31,A
mcq_key,408,,408_AGRICULTURE_MS_T1.md,32,A
mcq_key,408,,408_AGRICULTURE_MS_T1.md,33,C
answer_text,408,,408_AGRICULTURE_MS_T1.md,21,C)Dormancy 1
mcq_key,409,,409_FOOD_PRODUCTION_MS_T1.md,16,A
mcq_key,409,,409_FOOD_PRODUCTION_MS_T1.md,17,C
mcq_key,409,,409_FOOD_PRODUCTION_MS_T1.md,18,D
mcq_key,409,,409_FOOD_PRODUCTION_MS_T1.md,19,B
mcq_key,409,,409_FOOD_PRODUCTION_MS_T1.md,20,A
mcq_key,409,,409_FOOD_PRODUCTION_MS_T1.md,21,C
mcq_key,409,,409_FOOD_PRODUCTION_MS_T1.md,22,B
mcq_key,409,,409_FOOD_PRODUCTION_MS_T1.md,23,A
mcq_key,409,,409_FOOD_PRODUCTION_MS_T1.md,24,C
mcq_key,409,,409_FOOD_PRODUCTION_MS_T1.md,25,C
mcq_key,409,,409_FOOD_PRODUCTION_MS_T1.md,26,B
mcq_key,409,,409_FOOD_PRODUCTION_MS_T1.md,27,C
mcq_key,409,,409_FOOD_PRODUCTION_MS_T1.md,28,C
mcq_key,409,,409_FOOD_PRODUCTION_MS_T1.md,29,D
mcq_key,409,,409_FOOD_PRODUCTION_MS_T1.md,30,C
mcq_key,409,,409_FOOD_PRODUCTION_MS_T1.md,31,B
mcq_key,409,,409_FOOD_PRODUCTION_MS_T1.md,32,D
mcq_key,409,,409_FOOD_PRODUCTION_MS_T1.md,33,B
answer_text,402,,402_Information_Tech_MS_T1.md,20,Ans. c. Portrait 1
answer_text,402,,402_Information_Tech_MS_T1.md,21,Ans. a. table 1
answer_text,402,,402_Information_Tech_MS_T1.md,22,Ans. b. Double Click 1
answer_text,402,,402_Information_Tech_MS_T1.md,23,Ans. a. web-enabled services 1
answer_text,402,,402_Information_Tech_MS_T1.md,24,Ans. a. Guide 1
answer_text,402,,402_Information_Tech_MS_T1.md,25,Ans. b. 60-65 1
answer_text,402,,402_Information_Tech_MS_T1.md,26,Ans. c. Statistics Window 1
answer_text,402,,402_Information_Tech_MS_T1.md,27,Ans. a. Superscript 1
answer_text,402,,402_Information_Tech_MS_T1.md,28,Ans. c. Landscape 1
answer_text,402,,402_Information_Tech_MS_T1.md,29,Ans. c. Ctrl+B 1
answer_text,402,,402_Information_Tech_MS_T1.md,30,Ans. a. ECG 1
answer_text,402,,402_Information_Tech_MS_T1.md,31,Ans. b. Backspace 1
answer_text,402,,402_Information_Tech_MS_T1.md,32,Ans. c. Find and Replace 1
answer_text,402,,402_Information_Tech_MS_T1.md,33,Ans. c. Num lock 1
mcq_key,406,,406_INTRODUCTION_TOURISM_MS_T1.md,14,B
mcq_key,406,,406_INTRODUCTION_TOURISM_MS_T1.md,15,D
mcq_key,406,,406_INTRODUCTION_TOURISM_MS_T1.md,16,A
mcq_key,406,,406_INTRODUCTION_TOURISM_MS_T1.md,17,C
mcq_key,406,,406_INTRODUCTION_TOURISM_MS_T1.md,18,D
mcq_key,406,,406_INTRODUCTION_TOURISM_MS_T1.md,19,A
mcq_key,406,,406_INTRODUCTION_TOURISM_MS_T1.md,20,B
mcq_key,406,,406_INTRODUCTION_TOURISM_MS_T1.md,21,B
mcq_key,406,,406_INTRODUCTION_TOURISM_MS_T1.md,22,D
mcq_key,406,,406_INTRODUCTION_TOURISM_MS_T1.md,23,A
mcq_key,406,,406_INTRODUCTION_TOURISM_MS_T1.md,24,C
mcq_key,406,,406_INTRODUCTION_TOURISM_MS_T1.md,25,A
mcq_key,406,,406_INTRODUCTION_TOURISM_MS_T1.md,26,D
mcq_key,406,,406_INTRODUCTION_TOURISM_MS_T1.md,27,D
mcq_key,406,,406_INTRODUCTION_TOURISM_MS_T1.md,28,B
mcq_key,406,,406_INTRODUCTION_TOURISM_MS_T1.md,29,B
mcq_key,406,,406_INTRODUCTION_TOURISM_MS_T1.md,30,C
mcq_key,406,,406_INTRODUCTION_TOURISM_MS_T1.md,31,C
mcq_key,406,,406_INTRODUCTION_TOURISM_MS_T1.md,32,D
mcq_key,406,,406_INTRODUCTION_TOURISM_MS_T1.md,33,C
mcq_key,410,,410_FRONT_OFFICE_OPERATIONS_MS_T1.md,27,D
mcq_key,410,,410_FRONT_OFFICE_OPERATIONS_MS_T1.md,29,B
mcq_key,410,,410_FRONT_OFFICE_OPERATIONS_MS_T1.md,32,C
mcq_key,410,,410_FRONT_OFFICE_OPERATIONS_MS_T1.md,33,B
mcq_key,409,,409_FOOD_PRODUCTION_MS_T2.md,19,A
mcq_key,409,,409_FOOD_PRODUCTION_MS_T2.md,20,A
answer_text,418,,418_PAT_MS_T1.md,15,Ans. (d) Co-ordination 1
answer_text,418,,418_PAT_MS_T1.md,16,Ans. (b) Assessment improves learning quality and evaluation judges learning level 1
answer_text,418,,418_PAT_MS_T1.md,17,Ans. (a) Relative amounts of body fat compared to lean tissue 1
answer_text,418,,418_PAT_MS_T1.md,18,Ans. (b) Toss the ball 1
answer_text,418,,418_PAT_MS_T1.md,19,Ans. (c) 3-8 Years 1
answer_text,418,,418_PAT_MS_T1.md,20,Ans. (c) Jumping and Landing on one leg 1
answer_text,418,,418_PAT_MS_T1.md,21,Ans. (b) Parent-Teacher Meeting 1
answer_text,418,,418_PAT_MS_T1.md,22,Ans. (d) Fitness and Recreational program 1
answer_text,418,,418_PAT_MS_T1.md,23,Ans. (b) Balance 1
answer_text,418,,418_PAT_MS_T1.md,24,Ans. (c) Two way conversation 1
answer_text,418,,418_PAT_MS_T1.md,25,Ans. (d) Assembly 1
answer_text,418,,418_PAT_MS_T1.md,26,Ans. (b) Summative Evaluation 1
answer_text,418,,418_PAT_MS_T1.md,27,Ans. (b) Good 1
answer_text,418,,418_PAT_MS_T1.md,28,"Ans. (a) Action, Balance, Co-ordination 1"
answer_text,418,,418_PAT_MS_T1.md,29,Ans. (d) 1
answer_text,418,,418_PAT_MS_T1.md,30,Ans. (a) 17.31 1
answer_text,418,,418_PAT_MS_T1.md,31,Ans. (b) Balance 1
answer_text,418,,418_PAT_MS_T1.md,32,"Ans. (a) Plan, Implement, Assessment, Report 1"
answer_text,418,,418_PAT_MS_T1.md,33,Ans. (b) Healthy 1
answer_text,403,,403_SECURITY_MS_T1.md,22,Answer: (D) Army Medical Corps 1
answer_text,403,,403_SECURITY_MS_T1.md,23,Answer: (B) Economic 1
answer_text,403,,403_SECURITY_MS_T1.md,24,Answer: (A) Rafale 1
answer_text,403,,403_SECURITY_MS_T1.md,25,"Answer: (C) Shaurya, Dridata, Karm Nishtha 1"
answer_text,403,,403_SECURITY_MS_T1.md,26,Answer: (B) 2005 1
answer_text,403,,403_SECURITY_MS_T1.md,27,Answer: (A) Organise evacuation of population away from the shore to a safe high 1
answer_text,403,,403_SECURITY_MS_T1.md,28,Answer: (C) Shout “Fire-Fire-Fire” and use an appropriate fire extinguisher 1
answer_text,403,,403_SECURITY_MS_T1.md,29,Answer: (A) Cost of the vehicle 1
answer_text,403,,403_SECURITY_MS_T1.md,30,Answer: (C) Ask the female security guards of the hotel to detain the female employee. 1
answer_text,403,,403_SECURITY_MS_T1.md,31,Answer: (A) I will nab the criminal and hand him over to the police 1
answer_text,403,,403_SECURITY_MS_T1.md,32,"Answer: (C) I will plan a layered security for the mill, making it difficult for the thieves to 1"
answer_text,403,,403_SECURITY_MS_T1.md,33,Answer: (A) I will take last night’s incident and accident report to know more about the 1
answer_text,416,,416_MULTI_SKILL_FOUNDATION_COURSE_MS_T1.md,12,Ans: (b) Seiri –Sort
answer_text,416,,416_MULTI_SKILL_FOUNDATION_COURSE_MS_T1.md,13,Ans: (c) Plastering
answer_text,416,,416_MULTI_SKILL_FOUNDATION_COURSE_MS_T1.md,14,Ans: (a) Threading
answer_text,416,,416_MULTI_SKILL_FOUNDATION_COURSE_MS_T1.md,15,Ans: (c) X – Ray Test
answer_text,416,,416_MULTI_SKILL_FOUNDATION_COURSE_MS_T1.md,16,Ans: (b) Orthographic
answer_text,416,,416_MULTI_SKILL_FOUNDATION_COURSE_MS_T1.md,17,Ans: (d) Three
answer_text,416,,416_MULTI_SKILL_FOUNDATION_COURSE_MS_T1.md,18,Ans: (a) Cutting
answer_text,416,,416_MULTI_SKILL_FOUNDATION_COURSE_MS_T1.md,19,Ans: (a) Semiconductor
answer_text,416,,416_MULTI_SKILL_FOUNDATION_COURSE_MS_T1.md,20,Ans: (c) Inverter
answer_text,416,,416_MULTI_SKILL_FOUNDATION_COURSE_MS_T1.md,21,Ans: (a) Stroke
answer_text,416,,416_MULTI_SKILL_FOUNDATION_COURSE_MS_T1.md,22,Ans: (b) Joules
answer_text,416,,416_MULTI_SKILL_FOUNDATION_COURSE_MS_T1.md,23,Ans: (c) Universal motor
answer_text,416,,416_MULTI_SKILL_FOUNDATION_COURSE_MS_T1.md,24,Ans: (a) Capacitor
answer_text,416,,416_MULTI_SKILL_FOUNDATION_COURSE_MS_T1.md,25,Ans: (a) Solar panels
answer_text,416,,416_MULTI_SKILL_FOUNDATION_COURSE_MS_T1.md,26,"Ans: (d) methane, nitrogen"
answer_text,416,,416_MULTI_SKILL_FOUNDATION_COURSE_MS_T1.md,27,Ans: (b) Painting
answer_text,416,,416_MULTI_SKILL_FOUNDATION_COURSE_MS_T1.md,28,Ans: (b) Photovoltaic cell
answer_text,416,,416_MULTI_SKILL_FOUNDATION_COURSE_MS_T1.md,29,Ans: (c) Welding machine is used for welding operations.
answer_text,416,,416_MULTI_SKILL_FOUNDATION_COURSE_MS_T1.md,30,Ans: (a) Need to complete the circuit
answer_text,416,,416_MULTI_SKILL_FOUNDATION_COURSE_MS_T1.md,31,Ans: (a) He didn't wear the safety goggles.
answer_text,416,,416_MULTI_SKILL_FOUNDATION_COURSE_MS_T1.md,32,"Ans: (d) Safety apron, Safety goggle, Hand screen"
answer_text,416,,416_MULTI_SKILL_FOUNDATION_COURSE_MS_T1.md,33,Ans: (b) Renewable
answer_text,401,,401_RETAIL_MS_T1.md,1,O O O O 2 O O O O 3 O O O O
answer_text,401,,401_RETAIL_MS_T1.md,4,O O O O 5 O O O O 6 O O O O
answer_text,401,,401_RETAIL_MS_T1.md,7,O O O O 8 O O O O 9 O O O O
answer_text,401,,401_RETAIL_MS_T1.md,10,O O O O 11 O O O O 12 O O O O
answer_text,401,,401_RETAIL_MS_T1.md,13,O O O O 14 O O O O 15 O O O O
answer_text,401,,401_RETAIL_MS_T1.md,16,O O O O 17 O O O O 18 O O O O
answer_text,401,,401_RETAIL_MS_T1.md,19,O O O O 20 O O O O 21 O O O O
answer_text,401,,401_RETAIL_MS_T1.md,22,O O O O 23 O O O O 24 O O O O
answer_text,401,,401_RETAIL_MS_T1.md,25,O O O O 26 O O O O
answer_text,401,,401_RETAIL_MS_T1.md,27,O O O O 28 O O O O 29 O O O O
answer_text,401,,401_RETAIL_MS_T1.md,30,O O O O 31 O O O O 32 O O O O
answer_text,405,,405_Introduction_Financial_Markets_MS_T1.md,1,O O O 2 O O O 3 O O O
answer_text,405,,405_Introduction_Financial_Markets_MS_T1.md,4,O O O 5 O O O 6 O O O
answer_text,405,,405_Introduction_Financial_Markets_MS_T1.md,10,O O O 11 O O O 12 O O O
answer_text,405,,405_Introduction_Financial_Markets_MS_T1.md,13,O O O 14 O O O 15 O O O
answer_text,405,,405_Introduction_Financial_Markets_MS_T1.md,19,O O O 20 O O O 21 O O O
answer_text,405,,405_Introduction_Financial_Markets_MS_T1.md,22,O O O 23 O O O 24 O O O
answer_text,405,,405_Introduction_Financial_Markets_MS_T1.md,25,O O O 26 O O O
answer_text,405,,405_Introduction_Financial_Markets_MS_T1.md,27,O O O 28 O O O 29 O O O
answer_text,405,,405_Introduction_Financial_Markets_MS_T1.md,30,O O O 31 O O O 32 O O O
answer_text,405,,405_Introduction_Financial_Markets_MS_T1.md,33,O O O
answer_text,407,,407_Beauty_wellness_MS_T1.md,15,Ans. a) Keratinocytes
answer_text,407,,407_Beauty_wellness_MS_T1.md,17,Ans. a) 24 to 30 inches
answer_text,407,,407_Beauty_wellness_MS_T1.md,18,Ans. (b) Golden
answer_text,407,,407_Beauty_wellness_MS_T1.md,19,Ans. (a) 18.6%
answer_text,407,,407_Beauty_wellness_MS_T1.md,20,Ans. a) Epidermis
answer_text,407,,407_Beauty_wellness_MS_T1.md,21,Ans. (b) Keratinocytes
answer_text,407,,407_Beauty_wellness_MS_T1.md,22,Ans. (b) Shaving
answer_text,407,,407_Beauty_wellness_MS_T1.md,23,Ans. a) Epidermis
answer_text,407,,407_Beauty_wellness_MS_T1.md,24,Ans. (c) Physiology
answer_text,407,,407_Beauty_wellness_MS_T1.md,25,"Ans. d) Normal skin ,Dry skin , Oily skin & Combination skin"
answer_text,407,,407_Beauty_wellness_MS_T1.md,26,Ans. c) Toner
answer_text,407,,407_Beauty_wellness_MS_T1.md,27,Ans. (iv) Analyze the skin condition
answer_text,407,,407_Beauty_wellness_MS_T1.md,28,Ans. (ii) 24 hours
answer_text,407,,407_Beauty_wellness_MS_T1.md,29,Ans. (i) Redness
answer_text,407,,407_Beauty_wellness_MS_T1.md,30,Ans. (ii) On behind the ear
answer_text,407,,407_Beauty_wellness_MS_T1.md,31,Ans. (i) Clean
answer_text,407,,407_Beauty_wellness_MS_T1.md,32,Ans. (iii) Politely
answer_text,407,,407_Beauty_wellness_MS_T1.md,33,Ans. I. Statement is True
answer_text,414,,414_Apparel_MS_T1.md,1,Please read the instructions carefully
answer_text,414,,414_Apparel_MS_T1.md,2,"This Question Paper is divided into 03 sections, viz., Section A, Section B and Section C."
answer_text,414,,414_Apparel_MS_T1.md,3,Section A is of 05 marks and has 06 questions on Employability Skills.
answer_text,414,,414_Apparel_MS_T1.md,4,Section B is of 15 marks and has 20 questions on Subject specific Skills.
answer_text,414,,414_Apparel_MS_T1.md,5,Section C is of 05 marks and has 07 competency-based questions.
answer_text,414,,414_Apparel_MS_T1.md,6,Do as per the instructions given in the respective sections.
answer_text,414,,414_Apparel_MS_T1.md,7,Marks allotted are mentioned against each section/question.
answer_text,414,,414_Apparel_MS_T1.md,8,All questions must be attempted in the correct order
answer_text,414,,414_Apparel_MS_T1.md,11,It is a fabric cut-out attached to the surface of a larger piece of fabric. 1
answer_text,414,,414_Apparel_MS_T1.md,12,How will you end the stitch on the backside of the fabric after embroidery is done? 1
answer_text,414,,414_Apparel_MS_T1.md,13,Which two embroidery stitches are commonly used to attach the appliqués? 1
answer_text,414,,414_Apparel_MS_T1.md,15,How does satin stitch look like on both the sides of fabric? 1
answer_text,414,,414_Apparel_MS_T1.md,16,"Based on the Prang colour theory, colours can be arranged in the particular form 1"
answer_text,414,,414_Apparel_MS_T1.md,24,Richa wants to create tertiary colour Red-violet. Which two primary colours will be 1
answer_text,414,,414_Apparel_MS_T1.md,25,A __________ is an element of design which is defined by its closed contours or 1
answer_text,414,,414_Apparel_MS_T1.md,26,Choose the stitch used to attach mirrors in embroidery. 1
answer_text,414,,414_Apparel_MS_T1.md,28,It is the recurrence of design elements often with specific intervals between them 1
answer_text,414,,414_Apparel_MS_T1.md,30,Large black bow was attached on red gown that caught the viewer’s attention. 1
answer_text,414,,414_Apparel_MS_T1.md,31,"It is the feeling of unity created when all parts (sizes, amounts, or number) relate 1"
answer_text,414,,414_Apparel_MS_T1.md,32,When several smaller forms in a design counterbalance a dominant form on the 1
answer_text,414,,414_Apparel_MS_T1.md,33,This effect is often achieved by increasing or decreasing occurrence of design 1
answer_text,417,,417_AI_MS_T1.md,14,Ans : d 1
answer_text,417,,417_AI_MS_T1.md,15,Ans : c 1
answer_text,417,,417_AI_MS_T1.md,16,Ans : b 1
answer_text,417,,417_AI_MS_T1.md,17,Ans : a 1
answer_text,417,,417_AI_MS_T1.md,18,Ans : b 1
answer_text,417,,417_AI_MS_T1.md,19,Ans : d 1
answer_text,417,,417_AI_MS_T1.md,20,Ans : c 1
answer_text,417,,417_AI_MS_T1.md,21,Ans : b 1
answer_text,417,,417_AI_MS_T1.md,22,Ans : a 1
answer_text,417,,417_AI_MS_T1.md,23,Ans : d 1
answer_text,417,,417_AI_MS_T1.md,24,Ans : a 1
answer_text,417,,417_AI_MS_T1.md,25,Ans : b 1
answer_text,417,,417_AI_MS_T1.md,26,Ans : b 1
answer_text,417,,417_AI_MS_T1.md,27,Ans : c 1
answer_text,417,,417_AI_MS_T1.md,28,Ans : d 1
answer_text,417,,417_AI_MS_T1.md,29,Ans : b 1
answer_text,417,,417_AI_MS_T1.md,30,Ans: d 1
answer_text,417,,417_AI_MS_T1.md,31,Ans : b 1
answer_text,417,,417_AI_MS_T1.md,32,Ans : c 1
answer_text,417,,417_AI_MS_T1.md,33,Ans : c 1
answer_text,403,,403_SECURITY_MS_T2.md,6,There are three major problems related to sustainable development (1 mark each)
answer_text,403,,403_SECURITY_MS_T2.md,7,(1/2 mark each)
answer_text,403,,403_SECURITY_MS_T2.md,8,(1/2 mark each)
answer_text,403,,403_SECURITY_MS_T2.md,9,(1/2 mark each)
answer_text,403,,403_SECURITY_MS_T2.md,10,(1/2 mark each)
answer_text,403,,403_SECURITY_MS_T2.md,11,Bowline (1 mark)
answer_text,403,,403_SECURITY_MS_T2.md,12,Private Security Agencies (Regulation) Act (1 mark)
answer_text,403,,403_SECURITY_MS_T2.md,13,(1/2 mark each)
answer_text,403,,403_SECURITY_MS_T2.md,19,(1/2 mark each)
answer_text,403,,403_SECURITY_MS_T2.md,20,(1 mark each)
answer_text,403,,403_SECURITY_MS_T2.md,21,(1/2 mark each)
mcq_key,411,,411_BANKING_INSURANCE_MS_T1.md,13,B
mcq_key,411,,411_BANKING_INSURANCE_MS_T1.md,14,B
mcq_key,411,,411_BANKING_INSURANCE_MS_T1.md,15,A
mcq_key,411,,411_BANKING_INSURANCE_MS_T1.md,16,B
mcq_key,411,,411_BANKING_INSURANCE_MS_T1.md,17,A
mcq_key,411,,411_BANKING_INSURANCE_MS_T1.md,18,C
mcq_key,411,,411_BANKING_INSURANCE_MS_T1.md,19,D
mcq_key,411,,411_BANKING_INSURANCE_MS_T1.md,20,C
mcq_key,411,,411_BANKING_INSURANCE_MS_T1.md,21,D
mcq_key,411,,411_BANKING_INSURANCE_MS_T1.md,22,A
mcq_key,411,,411_BANKING_INSURANCE_MS_T1.md,23,C
mcq_key,411,,411_BANKING_INSURANCE_MS_T1.md,24,A
mcq_key,411,,411_BANKING_INSURANCE_MS_T1.md,25,C
mcq_key,411,,411_BANKING_INSURANCE_MS_T1.md,26,C
mcq_key,411,,411_BANKING_INSURANCE_MS_T1.md,27,B
mcq_key,411,,411_BANKING_INSURANCE_MS_T1.md,28,A
mcq_key,411,,411_BANKING_INSURANCE_MS_T1.md,29,C
mcq_key,411,,411_BANKING_INSURANCE_MS_T1.md,30,B
mcq_key,411,,411_BANKING_INSURANCE_MS_T1.md,31,D
mcq_key,411,,411_BANKING_INSURANCE_MS_T1.md,32,C
mcq_key,411,,411_BANKING_INSURANCE_MS_T1.md,33,B
mcq_key,415,,415_MEDIA_MS_T1.md,14,C
mcq_key,415,,415_MEDIA_MS_T1.md,15,B
mcq_key,415,,415_MEDIA_MS_T1.md,16,B
mcq_key,415,,415_MEDIA_MS_T1.md,17,A
mcq_key,415,,415_MEDIA_MS_T1.md,18,B
mcq_key,415,,415_MEDIA_MS_T1.md,19,B
mcq_key,415,,415_MEDIA_MS_T1.md,20,A
mcq_key,415,,415_MEDIA_MS_T1.md,21,A
mcq_key,415,,415_MEDIA_MS_T1.md,22,B
mcq_key,415,,415_MEDIA_MS_T1.md,23,C
mcq_key,415,,415_MEDIA_MS_T1.md,24,D
mcq_key,415,,415_MEDIA_MS_T1.md,25,A
mcq_key,415,,415_MEDIA_MS_T1.md,26,A
mcq_key,415,,415_MEDIA_MS_T1.md,27,C
mcq_key,415,,415_MEDIA_MS_T1.md,28,C
mcq_key,415,,415_MEDIA_MS_T1.md,29,B
mcq_key,415,,415_MEDIA_MS_T1.md,30,B
mcq_key,415,,415_MEDIA_MS_T1.md,31,C
mcq_key,415,,415_MEDIA_MS_T1.md,32,A
mcq_key,415,,415_MEDIA_MS_T1.md,33,C
mcq_key,408,,408_AGRICULTURE_MS_T1.md,16,D
mcq_key,408,,408_AGRICULTURE_MS_T1.md,17,B
mcq_key,408,,408_AGRICULTURE_MS_T1.md,18,D
mcq_key,408,,408_AGRICULTURE_MS_T1.md,19,B
mcq_key,408,,408_AGRICULTURE_MS_T1.md,20,A
mcq_key,408,,408_AGRICULTURE_MS_T1.md,21,C
mcq_key,408,,408_AGRICULTURE_MS_T1.md,22,A
mcq_key,408,,408_AGRICULTURE_MS_T1.md,23,C
mcq_key,408,,408_AGRICULTURE_MS_T1.md,24,B
mcq_key,408,,408_AGRICULTURE_MS_T1.md,25,B
mcq_key,408,,408_AGRICULTURE_MS_T1.md,26,D
mcq_key,408,,408_AGRICULTURE_MS_T1.md,27,B
mcq_key,408,,408_AGRICULTURE_MS_T1.md,28,C
mcq_key,408,,408_AGRICULTURE_MS_T1.md,29,D
mcq_key,408,,408_AGRICULTURE_MS_T1.md,30,B
mcq_key,408,,408_AGRICULTURE_MS_T1.md,31,D
mcq_key,408,,408_AGRICULTURE_MS_T1.md,32,C
mcq_key,408,,408_AGRICULTURE_MS_T1.md,33,A
mcq_key,409,,409_FOOD_PRODUCTION_MS_T1.md,1,B
mcq_key,409,,409_FOOD_PRODUCTION_MS_T1.md,2,C
mcq_key,409,,409_FOOD_PRODUCTION_MS_T1.md,3,D
mcq_key,409,,409_FOOD_PRODUCTION_MS_T1.md,4,A
mcq_key,409,,409_FOOD_PRODUCTION_MS_T1.md,5,C
mcq_key,409,,409_FOOD_PRODUCTION_MS_T1.md,6,B
mcq_key,409,,409_FOOD_PRODUCTION_MS_T1.md,7,C
mcq_key,409,,409_FOOD_PRODUCTION_MS_T1.md,8,D
mcq_key,409,,409_FOOD_PRODUCTION_MS_T1.md,9,B
mcq_key,409,,409_FOOD_PRODUCTION_MS_T1.md,10,B
mcq_key,409,,409_FOOD_PRODUCTION_MS_T1.md,11,A
mcq_key,409,,409_FOOD_PRODUCTION_MS_T1.md,12,D
mcq_key,409,,409_FOOD_PRODUCTION_MS_T1.md,13,B
mcq_key,409,,409_FOOD_PRODUCTION_MS_T1.md,14,C
mcq_key,409,,409_FOOD_PRODUCTION_MS_T1.md,15,A
mcq_key,409,,409_FOOD_PRODUCTION_MS_T1.md,16,B
mcq_key,409,,409_FOOD_PRODUCTION_MS_T1.md,17,A
mcq_key,409,,409_FOOD_PRODUCTION_MS_T1.md,18,C
mcq_key,409,,409_FOOD_PRODUCTION_MS_T1.md,19,C
mcq_key,409,,409_FOOD_PRODUCTION_MS_T1.md,20,B
mcq_key,409,,409_FOOD_PRODUCTION_MS_T1.md,21,A
mcq_key,409,,409_FOOD_PRODUCTION_MS_T1.md,22,C
mcq_key,409,,409_FOOD_PRODUCTION_MS_T1.md,23,A
mcq_key,409,,409_FOOD_PRODUCTION_MS_T1.md,24,C
mcq_key,409,,409_FOOD_PRODUCTION_MS_T1.md,25,A
mcq_key,409,,409_FOOD_PRODUCTION_MS_T1.md,26,C
mcq_key,409,,409_FOOD_PRODUCTION_MS_T1.md,27,B
mcq_key,409,,409_FOOD_PRODUCTION_MS_T1.md,28,D
mcq_key,409,,409_FOOD_PRODUCTION_MS_T1.md,29,C
mcq_key,409,,409_FOOD_PRODUCTION_MS_T1.md,30,B
mcq_key,409,,409_FOOD_PRODUCTION_MS_T1.md,31,A
mcq_key,409,,409_FOOD_PRODUCTION_MS_T1.md,32,B
mcq_key,409,,409_FOOD_PRODUCTION_MS_T1.md,33,C
answer_text,402,,402_Information_Tech_MS_T1.md,18,Ans. c. Solver 1
answer_text,402,,402_Information_Tech_MS_T1.md,19,Ans. b. Consolidating 1
answer_text,402,,402_Information_Tech_MS_T1.md,20,"Ans. c. absolute, relative 1"
answer_text,402,,402_Information_Tech_MS_T1.md,21,Ans. b. Back-ends 1
answer_text,402,,402_Information_Tech_MS_T1.md,22,"Ans. b. Columns, Rows 1"
answer_text,402,,402_Information_Tech_MS_T1.md,23,Ans. a. Cell Style 1
answer_text,402,,402_Information_Tech_MS_T1.md,24,Ans. b. Bottom 1
answer_text,402,,402_Information_Tech_MS_T1.md,25,Ans. c. B2:F15 1
answer_text,402,,402_Information_Tech_MS_T1.md,26,Ans. a. Arrangement 1
answer_text,402,,402_Information_Tech_MS_T1.md,27,Ans. a. Mail Merge 1
answer_text,402,,402_Information_Tech_MS_T1.md,28,Ans. a. Styles 1
answer_text,402,,402_Information_Tech_MS_T1.md,29,Ans. c. Crop 1
answer_text,402,,402_Information_Tech_MS_T1.md,30,Ans. d. Using Macros 1
answer_text,402,,402_Information_Tech_MS_T1.md,31,Ans. d. Track Changes 1
answer_text,402,,402_Information_Tech_MS_T1.md,32,Ans. c. Either Relational or Flat File 1
answer_text,402,,402_Information_Tech_MS_T1.md,33,Ans : b. 3 1
answer_text,822,,822_TAXATION_MS.md,9,Spreadsheet programs have become very NCERT 3 14 2
answer_text,822,,822_TAXATION_MS.md,10,Following are the Entrepreneurial NCERT 4 44-45 2
answer_text,822,,822_TAXATION_MS.md,15,SOLUTION: CBSE 3 88 2
answer_text,822,,822_TAXATION_MS.md,16,Solution: CBSE 4 100 2
answer_text,822,,822_TAXATION_MS.md,17,Solution: CBSE 2 48-49 3
answer_text,822,,822_TAXATION_MS.md,20,Individuals and Hindu Undivided family CBSE 1 4-5 4
answer_text,822,,822_TAXATION_MS.md,22,An individual is liable to pay tax in respect CBSE 2 36-37 4
answer_text,822,,822_TAXATION_MS.md,24,Solution: CBSE 4 103-104 4
answer_text,802,,802_INFORMATION_TECHNOLOGY_MS.md,1,Please read the instructions carefully.
answer_text,802,,802_INFORMATION_TECHNOLOGY_MS.md,2,This Question Paper consists of 24 questions in two sections – Section A & Section B.
answer_text,802,,802_INFORMATION_TECHNOLOGY_MS.md,3,Section A has Objective type questions whereas Section B contains Subjective type
answer_text,802,,802_INFORMATION_TECHNOLOGY_MS.md,4,"Out of the given (6 + 18 =) 24 questions, a candidate has to answer (6 + 11 =) 17"
answer_text,802,,802_INFORMATION_TECHNOLOGY_MS.md,5,All questions of a particular section must be attempted in the correct order.
answer_text,802,,802_INFORMATION_TECHNOLOGY_MS.md,6,SECTION A - OBJECTIVE TYPE QUESTIONS (30 MARKS):
answer_text,802,,802_INFORMATION_TECHNOLOGY_MS.md,7,SECTION B – SUBJECTIVE TYPE QUESTIONS (30 MARKS):
answer_text,824,,824_OfficeProc_MS.md,1,Equal Distribution of Work
answer_text,824,,824_OfficeProc_MS.md,2,No Duplication of Work
answer_text,824,,824_OfficeProc_MS.md,4,Specialization
answer_text,824,,824_OfficeProc_MS.md,3,Loss of Secrecy
answer_text,807,,807_BEAUTY_WELLNESS_MS.md,1,Swachh Cooperative
answer_text,818,,818_GEOSPATIAL_TECHNOLOGY_MS.md,5,"Maps are used for navigating,"
answer_text,829,,829_TEXTILE_DESIGN_MS.md,4,Q. 19 a) Spinning is the process of converting Textile Science 2 27 4
answer_text,417,,417_AI_MS.md,2,Cutting down of forests for personal use
answer_text,830,,830_DESIGN_MS.md,5,(Explain any two)
answer_text,828,,828_MEDICAL_DIAGNOSITCS_MS.md,2,Answer any 3 out of the given 5 questions in 50– 80 words each (4 x 3 = 12 marks)
answer_text,822,,822_TAXATION_MS.md,9,Spreadsheet programs have become very NCERT 3 14 2
answer_text,822,,822_TAXATION_MS.md,10,Following are the Entrepreneurial NCERT 4 44-45 2
answer_text,822,,822_TAXATION_MS.md,15,SOLUTION: CBSE 3 88 2
answer_text,822,,822_TAXATION_MS.md,16,Solution: CBSE 4 100 2
answer_text,822,,822_TAXATION_MS.md,17,Solution: CBSE 2 48-49 3
answer_text,822,,822_TAXATION_MS.md,20,Individuals and Hindu Undivided family CBSE 1 4-5 4
answer_text,822,,822_TAXATION_MS.md,22,An individual is liable to pay tax in respect CBSE 2 36-37 4
answer_text,822,,822_TAXATION_MS.md,24,Solution: CBSE 4 103-104 4
answer_text,807,,807_BEAUTY_WELLNESS_MS.md,1,Swachh Cooperative
answer_text,818,,818_GEOSPATIAL_TECHNOLOGY_MS.md,5,"Maps are used for navigating,"
answer_text,822,,822_TAXATION_MS.md,9,How to insert a shape into a NCERT 3 128 2
answer_text,822,,822_TAXATION_MS.md,10,What is a Business Idea? NCERT 4 156 2
answer_text,822,,822_TAXATION_MS.md,11,What is National Green Tribunal NCERT 5 179 2
answer_text,822,,822_TAXATION_MS.md,21,What are the provisions regarding CBSE 1 32 4
answer_text,822,,822_TAXATION_MS.md,24,Briefly explain the different type CBSE 4 160-161 4
answer_text,822,,822_TAXATION_MS.md,1,Dividends: Dividends are
answer_text,822,,822_TAXATION_MS.md,2,Income by way of interest
answer_text,829,,829_TEXTILE_DESIGN_MS.md,4,Q. 19 a) Spinning is the process of converting Textile Science 2 27 4
answer_text,417,,417_AI_MS.md,2,Cutting down of forests for personal use
mcq_key,822,,822_TAXATION_MS.md,2,A
answer_text,811,,811_BANKING_MS.md,4,Exchange unusable
answer_text,822,,822_TAXATION_MS.md,7,Being assertive is a healthier NCERT 1 22-23 2
answer_text,822,,822_TAXATION_MS.md,14,"Ans. As per section 10(2A), share of profit CBSE 2 31 2"
answer_text,822,,822_TAXATION_MS.md,15,An employee is termed as Specified CBSE 3 57 2
answer_text,822,,822_TAXATION_MS.md,16,Ans. Expenses incurred prior to CBSE 4 134 2
answer_text,822,,822_TAXATION_MS.md,17,Following persons are considered as CBSE 2 7 3
answer_text,822,,822_TAXATION_MS.md,21,"As per section 10(10)(ii), exemption in CBSE 1 34 4"
answer_text,822,,822_TAXATION_MS.md,22,Solution: CBSE 2 169-170 4
answer_text,822,,822_TAXATION_MS.md,24,"Yes, Accountant is right. Prize money CBSE 4 160-161 4"
